data,ano,mes,dia,dia_semana,semana_iso,flag_feriado_nacional,flag_campanha,intensidade_max,evento_principal,ev_Black_Friday,ev_Black_November_Esquenta,ev_Carnaval,ev_Confraternizacao_Universal,ev_Consciencia_Negra,ev_Copa_do_Mundo,ev_Corpus_Christi,ev_Cyber_Monday,ev_Dia_das_Criancas,ev_Dia_das_Maes,ev_Dia_do_Cliente,ev_Dia_do_Trabalho,ev_Dia_dos_Namorados,ev_Dia_dos_Pais,ev_Festas_Juninas,ev_Finados,ev_Independencia,ev_Liquida_Inicio_Ano,ev_N_Sra_Aparecida,ev_Natal,ev_Natal_Feriado,ev_Pascoa,ev_Pos_Natal_Saldao,ev_Proclamacao_da_Republica,ev_Semana_do_Consumidor,ev_Sexta_feira_Santa,ev_Tiradentes,ev_Volta_as_Aulas
2022-01-01,2022,1,1,sabado,52,1,0,1,Confraternizacao_Universal,0,0,0,1,0,0,0,0,0,0,0,0,0,0,0,0,0,0,0,0,0,0,0,0,0,0,0,0
2022-01-02,2022,1,2,domingo,52,0,1,3,Liquida_Inicio_Ano,0,0,0,0,0,0,0,0,0,0,0,0,0,0,0,0,0,1,0,0,0,0,0,0,0,0,0,0
2022-01-03,2022,1,3,segunda,1,0,1,3,Liquida_Inicio_Ano,0,0,0,0,0,0,0,0,0,0,0,0,0,0,0,0,0,1,0,0,0,0,0,0,0,0,0,0
2022-01-04,2022,1,4,terca,1,0,1,3,Liquida_Inicio_Ano,0,0,0,0,0,0,0,0,0,0,0,0,0,0,0,0,0,1,0,0,0,0,0,0,0,0,0,0
2022-01-05,2022,1,5,quarta,1,0,1,3,Liquida_Inicio_Ano,0,0,0,0,0,0,0,0,0,0,0,0,0,0,0,0,0,1,0,0,0,0,0,0,0,0,0,1
2022-01-06,2022,1,6,quinta,1,0,1,3,Liquida_Inicio_Ano,0,0,0,0,0,0,0,0,0,0,0,0,0,0,0,0,0,1,0,0,0,0,0,0,0,0,0,1
2022-01-07,2022,1,7,sexta,1,0,1,3,Liquida_Inicio_Ano,0,0,0,0,0,0,0,0,0,0,0,0,0,0,0,0,0,1,0,0,0,0,0,0,0,0,0,1
2022-01-08,2022,1,8,sabado,1,0,1,3,Liquida_Inicio_Ano,0,0,0,0,0,0,0,0,0,0,0,0,0,0,0,0,0,1,0,0,0,0,0,0,0,0,0,1
2022-01-09,2022,1,9,domingo,1,0,1,3,Liquida_Inicio_Ano,0,0,0,0,0,0,0,0,0,0,0,0,0,0,0,0,0,1,0,0,0,0,0,0,0,0,0,1
2022-01-10,2022,1,10,segunda,2,0,1,3,Liquida_Inicio_Ano,0,0,0,0,0,0,0,0,0,0,0,0,0,0,0,0,0,1,0,0,0,0,0,0,0,0,0,1
2022-01-11,2022,1,11,terca,2,0,1,3,Liquida_Inicio_Ano,0,0,0,0,0,0,0,0,0,0,0,0,0,0,0,0,0,1,0,0,0,0,0,0,0,0,0,1
2022-01-12,2022,1,12,quarta,2,0,1,3,Liquida_Inicio_Ano,0,0,0,0,0,0,0,0,0,0,0,0,0,0,0,0,0,1,0,0,0,0,0,0,0,0,0,1
2022-01-13,2022,1,13,quinta,2,0,1,3,Liquida_Inicio_Ano,0,0,0,0,0,0,0,0,0,0,0,0,0,0,0,0,0,1,0,0,0,0,0,0,0,0,0,1
2022-01-14,2022,1,14,sexta,2,0,1,3,Liquida_Inicio_Ano,0,0,0,0,0,0,0,0,0,0,0,0,0,0,0,0,0,1,0,0,0,0,0,0,0,0,0,1
2022-01-15,2022,1,15,sabado,2,0,1,3,Liquida_Inicio_Ano,0,0,0,0,0,0,0,0,0,0,0,0,0,0,0,0,0,1,0,0,0,0,0,0,0,0,0,1
2022-01-16,2022,1,16,domingo,2,0,1,3,Liquida_Inicio_Ano,0,0,0,0,0,0,0,0,0,0,0,0,0,0,0,0,0,1,0,0,0,0,0,0,0,0,0,1
2022-01-17,2022,1,17,segunda,3,0,1,3,Liquida_Inicio_Ano,0,0,0,0,0,0,0,0,0,0,0,0,0,0,0,0,0,1,0,0,0,0,0,0,0,0,0,1
2022-01-18,2022,1,18,terca,3,0,1,3,Volta_as_Aulas,0,0,0,0,0,0,0,0,0,0,0,0,0,0,0,0,0,1,0,0,0,0,0,0,0,0,0,1
2022-01-19,2022,1,19,quarta,3,0,1,3,Volta_as_Aulas,0,0,0,0,0,0,0,0,0,0,0,0,0,0,0,0,0,1,0,0,0,0,0,0,0,0,0,1
2022-01-20,2022,1,20,quinta,3,0,1,3,Volta_as_Aulas,0,0,0,0,0,0,0,0,0,0,0,0,0,0,0,0,0,1,0,0,0,0,0,0,0,0,0,1
2022-01-21,2022,1,21,sexta,3,0,1,3,Volta_as_Aulas,0,0,0,0,0,0,0,0,0,0,0,0,0,0,0,0,0,1,0,0,0,0,0,0,0,0,0,1
2022-01-22,2022,1,22,sabado,3,0,1,3,Volta_as_Aulas,0,0,0,0,0,0,0,0,0,0,0,0,0,0,0,0,0,1,0,0,0,0,0,0,0,0,0,1
2022-01-23,2022,1,23,domingo,3,0,1,3,Volta_as_Aulas,0,0,0,0,0,0,0,0,0,0,0,0,0,0,0,0,0,1,0,0,0,0,0,0,0,0,0,1
2022-01-24,2022,1,24,segunda,4,0,1,3,Volta_as_Aulas,0,0,0,0,0,0,0,0,0,0,0,0,0,0,0,0,0,1,0,0,0,0,0,0,0,0,0,1
2022-01-25,2022,1,25,terca,4,0,1,3,Volta_as_Aulas,0,0,0,0,0,0,0,0,0,0,0,0,0,0,0,0,0,1,0,0,0,0,0,0,0,0,0,1
2022-01-26,2022,1,26,quarta,4,0,1,3,Volta_as_Aulas,0,0,0,0,0,0,0,0,0,0,0,0,0,0,0,0,0,1,0,0,0,0,0,0,0,0,0,1
2022-01-27,2022,1,27,quinta,4,0,1,3,Volta_as_Aulas,0,0,0,0,0,0,0,0,0,0,0,0,0,0,0,0,0,1,0,0,0,0,0,0,0,0,0,1
2022-01-28,2022,1,28,sexta,4,0,1,3,Volta_as_Aulas,0,0,0,0,0,0,0,0,0,0,0,0,0,0,0,0,0,1,0,0,0,0,0,0,0,0,0,1
2022-01-29,2022,1,29,sabado,4,0,1,3,Volta_as_Aulas,0,0,0,0,0,0,0,0,0,0,0,0,0,0,0,0,0,1,0,0,0,0,0,0,0,0,0,1
2022-01-30,2022,1,30,domingo,4,0,1,3,Volta_as_Aulas,0,0,0,0,0,0,0,0,0,0,0,0,0,0,0,0,0,1,0,0,0,0,0,0,0,0,0,1
2022-01-31,2022,1,31,segunda,5,0,1,3,Volta_as_Aulas,0,0,0,0,0,0,0,0,0,0,0,0,0,0,0,0,0,1,0,0,0,0,0,0,0,0,0,1
2022-02-01,2022,2,1,terca,5,0,1,3,Volta_as_Aulas,0,0,0,0,0,0,0,0,0,0,0,0,0,0,0,0,0,0,0,0,0,0,0,0,0,0,0,1
2022-02-02,2022,2,2,quarta,5,0,1,3,Volta_as_Aulas,0,0,0,0,0,0,0,0,0,0,0,0,0,0,0,0,0,0,0,0,0,0,0,0,0,0,0,1
2022-02-03,2022,2,3,quinta,5,0,1,3,Volta_as_Aulas,0,0,0,0,0,0,0,0,0,0,0,0,0,0,0,0,0,0,0,0,0,0,0,0,0,0,0,1
2022-02-04,2022,2,4,sexta,5,0,1,3,Volta_as_Aulas,0,0,0,0,0,0,0,0,0,0,0,0,0,0,0,0,0,0,0,0,0,0,0,0,0,0,0,1
2022-02-05,2022,2,5,sabado,5,0,1,3,Volta_as_Aulas,0,0,0,0,0,0,0,0,0,0,0,0,0,0,0,0,0,0,0,0,0,0,0,0,0,0,0,1
2022-02-06,2022,2,6,domingo,5,0,1,3,Volta_as_Aulas,0,0,0,0,0,0,0,0,0,0,0,0,0,0,0,0,0,0,0,0,0,0,0,0,0,0,0,1
2022-02-07,2022,2,7,segunda,6,0,1,3,Volta_as_Aulas,0,0,0,0,0,0,0,0,0,0,0,0,0,0,0,0,0,0,0,0,0,0,0,0,0,0,0,1
2022-02-08,2022,2,8,terca,6,0,1,3,Volta_as_Aulas,0,0,0,0,0,0,0,0,0,0,0,0,0,0,0,0,0,0,0,0,0,0,0,0,0,0,0,1
2022-02-09,2022,2,9,quarta,6,0,1,3,Volta_as_Aulas,0,0,0,0,0,0,0,0,0,0,0,0,0,0,0,0,0,0,0,0,0,0,0,0,0,0,0,1
2022-02-10,2022,2,10,quinta,6,0,1,3,Volta_as_Aulas,0,0,0,0,0,0,0,0,0,0,0,0,0,0,0,0,0,0,0,0,0,0,0,0,0,0,0,1
2022-02-11,2022,2,11,sexta,6,0,1,3,Volta_as_Aulas,0,0,0,0,0,0,0,0,0,0,0,0,0,0,0,0,0,0,0,0,0,0,0,0,0,0,0,1
2022-02-12,2022,2,12,sabado,6,0,1,3,Volta_as_Aulas,0,0,0,0,0,0,0,0,0,0,0,0,0,0,0,0,0,0,0,0,0,0,0,0,0,0,0,1
2022-02-13,2022,2,13,domingo,6,0,1,3,Volta_as_Aulas,0,0,0,0,0,0,0,0,0,0,0,0,0,0,0,0,0,0,0,0,0,0,0,0,0,0,0,1
2022-02-14,2022,2,14,segunda,7,0,1,3,Volta_as_Aulas,0,0,0,0,0,0,0,0,0,0,0,0,0,0,0,0,0,0,0,0,0,0,0,0,0,0,0,1
2022-02-15,2022,2,15,terca,7,0,1,3,Volta_as_Aulas,0,0,0,0,0,0,0,0,0,0,0,0,0,0,0,0,0,0,0,0,0,0,0,0,0,0,0,1
2022-02-16,2022,2,16,quarta,7,0,0,0,Sem_Evento,0,0,0,0,0,0,0,0,0,0,0,0,0,0,0,0,0,0,0,0,0,0,0,0,0,0,0,0
2022-02-17,2022,2,17,quinta,7,0,0,0,Sem_Evento,0,0,0,0,0,0,0,0,0,0,0,0,0,0,0,0,0,0,0,0,0,0,0,0,0,0,0,0
2022-02-18,2022,2,18,sexta,7,0,0,0,Sem_Evento,0,0,0,0,0,0,0,0,0,0,0,0,0,0,0,0,0,0,0,0,0,0,0,0,0,0,0,0
2022-02-19,2022,2,19,sabado,7,0,0,0,Sem_Evento,0,0,0,0,0,0,0,0,0,0,0,0,0,0,0,0,0,0,0,0,0,0,0,0,0,0,0,0
2022-02-20,2022,2,20,domingo,7,0,0,0,Sem_Evento,0,0,0,0,0,0,0,0,0,0,0,0,0,0,0,0,0,0,0,0,0,0,0,0,0,0,0,0
2022-02-21,2022,2,21,segunda,8,0,0,0,Sem_Evento,0,0,0,0,0,0,0,0,0,0,0,0,0,0,0,0,0,0,0,0,0,0,0,0,0,0,0,0
2022-02-22,2022,2,22,terca,8,0,0,0,Sem_Evento,0,0,0,0,0,0,0,0,0,0,0,0,0,0,0,0,0,0,0,0,0,0,0,0,0,0,0,0
2022-02-23,2022,2,23,quarta,8,0,0,0,Sem_Evento,0,0,0,0,0,0,0,0,0,0,0,0,0,0,0,0,0,0,0,0,0,0,0,0,0,0,0,0
2022-02-24,2022,2,24,quinta,8,0,0,2,Carnaval,0,0,1,0,0,0,0,0,0,0,0,0,0,0,0,0,0,0,0,0,0,0,0,0,0,0,0,0
2022-02-25,2022,2,25,sexta,8,0,0,2,Carnaval,0,0,1,0,0,0,0,0,0,0,0,0,0,0,0,0,0,0,0,0,0,0,0,0,0,0,0,0
2022-02-26,2022,2,26,sabado,8,0,0,2,Carnaval,0,0,1,0,0,0,0,0,0,0,0,0,0,0,0,0,0,0,0,0,0,0,0,0,0,0,0,0
2022-02-27,2022,2,27,domingo,8,0,0,2,Carnaval,0,0,1,0,0,0,0,0,0,0,0,0,0,0,0,0,0,0,0,0,0,0,0,0,0,0,0,0
2022-02-28,2022,2,28,segunda,9,0,0,2,Carnaval,0,0,1,0,0,0,0,0,0,0,0,0,0,0,0,0,0,0,0,0,0,0,0,0,0,0,0,0
2022-03-01,2022,3,1,terca,9,0,0,2,Carnaval,0,0,1,0,0,0,0,0,0,0,0,0,0,0,0,0,0,0,0,0,0,0,0,0,0,0,0,0
2022-03-02,2022,3,2,quarta,9,0,0,2,Carnaval,0,0,1,0,0,0,0,0,0,0,0,0,0,0,0,0,0,0,0,0,0,0,0,0,0,0,0,0
2022-03-03,2022,3,3,quinta,9,0,0,0,Sem_Evento,0,0,0,0,0,0,0,0,0,0,0,0,0,0,0,0,0,0,0,0,0,0,0,0,0,0,0,0
2022-03-04,2022,3,4,sexta,9,0,0,0,Sem_Evento,0,0,0,0,0,0,0,0,0,0,0,0,0,0,0,0,0,0,0,0,0,0,0,0,0,0,0,0
2022-03-05,2022,3,5,sabado,9,0,0,0,Sem_Evento,0,0,0,0,0,0,0,0,0,0,0,0,0,0,0,0,0,0,0,0,0,0,0,0,0,0,0,0
2022-03-06,2022,3,6,domingo,9,0,0,0,Sem_Evento,0,0,0,0,0,0,0,0,0,0,0,0,0,0,0,0,0,0,0,0,0,0,0,0,0,0,0,0
2022-03-07,2022,3,7,segunda,10,0,0,0,Sem_Evento,0,0,0,0,0,0,0,0,0,0,0,0,0,0,0,0,0,0,0,0,0,0,0,0,0,0,0,0
2022-03-08,2022,3,8,terca,10,0,0,0,Sem_Evento,0,0,0,0,0,0,0,0,0,0,0,0,0,0,0,0,0,0,0,0,0,0,0,0,0,0,0,0
2022-03-09,2022,3,9,quarta,10,0,1,4,Semana_do_Consumidor,0,0,0,0,0,0,0,0,0,0,0,0,0,0,0,0,0,0,0,0,0,0,0,0,1,0,0,0
2022-03-10,2022,3,10,quinta,10,0,1,4,Semana_do_Consumidor,0,0,0,0,0,0,0,0,0,0,0,0,0,0,0,0,0,0,0,0,0,0,0,0,1,0,0,0
2022-03-11,2022,3,11,sexta,10,0,1,4,Semana_do_Consumidor,0,0,0,0,0,0,0,0,0,0,0,0,0,0,0,0,0,0,0,0,0,0,0,0,1,0,0,0
2022-03-12,2022,3,12,sabado,10,0,1,4,Semana_do_Consumidor,0,0,0,0,0,0,0,0,0,0,0,0,0,0,0,0,0,0,0,0,0,0,0,0,1,0,0,0
2022-03-13,2022,3,13,domingo,10,0,1,4,Semana_do_Consumidor,0,0,0,0,0,0,0,0,0,0,0,0,0,0,0,0,0,0,0,0,0,0,0,0,1,0,0,0
2022-03-14,2022,3,14,segunda,11,0,1,4,Semana_do_Consumidor,0,0,0,0,0,0,0,0,0,0,0,0,0,0,0,0,0,0,0,0,0,0,0,0,1,0,0,0
2022-03-15,2022,3,15,terca,11,0,1,4,Semana_do_Consumidor,0,0,0,0,0,0,0,0,0,0,0,0,0,0,0,0,0,0,0,0,0,0,0,0,1,0,0,0
2022-03-16,2022,3,16,quarta,11,0,1,4,Semana_do_Consumidor,0,0,0,0,0,0,0,0,0,0,0,0,0,0,0,0,0,0,0,0,0,0,0,0,1,0,0,0
2022-03-17,2022,3,17,quinta,11,0,1,4,Semana_do_Consumidor,0,0,0,0,0,0,0,0,0,0,0,0,0,0,0,0,0,0,0,0,0,0,0,0,1,0,0,0
2022-03-18,2022,3,18,sexta,11,0,1,4,Semana_do_Consumidor,0,0,0,0,0,0,0,0,0,0,0,0,0,0,0,0,0,0,0,0,0,0,0,0,1,0,0,0
2022-03-19,2022,3,19,sabado,11,0,1,4,Semana_do_Consumidor,0,0,0,0,0,0,0,0,0,0,0,0,0,0,0,0,0,0,0,0,0,0,0,0,1,0,0,0
2022-03-20,2022,3,20,domingo,11,0,1,4,Semana_do_Consumidor,0,0,0,0,0,0,0,0,0,0,0,0,0,0,0,0,0,0,0,0,0,0,0,0,1,0,0,0
2022-03-21,2022,3,21,segunda,12,0,1,4,Semana_do_Consumidor,0,0,0,0,0,0,0,0,0,0,0,0,0,0,0,0,0,0,0,0,0,0,0,0,1,0,0,0
2022-03-22,2022,3,22,terca,12,0,1,4,Semana_do_Consumidor,0,0,0,0,0,0,0,0,0,0,0,0,0,0,0,0,0,0,0,0,0,0,0,0,1,0,0,0
2022-03-23,2022,3,23,quarta,12,0,0,0,Sem_Evento,0,0,0,0,0,0,0,0,0,0,0,0,0,0,0,0,0,0,0,0,0,0,0,0,0,0,0,0
2022-03-24,2022,3,24,quinta,12,0,0,0,Sem_Evento,0,0,0,0,0,0,0,0,0,0,0,0,0,0,0,0,0,0,0,0,0,0,0,0,0,0,0,0
2022-03-25,2022,3,25,sexta,12,0,0,0,Sem_Evento,0,0,0,0,0,0,0,0,0,0,0,0,0,0,0,0,0,0,0,0,0,0,0,0,0,0,0,0
2022-03-26,2022,3,26,sabado,12,0,0,0,Sem_Evento,0,0,0,0,0,0,0,0,0,0,0,0,0,0,0,0,0,0,0,0,0,0,0,0,0,0,0,0
2022-03-27,2022,3,27,domingo,12,0,0,3,Pascoa,0,0,0,0,0,0,0,0,0,0,0,0,0,0,0,0,0,0,0,0,0,1,0,0,0,0,0,0
2022-03-28,2022,3,28,segunda,13,0,0,3,Pascoa,0,0,0,0,0,0,0,0,0,0,0,0,0,0,0,0,0,0,0,0,0,1,0,0,0,0,0,0
2022-03-29,2022,3,29,terca,13,0,0,3,Pascoa,0,0,0,0,0,0,0,0,0,0,0,0,0,0,0,0,0,0,0,0,0,1,0,0,0,0,0,0
2022-03-30,2022,3,30,quarta,13,0,0,3,Pascoa,0,0,0,0,0,0,0,0,0,0,0,0,0,0,0,0,0,0,0,0,0,1,0,0,0,0,0,0
2022-03-31,2022,3,31,quinta,13,0,0,3,Pascoa,0,0,0,0,0,0,0,0,0,0,0,0,0,0,0,0,0,0,0,0,0,1,0,0,0,0,0,0
2022-04-01,2022,4,1,sexta,13,0,0,3,Pascoa,0,0,0,0,0,0,0,0,0,0,0,0,0,0,0,0,0,0,0,0,0,1,0,0,0,0,0,0
2022-04-02,2022,4,2,sabado,13,0,0,3,Pascoa,0,0,0,0,0,0,0,0,0,0,0,0,0,0,0,0,0,0,0,0,0,1,0,0,0,0,0,0
2022-04-03,2022,4,3,domingo,13,0,0,3,Pascoa,0,0,0,0,0,0,0,0,0,0,0,0,0,0,0,0,0,0,0,0,0,1,0,0,0,0,0,0
2022-04-04,2022,4,4,segunda,14,0,0,3,Pascoa,0,0,0,0,0,0,0,0,0,0,0,0,0,0,0,0,0,0,0,0,0,1,0,0,0,0,0,0
2022-04-05,2022,4,5,terca,14,0,0,3,Pascoa,0,0,0,0,0,0,0,0,0,0,0,0,0,0,0,0,0,0,0,0,0,1,0,0,0,0,0,0
2022-04-06,2022,4,6,quarta,14,0,0,3,Pascoa,0,0,0,0,0,0,0,0,0,0,0,0,0,0,0,0,0,0,0,0,0,1,0,0,0,0,0,0
2022-04-07,2022,4,7,quinta,14,0,0,3,Pascoa,0,0,0,0,0,0,0,0,0,0,0,0,0,0,0,0,0,0,0,0,0,1,0,0,0,0,0,0
2022-04-08,2022,4,8,sexta,14,0,0,3,Pascoa,0,0,0,0,0,0,0,0,0,0,0,0,0,0,0,0,0,0,0,0,0,1,0,0,0,0,0,0
2022-04-09,2022,4,9,sabado,14,0,0,3,Pascoa,0,0,0,0,0,0,0,0,0,0,0,0,0,0,0,0,0,0,0,0,0,1,0,0,0,0,0,0
2022-04-10,2022,4,10,domingo,14,0,0,3,Pascoa,0,0,0,0,0,0,0,0,0,0,0,0,0,0,0,0,0,0,0,0,0,1,0,0,0,0,0,0
2022-04-11,2022,4,11,segunda,15,0,0,3,Pascoa,0,0,0,0,0,0,0,0,0,0,0,0,0,0,0,0,0,0,0,0,0,1,0,0,0,0,0,0
2022-04-12,2022,4,12,terca,15,0,0,3,Pascoa,0,0,0,0,0,0,0,0,0,0,0,0,0,0,0,0,0,0,0,0,0,1,0,0,0,0,0,0
2022-04-13,2022,4,13,quarta,15,0,0,3,Pascoa,0,0,0,0,0,0,0,0,0,0,0,0,0,0,0,0,0,0,0,0,0,1,0,0,0,0,0,0
2022-04-14,2022,4,14,quinta,15,0,0,3,Pascoa,0,0,0,0,0,0,0,0,0,0,0,0,0,0,0,0,0,0,0,0,0,1,0,0,0,0,0,0
2022-04-15,2022,4,15,sexta,15,1,0,3,Pascoa,0,0,0,0,0,0,0,0,0,0,0,0,0,0,0,0,0,0,0,0,0,1,0,0,0,1,0,0
2022-04-16,2022,4,16,sabado,15,0,0,3,Pascoa,0,0,0,0,0,0,0,0,0,0,0,0,0,0,0,0,0,0,0,0,0,1,0,0,0,0,0,0
2022-04-17,2022,4,17,domingo,15,0,0,3,Pascoa,0,0,0,0,0,0,0,0,0,0,0,0,0,0,0,0,0,0,0,0,0,1,0,0,0,0,0,0
2022-04-18,2022,4,18,segunda,16,0,0,0,Sem_Evento,0,0,0,0,0,0,0,0,0,0,0,0,0,0,0,0,0,0,0,0,0,0,0,0,0,0,0,0
2022-04-19,2022,4,19,terca,16,0,0,0,Sem_Evento,0,0,0,0,0,0,0,0,0,0,0,0,0,0,0,0,0,0,0,0,0,0,0,0,0,0,0,0
2022-04-20,2022,4,20,quarta,16,0,0,0,Sem_Evento,0,0,0,0,0,0,0,0,0,0,0,0,0,0,0,0,0,0,0,0,0,0,0,0,0,0,0,0
2022-04-21,2022,4,21,quinta,16,1,1,5,Dia_das_Maes,0,0,0,0,0,0,0,0,0,1,0,0,0,0,0,0,0,0,0,0,0,0,0,0,0,0,1,0
2022-04-22,2022,4,22,sexta,16,0,1,5,Dia_das_Maes,0,0,0,0,0,0,0,0,0,1,0,0,0,0,0,0,0,0,0,0,0,0,0,0,0,0,0,0
2022-04-23,2022,4,23,sabado,16,0,1,5,Dia_das_Maes,0,0,0,0,0,0,0,0,0,1,0,0,0,0,0,0,0,0,0,0,0,0,0,0,0,0,0,0
2022-04-24,2022,4,24,domingo,16,0,1,5,Dia_das_Maes,0,0,0,0,0,0,0,0,0,1,0,0,0,0,0,0,0,0,0,0,0,0,0,0,0,0,0,0
2022-04-25,2022,4,25,segunda,17,0,1,5,Dia_das_Maes,0,0,0,0,0,0,0,0,0,1,0,0,0,0,0,0,0,0,0,0,0,0,0,0,0,0,0,0
2022-04-26,2022,4,26,terca,17,0,1,5,Dia_das_Maes,0,0,0,0,0,0,0,0,0,1,0,0,0,0,0,0,0,0,0,0,0,0,0,0,0,0,0,0
2022-04-27,2022,4,27,quarta,17,0,1,5,Dia_das_Maes,0,0,0,0,0,0,0,0,0,1,0,0,0,0,0,0,0,0,0,0,0,0,0,0,0,0,0,0
2022-04-28,2022,4,28,quinta,17,0,1,5,Dia_das_Maes,0,0,0,0,0,0,0,0,0,1,0,0,0,0,0,0,0,0,0,0,0,0,0,0,0,0,0,0
2022-04-29,2022,4,29,sexta,17,0,1,5,Dia_das_Maes,0,0,0,0,0,0,0,0,0,1,0,0,0,0,0,0,0,0,0,0,0,0,0,0,0,0,0,0
2022-04-30,2022,4,30,sabado,17,0,1,5,Dia_das_Maes,0,0,0,0,0,0,0,0,0,1,0,0,0,0,0,0,0,0,0,0,0,0,0,0,0,0,0,0
2022-05-01,2022,5,1,domingo,17,1,1,5,Dia_das_Maes,0,0,0,0,0,0,0,0,0,1,0,1,0,0,0,0,0,0,0,0,0,0,0,0,0,0,0,0
2022-05-02,2022,5,2,segunda,18,0,1,5,Dia_das_Maes,0,0,0,0,0,0,0,0,0,1,0,0,0,0,0,0,0,0,0,0,0,0,0,0,0,0,0,0
2022-05-03,2022,5,3,terca,18,0,1,5,Dia_das_Maes,0,0,0,0,0,0,0,0,0,1,0,0,0,0,0,0,0,0,0,0,0,0,0,0,0,0,0,0
2022-05-04,2022,5,4,quarta,18,0,1,5,Dia_das_Maes,0,0,0,0,0,0,0,0,0,1,0,0,0,0,0,0,0,0,0,0,0,0,0,0,0,0,0,0
2022-05-05,2022,5,5,quinta,18,0,1,5,Dia_das_Maes,0,0,0,0,0,0,0,0,0,1,0,0,0,0,0,0,0,0,0,0,0,0,0,0,0,0,0,0
2022-05-06,2022,5,6,sexta,18,0,1,5,Dia_das_Maes,0,0,0,0,0,0,0,0,0,1,0,0,0,0,0,0,0,0,0,0,0,0,0,0,0,0,0,0
2022-05-07,2022,5,7,sabado,18,0,1,5,Dia_das_Maes,0,0,0,0,0,0,0,0,0,1,0,0,0,0,0,0,0,0,0,0,0,0,0,0,0,0,0,0
2022-05-08,2022,5,8,domingo,18,0,1,5,Dia_das_Maes,0,0,0,0,0,0,0,0,0,1,0,0,0,0,0,0,0,0,0,0,0,0,0,0,0,0,0,0
2022-05-09,2022,5,9,segunda,19,0,0,0,Sem_Evento,0,0,0,0,0,0,0,0,0,0,0,0,0,0,0,0,0,0,0,0,0,0,0,0,0,0,0,0
2022-05-10,2022,5,10,terca,19,0,0,0,Sem_Evento,0,0,0,0,0,0,0,0,0,0,0,0,0,0,0,0,0,0,0,0,0,0,0,0,0,0,0,0
2022-05-11,2022,5,11,quarta,19,0,0,0,Sem_Evento,0,0,0,0,0,0,0,0,0,0,0,0,0,0,0,0,0,0,0,0,0,0,0,0,0,0,0,0
2022-05-12,2022,5,12,quinta,19,0,0,0,Sem_Evento,0,0,0,0,0,0,0,0,0,0,0,0,0,0,0,0,0,0,0,0,0,0,0,0,0,0,0,0
2022-05-13,2022,5,13,sexta,19,0,0,0,Sem_Evento,0,0,0,0,0,0,0,0,0,0,0,0,0,0,0,0,0,0,0,0,0,0,0,0,0,0,0,0
2022-05-14,2022,5,14,sabado,19,0,0,0,Sem_Evento,0,0,0,0,0,0,0,0,0,0,0,0,0,0,0,0,0,0,0,0,0,0,0,0,0,0,0,0
2022-05-15,2022,5,15,domingo,19,0,0,0,Sem_Evento,0,0,0,0,0,0,0,0,0,0,0,0,0,0,0,0,0,0,0,0,0,0,0,0,0,0,0,0
2022-05-16,2022,5,16,segunda,20,0,0,0,Sem_Evento,0,0,0,0,0,0,0,0,0,0,0,0,0,0,0,0,0,0,0,0,0,0,0,0,0,0,0,0
2022-05-17,2022,5,17,terca,20,0,0,0,Sem_Evento,0,0,0,0,0,0,0,0,0,0,0,0,0,0,0,0,0,0,0,0,0,0,0,0,0,0,0,0
2022-05-18,2022,5,18,quarta,20,0,0,0,Sem_Evento,0,0,0,0,0,0,0,0,0,0,0,0,0,0,0,0,0,0,0,0,0,0,0,0,0,0,0,0
2022-05-19,2022,5,19,quinta,20,0,0,0,Sem_Evento,0,0,0,0,0,0,0,0,0,0,0,0,0,0,0,0,0,0,0,0,0,0,0,0,0,0,0,0
2022-05-20,2022,5,20,sexta,20,0,0,0,Sem_Evento,0,0,0,0,0,0,0,0,0,0,0,0,0,0,0,0,0,0,0,0,0,0,0,0,0,0,0,0
2022-05-21,2022,5,21,sabado,20,0,0,0,Sem_Evento,0,0,0,0,0,0,0,0,0,0,0,0,0,0,0,0,0,0,0,0,0,0,0,0,0,0,0,0
2022-05-22,2022,5,22,domingo,20,0,0,0,Sem_Evento,0,0,0,0,0,0,0,0,0,0,0,0,0,0,0,0,0,0,0,0,0,0,0,0,0,0,0,0
2022-05-23,2022,5,23,segunda,21,0,0,0,Sem_Evento,0,0,0,0,0,0,0,0,0,0,0,0,0,0,0,0,0,0,0,0,0,0,0,0,0,0,0,0
2022-05-24,2022,5,24,terca,21,0,0,0,Sem_Evento,0,0,0,0,0,0,0,0,0,0,0,0,0,0,0,0,0,0,0,0,0,0,0,0,0,0,0,0
2022-05-25,2022,5,25,quarta,21,0,0,0,Sem_Evento,0,0,0,0,0,0,0,0,0,0,0,0,0,0,0,0,0,0,0,0,0,0,0,0,0,0,0,0
2022-05-26,2022,5,26,quinta,21,0,0,0,Sem_Evento,0,0,0,0,0,0,0,0,0,0,0,0,0,0,0,0,0,0,0,0,0,0,0,0,0,0,0,0
2022-05-27,2022,5,27,sexta,21,0,0,0,Sem_Evento,0,0,0,0,0,0,0,0,0,0,0,0,0,0,0,0,0,0,0,0,0,0,0,0,0,0,0,0
2022-05-28,2022,5,28,sabado,21,0,0,0,Sem_Evento,0,0,0,0,0,0,0,0,0,0,0,0,0,0,0,0,0,0,0,0,0,0,0,0,0,0,0,0
2022-05-29,2022,5,29,domingo,21,0,0,0,Sem_Evento,0,0,0,0,0,0,0,0,0,0,0,0,0,0,0,0,0,0,0,0,0,0,0,0,0,0,0,0
2022-05-30,2022,5,30,segunda,22,0,0,0,Sem_Evento,0,0,0,0,0,0,0,0,0,0,0,0,0,0,0,0,0,0,0,0,0,0,0,0,0,0,0,0
2022-05-31,2022,5,31,terca,22,0,0,0,Sem_Evento,0,0,0,0,0,0,0,0,0,0,0,0,0,0,0,0,0,0,0,0,0,0,0,0,0,0,0,0
2022-06-01,2022,6,1,quarta,22,0,1,4,Dia_dos_Namorados,0,0,0,0,0,0,0,0,0,0,0,0,1,0,1,0,0,0,0,0,0,0,0,0,0,0,0,0
2022-06-02,2022,6,2,quinta,22,0,1,4,Dia_dos_Namorados,0,0,0,0,0,0,0,0,0,0,0,0,1,0,1,0,0,0,0,0,0,0,0,0,0,0,0,0
2022-06-03,2022,6,3,sexta,22,0,1,4,Dia_dos_Namorados,0,0,0,0,0,0,0,0,0,0,0,0,1,0,1,0,0,0,0,0,0,0,0,0,0,0,0,0
2022-06-04,2022,6,4,sabado,22,0,1,4,Dia_dos_Namorados,0,0,0,0,0,0,0,0,0,0,0,0,1,0,1,0,0,0,0,0,0,0,0,0,0,0,0,0
2022-06-05,2022,6,5,domingo,22,0,1,4,Dia_dos_Namorados,0,0,0,0,0,0,0,0,0,0,0,0,1,0,1,0,0,0,0,0,0,0,0,0,0,0,0,0
2022-06-06,2022,6,6,segunda,23,0,1,4,Dia_dos_Namorados,0,0,0,0,0,0,0,0,0,0,0,0,1,0,1,0,0,0,0,0,0,0,0,0,0,0,0,0
2022-06-07,2022,6,7,terca,23,0,1,4,Dia_dos_Namorados,0,0,0,0,0,0,0,0,0,0,0,0,1,0,1,0,0,0,0,0,0,0,0,0,0,0,0,0
2022-06-08,2022,6,8,quarta,23,0,1,4,Dia_dos_Namorados,0,0,0,0,0,0,0,0,0,0,0,0,1,0,1,0,0,0,0,0,0,0,0,0,0,0,0,0
2022-06-09,2022,6,9,quinta,23,0,1,4,Dia_dos_Namorados,0,0,0,0,0,0,0,0,0,0,0,0,1,0,1,0,0,0,0,0,0,0,0,0,0,0,0,0
2022-06-10,2022,6,10,sexta,23,0,1,4,Dia_dos_Namorados,0,0,0,0,0,0,0,0,0,0,0,0,1,0,1,0,0,0,0,0,0,0,0,0,0,0,0,0
2022-06-11,2022,6,11,sabado,23,0,1,4,Dia_dos_Namorados,0,0,0,0,0,0,0,0,0,0,0,0,1,0,1,0,0,0,0,0,0,0,0,0,0,0,0,0
2022-06-12,2022,6,12,domingo,23,0,1,4,Dia_dos_Namorados,0,0,0,0,0,0,0,0,0,0,0,0,1,0,1,0,0,0,0,0,0,0,0,0,0,0,0,0
2022-06-13,2022,6,13,segunda,24,0,1,2,Festas_Juninas,0,0,0,0,0,0,0,0,0,0,0,0,0,0,1,0,0,0,0,0,0,0,0,0,0,0,0,0
2022-06-14,2022,6,14,terca,24,0,1,2,Festas_Juninas,0,0,0,0,0,0,0,0,0,0,0,0,0,0,1,0,0,0,0,0,0,0,0,0,0,0,0,0
2022-06-15,2022,6,15,quarta,24,0,1,2,Festas_Juninas,0,0,0,0,0,0,0,0,0,0,0,0,0,0,1,0,0,0,0,0,0,0,0,0,0,0,0,0
2022-06-16,2022,6,16,quinta,24,1,1,2,Festas_Juninas,0,0,0,0,0,0,1,0,0,0,0,0,0,0,1,0,0,0,0,0,0,0,0,0,0,0,0,0
2022-06-17,2022,6,17,sexta,24,0,1,2,Festas_Juninas,0,0,0,0,0,0,0,0,0,0,0,0,0,0,1,0,0,0,0,0,0,0,0,0,0,0,0,0
2022-06-18,2022,6,18,sabado,24,0,1,2,Festas_Juninas,0,0,0,0,0,0,0,0,0,0,0,0,0,0,1,0,0,0,0,0,0,0,0,0,0,0,0,0
2022-06-19,2022,6,19,domingo,24,0,1,2,Festas_Juninas,0,0,0,0,0,0,0,0,0,0,0,0,0,0,1,0,0,0,0,0,0,0,0,0,0,0,0,0
2022-06-20,2022,6,20,segunda,25,0,1,2,Festas_Juninas,0,0,0,0,0,0,0,0,0,0,0,0,0,0,1,0,0,0,0,0,0,0,0,0,0,0,0,0
2022-06-21,2022,6,21,terca,25,0,1,2,Festas_Juninas,0,0,0,0,0,0,0,0,0,0,0,0,0,0,1,0,0,0,0,0,0,0,0,0,0,0,0,0
2022-06-22,2022,6,22,quarta,25,0,1,2,Festas_Juninas,0,0,0,0,0,0,0,0,0,0,0,0,0,0,1,0,0,0,0,0,0,0,0,0,0,0,0,0
2022-06-23,2022,6,23,quinta,25,0,1,2,Festas_Juninas,0,0,0,0,0,0,0,0,0,0,0,0,0,0,1,0,0,0,0,0,0,0,0,0,0,0,0,0
2022-06-24,2022,6,24,sexta,25,0,1,2,Festas_Juninas,0,0,0,0,0,0,0,0,0,0,0,0,0,0,1,0,0,0,0,0,0,0,0,0,0,0,0,0
2022-06-25,2022,6,25,sabado,25,0,1,2,Festas_Juninas,0,0,0,0,0,0,0,0,0,0,0,0,0,0,1,0,0,0,0,0,0,0,0,0,0,0,0,0
2022-06-26,2022,6,26,domingo,25,0,1,2,Festas_Juninas,0,0,0,0,0,0,0,0,0,0,0,0,0,0,1,0,0,0,0,0,0,0,0,0,0,0,0,0
2022-06-27,2022,6,27,segunda,26,0,1,2,Festas_Juninas,0,0,0,0,0,0,0,0,0,0,0,0,0,0,1,0,0,0,0,0,0,0,0,0,0,0,0,0
2022-06-28,2022,6,28,terca,26,0,1,2,Festas_Juninas,0,0,0,0,0,0,0,0,0,0,0,0,0,0,1,0,0,0,0,0,0,0,0,0,0,0,0,0
2022-06-29,2022,6,29,quarta,26,0,1,2,Festas_Juninas,0,0,0,0,0,0,0,0,0,0,0,0,0,0,1,0,0,0,0,0,0,0,0,0,0,0,0,0
2022-06-30,2022,6,30,quinta,26,0,1,2,Festas_Juninas,0,0,0,0,0,0,0,0,0,0,0,0,0,0,1,0,0,0,0,0,0,0,0,0,0,0,0,0
2022-07-01,2022,7,1,sexta,26,0,0,0,Sem_Evento,0,0,0,0,0,0,0,0,0,0,0,0,0,0,0,0,0,0,0,0,0,0,0,0,0,0,0,0
2022-07-02,2022,7,2,sabado,26,0,0,0,Sem_Evento,0,0,0,0,0,0,0,0,0,0,0,0,0,0,0,0,0,0,0,0,0,0,0,0,0,0,0,0
2022-07-03,2022,7,3,domingo,26,0,0,0,Sem_Evento,0,0,0,0,0,0,0,0,0,0,0,0,0,0,0,0,0,0,0,0,0,0,0,0,0,0,0,0
2022-07-04,2022,7,4,segunda,27,0,0,0,Sem_Evento,0,0,0,0,0,0,0,0,0,0,0,0,0,0,0,0,0,0,0,0,0,0,0,0,0,0,0,0
2022-07-05,2022,7,5,terca,27,0,0,0,Sem_Evento,0,0,0,0,0,0,0,0,0,0,0,0,0,0,0,0,0,0,0,0,0,0,0,0,0,0,0,0
2022-07-06,2022,7,6,quarta,27,0,0,0,Sem_Evento,0,0,0,0,0,0,0,0,0,0,0,0,0,0,0,0,0,0,0,0,0,0,0,0,0,0,0,0
2022-07-07,2022,7,7,quinta,27,0,0,0,Sem_Evento,0,0,0,0,0,0,0,0,0,0,0,0,0,0,0,0,0,0,0,0,0,0,0,0,0,0,0,0
2022-07-08,2022,7,8,sexta,27,0,0,0,Sem_Evento,0,0,0,0,0,0,0,0,0,0,0,0,0,0,0,0,0,0,0,0,0,0,0,0,0,0,0,0
2022-07-09,2022,7,9,sabado,27,0,0,0,Sem_Evento,0,0,0,0,0,0,0,0,0,0,0,0,0,0,0,0,0,0,0,0,0,0,0,0,0,0,0,0
2022-07-10,2022,7,10,domingo,27,0,0,0,Sem_Evento,0,0,0,0,0,0,0,0,0,0,0,0,0,0,0,0,0,0,0,0,0,0,0,0,0,0,0,0
2022-07-11,2022,7,11,segunda,28,0,0,0,Sem_Evento,0,0,0,0,0,0,0,0,0,0,0,0,0,0,0,0,0,0,0,0,0,0,0,0,0,0,0,0
2022-07-12,2022,7,12,terca,28,0,0,0,Sem_Evento,0,0,0,0,0,0,0,0,0,0,0,0,0,0,0,0,0,0,0,0,0,0,0,0,0,0,0,0
2022-07-13,2022,7,13,quarta,28,0,0,0,Sem_Evento,0,0,0,0,0,0,0,0,0,0,0,0,0,0,0,0,0,0,0,0,0,0,0,0,0,0,0,0
2022-07-14,2022,7,14,quinta,28,0,0,0,Sem_Evento,0,0,0,0,0,0,0,0,0,0,0,0,0,0,0,0,0,0,0,0,0,0,0,0,0,0,0,0
2022-07-15,2022,7,15,sexta,28,0,0,0,Sem_Evento,0,0,0,0,0,0,0,0,0,0,0,0,0,0,0,0,0,0,0,0,0,0,0,0,0,0,0,0
2022-07-16,2022,7,16,sabado,28,0,0,0,Sem_Evento,0,0,0,0,0,0,0,0,0,0,0,0,0,0,0,0,0,0,0,0,0,0,0,0,0,0,0,0
2022-07-17,2022,7,17,domingo,28,0,0,0,Sem_Evento,0,0,0,0,0,0,0,0,0,0,0,0,0,0,0,0,0,0,0,0,0,0,0,0,0,0,0,0
2022-07-18,2022,7,18,segunda,29,0,0,0,Sem_Evento,0,0,0,0,0,0,0,0,0,0,0,0,0,0,0,0,0,0,0,0,0,0,0,0,0,0,0,0
2022-07-19,2022,7,19,terca,29,0,0,0,Sem_Evento,0,0,0,0,0,0,0,0,0,0,0,0,0,0,0,0,0,0,0,0,0,0,0,0,0,0,0,0
2022-07-20,2022,7,20,quarta,29,0,0,0,Sem_Evento,0,0,0,0,0,0,0,0,0,0,0,0,0,0,0,0,0,0,0,0,0,0,0,0,0,0,0,0
2022-07-21,2022,7,21,quinta,29,0,0,0,Sem_Evento,0,0,0,0,0,0,0,0,0,0,0,0,0,0,0,0,0,0,0,0,0,0,0,0,0,0,0,0
2022-07-22,2022,7,22,sexta,29,0,0,0,Sem_Evento,0,0,0,0,0,0,0,0,0,0,0,0,0,0,0,0,0,0,0,0,0,0,0,0,0,0,0,0
2022-07-23,2022,7,23,sabado,29,0,0,0,Sem_Evento,0,0,0,0,0,0,0,0,0,0,0,0,0,0,0,0,0,0,0,0,0,0,0,0,0,0,0,0
2022-07-24,2022,7,24,domingo,29,0,0,0,Sem_Evento,0,0,0,0,0,0,0,0,0,0,0,0,0,0,0,0,0,0,0,0,0,0,0,0,0,0,0,0
2022-07-25,2022,7,25,segunda,30,0,0,0,Sem_Evento,0,0,0,0,0,0,0,0,0,0,0,0,0,0,0,0,0,0,0,0,0,0,0,0,0,0,0,0
2022-07-26,2022,7,26,terca,30,0,0,0,Sem_Evento,0,0,0,0,0,0,0,0,0,0,0,0,0,0,0,0,0,0,0,0,0,0,0,0,0,0,0,0
2022-07-27,2022,7,27,quarta,30,0,0,0,Sem_Evento,0,0,0,0,0,0,0,0,0,0,0,0,0,0,0,0,0,0,0,0,0,0,0,0,0,0,0,0
2022-07-28,2022,7,28,quinta,30,0,1,4,Dia_dos_Pais,0,0,0,0,0,0,0,0,0,0,0,0,0,1,0,0,0,0,0,0,0,0,0,0,0,0,0,0
2022-07-29,2022,7,29,sexta,30,0,1,4,Dia_dos_Pais,0,0,0,0,0,0,0,0,0,0,0,0,0,1,0,0,0,0,0,0,0,0,0,0,0,0,0,0
2022-07-30,2022,7,30,sabado,30,0,1,4,Dia_dos_Pais,0,0,0,0,0,0,0,0,0,0,0,0,0,1,0,0,0,0,0,0,0,0,0,0,0,0,0,0
2022-07-31,2022,7,31,domingo,30,0,1,4,Dia_dos_Pais,0,0,0,0,0,0,0,0,0,0,0,0,0,1,0,0,0,0,0,0,0,0,0,0,0,0,0,0
2022-08-01,2022,8,1,segunda,31,0,1,4,Dia_dos_Pais,0,0,0,0,0,0,0,0,0,0,0,0,0,1,0,0,0,0,0,0,0,0,0,0,0,0,0,0
2022-08-02,2022,8,2,terca,31,0,1,4,Dia_dos_Pais,0,0,0,0,0,0,0,0,0,0,0,0,0,1,0,0,0,0,0,0,0,0,0,0,0,0,0,0
2022-08-03,2022,8,3,quarta,31,0,1,4,Dia_dos_Pais,0,0,0,0,0,0,0,0,0,0,0,0,0,1,0,0,0,0,0,0,0,0,0,0,0,0,0,0
2022-08-04,2022,8,4,quinta,31,0,1,4,Dia_dos_Pais,0,0,0,0,0,0,0,0,0,0,0,0,0,1,0,0,0,0,0,0,0,0,0,0,0,0,0,0
2022-08-05,2022,8,5,sexta,31,0,1,4,Dia_dos_Pais,0,0,0,0,0,0,0,0,0,0,0,0,0,1,0,0,0,0,0,0,0,0,0,0,0,0,0,0
2022-08-06,2022,8,6,sabado,31,0,1,4,Dia_dos_Pais,0,0,0,0,0,0,0,0,0,0,0,0,0,1,0,0,0,0,0,0,0,0,0,0,0,0,0,0
2022-08-07,2022,8,7,domingo,31,0,1,4,Dia_dos_Pais,0,0,0,0,0,0,0,0,0,0,0,0,0,1,0,0,0,0,0,0,0,0,0,0,0,0,0,0
2022-08-08,2022,8,8,segunda,32,0,1,4,Dia_dos_Pais,0,0,0,0,0,0,0,0,0,0,0,0,0,1,0,0,0,0,0,0,0,0,0,0,0,0,0,0
2022-08-09,2022,8,9,terca,32,0,1,4,Dia_dos_Pais,0,0,0,0,0,0,0,0,0,0,0,0,0,1,0,0,0,0,0,0,0,0,0,0,0,0,0,0
2022-08-10,2022,8,10,quarta,32,0,1,4,Dia_dos_Pais,0,0,0,0,0,0,0,0,0,0,0,0,0,1,0,0,0,0,0,0,0,0,0,0,0,0,0,0
2022-08-11,2022,8,11,quinta,32,0,1,4,Dia_dos_Pais,0,0,0,0,0,0,0,0,0,0,0,0,0,1,0,0,0,0,0,0,0,0,0,0,0,0,0,0
2022-08-12,2022,8,12,sexta,32,0,1,4,Dia_dos_Pais,0,0,0,0,0,0,0,0,0,0,0,0,0,1,0,0,0,0,0,0,0,0,0,0,0,0,0,0
2022-08-13,2022,8,13,sabado,32,0,1,4,Dia_dos_Pais,0,0,0,0,0,0,0,0,0,0,0,0,0,1,0,0,0,0,0,0,0,0,0,0,0,0,0,0
2022-08-14,2022,8,14,domingo,32,0,1,4,Dia_dos_Pais,0,0,0,0,0,0,0,0,0,0,0,0,0,1,0,0,0,0,0,0,0,0,0,0,0,0,0,0
2022-08-15,2022,8,15,segunda,33,0,0,0,Sem_Evento,0,0,0,0,0,0,0,0,0,0,0,0,0,0,0,0,0,0,0,0,0,0,0,0,0,0,0,0
2022-08-16,2022,8,16,terca,33,0,0,0,Sem_Evento,0,0,0,0,0,0,0,0,0,0,0,0,0,0,0,0,0,0,0,0,0,0,0,0,0,0,0,0
2022-08-17,2022,8,17,quarta,33,0,0,0,Sem_Evento,0,0,0,0,0,0,0,0,0,0,0,0,0,0,0,0,0,0,0,0,0,0,0,0,0,0,0,0
2022-08-18,2022,8,18,quinta,33,0,0,0,Sem_Evento,0,0,0,0,0,0,0,0,0,0,0,0,0,0,0,0,0,0,0,0,0,0,0,0,0,0,0,0
2022-08-19,2022,8,19,sexta,33,0,0,0,Sem_Evento,0,0,0,0,0,0,0,0,0,0,0,0,0,0,0,0,0,0,0,0,0,0,0,0,0,0,0,0
2022-08-20,2022,8,20,sabado,33,0,0,0,Sem_Evento,0,0,0,0,0,0,0,0,0,0,0,0,0,0,0,0,0,0,0,0,0,0,0,0,0,0,0,0
2022-08-21,2022,8,21,domingo,33,0,0,0,Sem_Evento,0,0,0,0,0,0,0,0,0,0,0,0,0,0,0,0,0,0,0,0,0,0,0,0,0,0,0,0
2022-08-22,2022,8,22,segunda,34,0,0,0,Sem_Evento,0,0,0,0,0,0,0,0,0,0,0,0,0,0,0,0,0,0,0,0,0,0,0,0,0,0,0,0
2022-08-23,2022,8,23,terca,34,0,0,0,Sem_Evento,0,0,0,0,0,0,0,0,0,0,0,0,0,0,0,0,0,0,0,0,0,0,0,0,0,0,0,0
2022-08-24,2022,8,24,quarta,34,0,0,0,Sem_Evento,0,0,0,0,0,0,0,0,0,0,0,0,0,0,0,0,0,0,0,0,0,0,0,0,0,0,0,0
2022-08-25,2022,8,25,quinta,34,0,0,0,Sem_Evento,0,0,0,0,0,0,0,0,0,0,0,0,0,0,0,0,0,0,0,0,0,0,0,0,0,0,0,0
2022-08-26,2022,8,26,sexta,34,0,0,0,Sem_Evento,0,0,0,0,0,0,0,0,0,0,0,0,0,0,0,0,0,0,0,0,0,0,0,0,0,0,0,0
2022-08-27,2022,8,27,sabado,34,0,0,0,Sem_Evento,0,0,0,0,0,0,0,0,0,0,0,0,0,0,0,0,0,0,0,0,0,0,0,0,0,0,0,0
2022-08-28,2022,8,28,domingo,34,0,0,0,Sem_Evento,0,0,0,0,0,0,0,0,0,0,0,0,0,0,0,0,0,0,0,0,0,0,0,0,0,0,0,0
2022-08-29,2022,8,29,segunda,35,0,0,0,Sem_Evento,0,0,0,0,0,0,0,0,0,0,0,0,0,0,0,0,0,0,0,0,0,0,0,0,0,0,0,0
2022-08-30,2022,8,30,terca,35,0,0,0,Sem_Evento,0,0,0,0,0,0,0,0,0,0,0,0,0,0,0,0,0,0,0,0,0,0,0,0,0,0,0,0
2022-08-31,2022,8,31,quarta,35,0,0,0,Sem_Evento,0,0,0,0,0,0,0,0,0,0,0,0,0,0,0,0,0,0,0,0,0,0,0,0,0,0,0,0
2022-09-01,2022,9,1,quinta,35,0,0,0,Sem_Evento,0,0,0,0,0,0,0,0,0,0,0,0,0,0,0,0,0,0,0,0,0,0,0,0,0,0,0,0
2022-09-02,2022,9,2,sexta,35,0,0,0,Sem_Evento,0,0,0,0,0,0,0,0,0,0,0,0,0,0,0,0,0,0,0,0,0,0,0,0,0,0,0,0
2022-09-03,2022,9,3,sabado,35,0,0,0,Sem_Evento,0,0,0,0,0,0,0,0,0,0,0,0,0,0,0,0,0,0,0,0,0,0,0,0,0,0,0,0
2022-09-04,2022,9,4,domingo,35,0,0,0,Sem_Evento,0,0,0,0,0,0,0,0,0,0,0,0,0,0,0,0,0,0,0,0,0,0,0,0,0,0,0,0
2022-09-05,2022,9,5,segunda,36,0,0,0,Sem_Evento,0,0,0,0,0,0,0,0,0,0,0,0,0,0,0,0,0,0,0,0,0,0,0,0,0,0,0,0
2022-09-06,2022,9,6,terca,36,0,0,0,Sem_Evento,0,0,0,0,0,0,0,0,0,0,0,0,0,0,0,0,0,0,0,0,0,0,0,0,0,0,0,0
2022-09-07,2022,9,7,quarta,36,1,0,1,Independencia,0,0,0,0,0,0,0,0,0,0,0,0,0,0,0,0,1,0,0,0,0,0,0,0,0,0,0,0
2022-09-08,2022,9,8,quinta,36,0,0,0,Sem_Evento,0,0,0,0,0,0,0,0,0,0,0,0,0,0,0,0,0,0,0,0,0,0,0,0,0,0,0,0
2022-09-09,2022,9,9,sexta,36,0,1,3,Dia_do_Cliente,0,0,0,0,0,0,0,0,0,0,1,0,0,0,0,0,0,0,0,0,0,0,0,0,0,0,0,0
2022-09-10,2022,9,10,sabado,36,0,1,3,Dia_do_Cliente,0,0,0,0,0,0,0,0,0,0,1,0,0,0,0,0,0,0,0,0,0,0,0,0,0,0,0,0
2022-09-11,2022,9,11,domingo,36,0,1,3,Dia_do_Cliente,0,0,0,0,0,0,0,0,0,0,1,0,0,0,0,0,0,0,0,0,0,0,0,0,0,0,0,0
2022-09-12,2022,9,12,segunda,37,0,1,3,Dia_do_Cliente,0,0,0,0,0,0,0,0,0,0,1,0,0,0,0,0,0,0,0,0,0,0,0,0,0,0,0,0
2022-09-13,2022,9,13,terca,37,0,1,3,Dia_do_Cliente,0,0,0,0,0,0,0,0,0,0,1,0,0,0,0,0,0,0,0,0,0,0,0,0,0,0,0,0
2022-09-14,2022,9,14,quarta,37,0,1,3,Dia_do_Cliente,0,0,0,0,0,0,0,0,0,0,1,0,0,0,0,0,0,0,0,0,0,0,0,0,0,0,0,0
2022-09-15,2022,9,15,quinta,37,0,1,3,Dia_do_Cliente,0,0,0,0,0,0,0,0,0,0,1,0,0,0,0,0,0,0,0,0,0,0,0,0,0,0,0,0
2022-09-16,2022,9,16,sexta,37,0,1,3,Dia_do_Cliente,0,0,0,0,0,0,0,0,0,0,1,0,0,0,0,0,0,0,0,0,0,0,0,0,0,0,0,0
2022-09-17,2022,9,17,sabado,37,0,1,3,Dia_do_Cliente,0,0,0,0,0,0,0,0,0,0,1,0,0,0,0,0,0,0,0,0,0,0,0,0,0,0,0,0
2022-09-18,2022,9,18,domingo,37,0,1,3,Dia_do_Cliente,0,0,0,0,0,0,0,0,0,0,1,0,0,0,0,0,0,0,0,0,0,0,0,0,0,0,0,0
2022-09-19,2022,9,19,segunda,38,0,1,3,Dia_do_Cliente,0,0,0,0,0,0,0,0,0,0,1,0,0,0,0,0,0,0,0,0,0,0,0,0,0,0,0,0
2022-09-20,2022,9,20,terca,38,0,1,3,Dia_do_Cliente,0,0,0,0,0,0,0,0,0,0,1,0,0,0,0,0,0,0,0,0,0,0,0,0,0,0,0,0
2022-09-21,2022,9,21,quarta,38,0,1,3,Dia_do_Cliente,0,0,0,0,0,0,0,0,0,0,1,0,0,0,0,0,0,0,0,0,0,0,0,0,0,0,0,0
2022-09-22,2022,9,22,quinta,38,0,1,3,Dia_do_Cliente,0,0,0,0,0,0,0,0,0,0,1,0,0,0,0,0,0,0,0,0,0,0,0,0,0,0,0,0
2022-09-23,2022,9,23,sexta,38,0,0,0,Sem_Evento,0,0,0,0,0,0,0,0,0,0,0,0,0,0,0,0,0,0,0,0,0,0,0,0,0,0,0,0
2022-09-24,2022,9,24,sabado,38,0,0,0,Sem_Evento,0,0,0,0,0,0,0,0,0,0,0,0,0,0,0,0,0,0,0,0,0,0,0,0,0,0,0,0
2022-09-25,2022,9,25,domingo,38,0,0,0,Sem_Evento,0,0,0,0,0,0,0,0,0,0,0,0,0,0,0,0,0,0,0,0,0,0,0,0,0,0,0,0
2022-09-26,2022,9,26,segunda,39,0,0,0,Sem_Evento,0,0,0,0,0,0,0,0,0,0,0,0,0,0,0,0,0,0,0,0,0,0,0,0,0,0,0,0
2022-09-27,2022,9,27,terca,39,0,0,0,Sem_Evento,0,0,0,0,0,0,0,0,0,0,0,0,0,0,0,0,0,0,0,0,0,0,0,0,0,0,0,0
2022-09-28,2022,9,28,quarta,39,0,0,0,Sem_Evento,0,0,0,0,0,0,0,0,0,0,0,0,0,0,0,0,0,0,0,0,0,0,0,0,0,0,0,0
2022-09-29,2022,9,29,quinta,39,0,0,0,Sem_Evento,0,0,0,0,0,0,0,0,0,0,0,0,0,0,0,0,0,0,0,0,0,0,0,0,0,0,0,0
2022-09-30,2022,9,30,sexta,39,0,0,0,Sem_Evento,0,0,0,0,0,0,0,0,0,0,0,0,0,0,0,0,0,0,0,0,0,0,0,0,0,0,0,0
2022-10-01,2022,10,1,sabado,39,0,1,3,Dia_das_Criancas,0,0,0,0,0,0,0,0,1,0,0,0,0,0,0,0,0,0,0,0,0,0,0,0,0,0,0,0
2022-10-02,2022,10,2,domingo,39,0,1,3,Dia_das_Criancas,0,0,0,0,0,0,0,0,1,0,0,0,0,0,0,0,0,0,0,0,0,0,0,0,0,0,0,0
2022-10-03,2022,10,3,segunda,40,0,1,3,Dia_das_Criancas,0,0,0,0,0,0,0,0,1,0,0,0,0,0,0,0,0,0,0,0,0,0,0,0,0,0,0,0
2022-10-04,2022,10,4,terca,40,0,1,3,Dia_das_Criancas,0,0,0,0,0,0,0,0,1,0,0,0,0,0,0,0,0,0,0,0,0,0,0,0,0,0,0,0
2022-10-05,2022,10,5,quarta,40,0,1,3,Dia_das_Criancas,0,0,0,0,0,0,0,0,1,0,0,0,0,0,0,0,0,0,0,0,0,0,0,0,0,0,0,0
2022-10-06,2022,10,6,quinta,40,0,1,3,Dia_das_Criancas,0,0,0,0,0,0,0,0,1,0,0,0,0,0,0,0,0,0,0,0,0,0,0,0,0,0,0,0
2022-10-07,2022,10,7,sexta,40,0,1,3,Dia_das_Criancas,0,0,0,0,0,0,0,0,1,0,0,0,0,0,0,0,0,0,0,0,0,0,0,0,0,0,0,0
2022-10-08,2022,10,8,sabado,40,0,1,3,Dia_das_Criancas,0,0,0,0,0,0,0,0,1,0,0,0,0,0,0,0,0,0,0,0,0,0,0,0,0,0,0,0
2022-10-09,2022,10,9,domingo,40,0,1,3,Dia_das_Criancas,0,0,0,0,0,0,0,0,1,0,0,0,0,0,0,0,0,0,0,0,0,0,0,0,0,0,0,0
2022-10-10,2022,10,10,segunda,41,0,1,3,Dia_das_Criancas,0,0,0,0,0,0,0,0,1,0,0,0,0,0,0,0,0,0,0,0,0,0,0,0,0,0,0,0
2022-10-11,2022,10,11,terca,41,0,1,3,Dia_das_Criancas,0,0,0,0,0,0,0,0,1,0,0,0,0,0,0,0,0,0,0,0,0,0,0,0,0,0,0,0
2022-10-12,2022,10,12,quarta,41,1,1,3,Dia_das_Criancas,0,0,0,0,0,0,0,0,1,0,0,0,0,0,0,0,0,0,1,0,0,0,0,0,0,0,0,0
2022-10-13,2022,10,13,quinta,41,0,0,0,Sem_Evento,0,0,0,0,0,0,0,0,0,0,0,0,0,0,0,0,0,0,0,0,0,0,0,0,0,0,0,0
2022-10-14,2022,10,14,sexta,41,0,0,0,Sem_Evento,0,0,0,0,0,0,0,0,0,0,0,0,0,0,0,0,0,0,0,0,0,0,0,0,0,0,0,0
2022-10-15,2022,10,15,sabado,41,0,0,0,Sem_Evento,0,0,0,0,0,0,0,0,0,0,0,0,0,0,0,0,0,0,0,0,0,0,0,0,0,0,0,0
2022-10-16,2022,10,16,domingo,41,0,0,0,Sem_Evento,0,0,0,0,0,0,0,0,0,0,0,0,0,0,0,0,0,0,0,0,0,0,0,0,0,0,0,0
2022-10-17,2022,10,17,segunda,42,0,0,0,Sem_Evento,0,0,0,0,0,0,0,0,0,0,0,0,0,0,0,0,0,0,0,0,0,0,0,0,0,0,0,0
2022-10-18,2022,10,18,terca,42,0,0,0,Sem_Evento,0,0,0,0,0,0,0,0,0,0,0,0,0,0,0,0,0,0,0,0,0,0,0,0,0,0,0,0
2022-10-19,2022,10,19,quarta,42,0,0,0,Sem_Evento,0,0,0,0,0,0,0,0,0,0,0,0,0,0,0,0,0,0,0,0,0,0,0,0,0,0,0,0
2022-10-20,2022,10,20,quinta,42,0,1,3,Copa_do_Mundo,0,0,0,0,0,1,0,0,0,0,0,0,0,0,0,0,0,0,0,0,0,0,0,0,0,0,0,0
2022-10-21,2022,10,21,sexta,42,0,1,3,Copa_do_Mundo,0,0,0,0,0,1,0,0,0,0,0,0,0,0,0,0,0,0,0,0,0,0,0,0,0,0,0,0
2022-10-22,2022,10,22,sabado,42,0,1,3,Copa_do_Mundo,0,0,0,0,0,1,0,0,0,0,0,0,0,0,0,0,0,0,0,0,0,0,0,0,0,0,0,0
2022-10-23,2022,10,23,domingo,42,0,1,3,Copa_do_Mundo,0,0,0,0,0,1,0,0,0,0,0,0,0,0,0,0,0,0,0,0,0,0,0,0,0,0,0,0
2022-10-24,2022,10,24,segunda,43,0,1,3,Copa_do_Mundo,0,0,0,0,0,1,0,0,0,0,0,0,0,0,0,0,0,0,0,0,0,0,0,0,0,0,0,0
2022-10-25,2022,10,25,terca,43,0,1,3,Copa_do_Mundo,0,0,0,0,0,1,0,0,0,0,0,0,0,0,0,0,0,0,0,0,0,0,0,0,0,0,0,0
2022-10-26,2022,10,26,quarta,43,0,1,3,Copa_do_Mundo,0,0,0,0,0,1,0,0,0,0,0,0,0,0,0,0,0,0,0,0,0,0,0,0,0,0,0,0
2022-10-27,2022,10,27,quinta,43,0,1,3,Copa_do_Mundo,0,0,0,0,0,1,0,0,0,0,0,0,0,0,0,0,0,0,0,0,0,0,0,0,0,0,0,0
2022-10-28,2022,10,28,sexta,43,0,1,3,Copa_do_Mundo,0,0,0,0,0,1,0,0,0,0,0,0,0,0,0,0,0,0,0,0,0,0,0,0,0,0,0,0
2022-10-29,2022,10,29,sabado,43,0,1,3,Copa_do_Mundo,0,0,0,0,0,1,0,0,0,0,0,0,0,0,0,0,0,0,0,0,0,0,0,0,0,0,0,0
2022-10-30,2022,10,30,domingo,43,0,1,3,Copa_do_Mundo,0,0,0,0,0,1,0,0,0,0,0,0,0,0,0,0,0,0,0,0,0,0,0,0,0,0,0,0
2022-10-31,2022,10,31,segunda,44,0,1,3,Copa_do_Mundo,0,0,0,0,0,1,0,0,0,0,0,0,0,0,0,0,0,0,0,0,0,0,0,0,0,0,0,0
2022-11-01,2022,11,1,terca,44,0,1,3,Black_November_Esquenta,0,1,0,0,0,1,0,0,0,0,0,0,0,0,0,0,0,0,0,0,0,0,0,0,0,0,0,0
2022-11-02,2022,11,2,quarta,44,1,1,3,Black_November_Esquenta,0,1,0,0,0,1,0,0,0,0,0,0,0,0,0,1,0,0,0,0,0,0,0,0,0,0,0,0
2022-11-03,2022,11,3,quinta,44,0,1,3,Black_November_Esquenta,0,1,0,0,0,1,0,0,0,0,0,0,0,0,0,0,0,0,0,0,0,0,0,0,0,0,0,0
2022-11-04,2022,11,4,sexta,44,0,1,3,Black_November_Esquenta,0,1,0,0,0,1,0,0,0,0,0,0,0,0,0,0,0,0,0,0,0,0,0,0,0,0,0,0
2022-11-05,2022,11,5,sabado,44,0,1,3,Black_November_Esquenta,0,1,0,0,0,1,0,0,0,0,0,0,0,0,0,0,0,0,0,0,0,0,0,0,0,0,0,0
2022-11-06,2022,11,6,domingo,44,0,1,3,Black_November_Esquenta,0,1,0,0,0,1,0,0,0,0,0,0,0,0,0,0,0,0,0,0,0,0,0,0,0,0,0,0
2022-11-07,2022,11,7,segunda,45,0,1,3,Black_November_Esquenta,0,1,0,0,0,1,0,0,0,0,0,0,0,0,0,0,0,0,0,0,0,0,0,0,0,0,0,0
2022-11-08,2022,11,8,terca,45,0,1,3,Black_November_Esquenta,0,1,0,0,0,1,0,0,0,0,0,0,0,0,0,0,0,0,0,0,0,0,0,0,0,0,0,0
2022-11-09,2022,11,9,quarta,45,0,1,3,Black_November_Esquenta,0,1,0,0,0,1,0,0,0,0,0,0,0,0,0,0,0,0,0,0,0,0,0,0,0,0,0,0
2022-11-10,2022,11,10,quinta,45,0,1,3,Black_November_Esquenta,0,1,0,0,0,1,0,0,0,0,0,0,0,0,0,0,0,0,0,0,0,0,0,0,0,0,0,0
2022-11-11,2022,11,11,sexta,45,0,1,3,Black_November_Esquenta,0,1,0,0,0,1,0,0,0,0,0,0,0,0,0,0,0,0,0,0,0,0,0,0,0,0,0,0
2022-11-12,2022,11,12,sabado,45,0,1,3,Black_November_Esquenta,0,1,0,0,0,1,0,0,0,0,0,0,0,0,0,0,0,0,0,0,0,0,0,0,0,0,0,0
2022-11-13,2022,11,13,domingo,45,0,1,3,Black_November_Esquenta,0,1,0,0,0,1,0,0,0,0,0,0,0,0,0,0,0,0,0,0,0,0,0,0,0,0,0,0
2022-11-14,2022,11,14,segunda,46,0,1,3,Black_November_Esquenta,0,1,0,0,0,1,0,0,0,0,0,0,0,0,0,0,0,0,0,0,0,0,0,0,0,0,0,0
2022-11-15,2022,11,15,terca,46,1,1,3,Black_November_Esquenta,0,1,0,0,0,1,0,0,0,0,0,0,0,0,0,0,0,0,0,0,0,0,0,1,0,0,0,0
2022-11-16,2022,11,16,quarta,46,0,1,3,Black_November_Esquenta,0,1,0,0,0,1,0,0,0,0,0,0,0,0,0,0,0,0,0,0,0,0,0,0,0,0,0,0
2022-11-17,2022,11,17,quinta,46,0,1,3,Black_November_Esquenta,0,1,0,0,0,1,0,0,0,0,0,0,0,0,0,0,0,0,0,0,0,0,0,0,0,0,0,0
2022-11-18,2022,11,18,sexta,46,0,1,3,Black_November_Esquenta,0,1,0,0,0,1,0,0,0,0,0,0,0,0,0,0,0,0,0,0,0,0,0,0,0,0,0,0
2022-11-19,2022,11,19,sabado,46,0,1,3,Black_November_Esquenta,0,1,0,0,0,1,0,0,0,0,0,0,0,0,0,0,0,0,0,0,0,0,0,0,0,0,0,0
2022-11-20,2022,11,20,domingo,46,0,1,3,Copa_do_Mundo,0,1,0,0,0,1,0,0,0,0,0,0,0,0,0,0,0,0,0,0,0,0,0,0,0,0,0,0
2022-11-21,2022,11,21,segunda,47,0,1,5,Black_Friday,1,0,0,0,0,1,0,0,0,0,0,0,0,0,0,0,0,0,0,0,0,0,0,0,0,0,0,0
2022-11-22,2022,11,22,terca,47,0,1,5,Black_Friday,1,0,0,0,0,1,0,0,0,0,0,0,0,0,0,0,0,0,0,0,0,0,0,0,0,0,0,0
2022-11-23,2022,11,23,quarta,47,0,1,5,Black_Friday,1,0,0,0,0,1,0,0,0,0,0,0,0,0,0,0,0,0,0,0,0,0,0,0,0,0,0,0
2022-11-24,2022,11,24,quinta,47,0,1,5,Black_Friday,1,0,0,0,0,1,0,0,0,0,0,0,0,0,0,0,0,0,0,0,0,0,0,0,0,0,0,0
2022-11-25,2022,11,25,sexta,47,0,1,5,Black_Friday,1,0,0,0,0,1,0,0,0,0,0,0,0,0,0,0,0,0,0,0,0,0,0,0,0,0,0,0
2022-11-26,2022,11,26,sabado,47,0,1,5,Black_Friday,1,0,0,0,0,1,0,0,0,0,0,0,0,0,0,0,0,0,0,0,0,0,0,0,0,0,0,0
2022-11-27,2022,11,27,domingo,47,0,1,5,Black_Friday,1,0,0,0,0,1,0,0,0,0,0,0,0,0,0,0,0,0,0,0,0,0,0,0,0,0,0,0
2022-11-28,2022,11,28,segunda,48,0,1,5,Black_Friday,1,0,0,0,0,1,0,1,0,0,0,0,0,0,0,0,0,0,0,0,0,0,0,0,0,0,0,0
2022-11-29,2022,11,29,terca,48,0,1,3,Copa_do_Mundo,0,0,0,0,0,1,0,0,0,0,0,0,0,0,0,0,0,0,0,0,0,0,0,0,0,0,0,0
2022-11-30,2022,11,30,quarta,48,0,1,3,Copa_do_Mundo,0,0,0,0,0,1,0,0,0,0,0,0,0,0,0,0,0,0,0,0,0,0,0,0,0,0,0,0
2022-12-01,2022,12,1,quinta,48,0,1,5,Natal,0,0,0,0,0,1,0,0,0,0,0,0,0,0,0,0,0,0,0,1,0,0,0,0,0,0,0,0
2022-12-02,2022,12,2,sexta,48,0,1,5,Natal,0,0,0,0,0,1,0,0,0,0,0,0,0,0,0,0,0,0,0,1,0,0,0,0,0,0,0,0
2022-12-03,2022,12,3,sabado,48,0,1,5,Natal,0,0,0,0,0,1,0,0,0,0,0,0,0,0,0,0,0,0,0,1,0,0,0,0,0,0,0,0
2022-12-04,2022,12,4,domingo,48,0,1,5,Natal,0,0,0,0,0,1,0,0,0,0,0,0,0,0,0,0,0,0,0,1,0,0,0,0,0,0,0,0
2022-12-05,2022,12,5,segunda,49,0,1,5,Natal,0,0,0,0,0,1,0,0,0,0,0,0,0,0,0,0,0,0,0,1,0,0,0,0,0,0,0,0
2022-12-06,2022,12,6,terca,49,0,1,5,Natal,0,0,0,0,0,1,0,0,0,0,0,0,0,0,0,0,0,0,0,1,0,0,0,0,0,0,0,0
2022-12-07,2022,12,7,quarta,49,0,1,5,Natal,0,0,0,0,0,1,0,0,0,0,0,0,0,0,0,0,0,0,0,1,0,0,0,0,0,0,0,0
2022-12-08,2022,12,8,quinta,49,0,1,5,Natal,0,0,0,0,0,1,0,0,0,0,0,0,0,0,0,0,0,0,0,1,0,0,0,0,0,0,0,0
2022-12-09,2022,12,9,sexta,49,0,1,5,Natal,0,0,0,0,0,1,0,0,0,0,0,0,0,0,0,0,0,0,0,1,0,0,0,0,0,0,0,0
2022-12-10,2022,12,10,sabado,49,0,1,5,Natal,0,0,0,0,0,1,0,0,0,0,0,0,0,0,0,0,0,0,0,1,0,0,0,0,0,0,0,0
2022-12-11,2022,12,11,domingo,49,0,1,5,Natal,0,0,0,0,0,1,0,0,0,0,0,0,0,0,0,0,0,0,0,1,0,0,0,0,0,0,0,0
2022-12-12,2022,12,12,segunda,50,0,1,5,Natal,0,0,0,0,0,1,0,0,0,0,0,0,0,0,0,0,0,0,0,1,0,0,0,0,0,0,0,0
2022-12-13,2022,12,13,terca,50,0,1,5,Natal,0,0,0,0,0,1,0,0,0,0,0,0,0,0,0,0,0,0,0,1,0,0,0,0,0,0,0,0
2022-12-14,2022,12,14,quarta,50,0,1,5,Natal,0,0,0,0,0,1,0,0,0,0,0,0,0,0,0,0,0,0,0,1,0,0,0,0,0,0,0,0
2022-12-15,2022,12,15,quinta,50,0,1,5,Natal,0,0,0,0,0,1,0,0,0,0,0,0,0,0,0,0,0,0,0,1,0,0,0,0,0,0,0,0
2022-12-16,2022,12,16,sexta,50,0,1,5,Natal,0,0,0,0,0,1,0,0,0,0,0,0,0,0,0,0,0,0,0,1,0,0,0,0,0,0,0,0
2022-12-17,2022,12,17,sabado,50,0,1,5,Natal,0,0,0,0,0,1,0,0,0,0,0,0,0,0,0,0,0,0,0,1,0,0,0,0,0,0,0,0
2022-12-18,2022,12,18,domingo,50,0,1,5,Natal,0,0,0,0,0,1,0,0,0,0,0,0,0,0,0,0,0,0,0,1,0,0,0,0,0,0,0,0
2022-12-19,2022,12,19,segunda,51,0,1,5,Natal,0,0,0,0,0,0,0,0,0,0,0,0,0,0,0,0,0,0,0,1,0,0,0,0,0,0,0,0
2022-12-20,2022,12,20,terca,51,0,1,5,Natal,0,0,0,0,0,0,0,0,0,0,0,0,0,0,0,0,0,0,0,1,0,0,0,0,0,0,0,0
2022-12-21,2022,12,21,quarta,51,0,1,5,Natal,0,0,0,0,0,0,0,0,0,0,0,0,0,0,0,0,0,0,0,1,0,0,0,0,0,0,0,0
2022-12-22,2022,12,22,quinta,51,0,1,5,Natal,0,0,0,0,0,0,0,0,0,0,0,0,0,0,0,0,0,0,0,1,0,0,0,0,0,0,0,0
2022-12-23,2022,12,23,sexta,51,0,1,5,Natal,0,0,0,0,0,0,0,0,0,0,0,0,0,0,0,0,0,0,0,1,0,0,0,0,0,0,0,0
2022-12-24,2022,12,24,sabado,51,0,1,5,Natal,0,0,0,0,0,0,0,0,0,0,0,0,0,0,0,0,0,0,0,1,0,0,0,0,0,0,0,0
2022-12-25,2022,12,25,domingo,51,1,0,1,Natal_Feriado,0,0,0,0,0,0,0,0,0,0,0,0,0,0,0,0,0,0,0,0,1,0,0,0,0,0,0,0
2022-12-26,2022,12,26,segunda,52,0,1,3,Pos_Natal_Saldao,0,0,0,0,0,0,0,0,0,0,0,0,0,0,0,0,0,0,0,0,0,0,1,0,0,0,0,0
2022-12-27,2022,12,27,terca,52,0,1,3,Pos_Natal_Saldao,0,0,0,0,0,0,0,0,0,0,0,0,0,0,0,0,0,0,0,0,0,0,1,0,0,0,0,0
2022-12-28,2022,12,28,quarta,52,0,1,3,Pos_Natal_Saldao,0,0,0,0,0,0,0,0,0,0,0,0,0,0,0,0,0,0,0,0,0,0,1,0,0,0,0,0
2022-12-29,2022,12,29,quinta,52,0,1,3,Pos_Natal_Saldao,0,0,0,0,0,0,0,0,0,0,0,0,0,0,0,0,0,0,0,0,0,0,1,0,0,0,0,0
2022-12-30,2022,12,30,sexta,52,0,1,3,Pos_Natal_Saldao,0,0,0,0,0,0,0,0,0,0,0,0,0,0,0,0,0,0,0,0,0,0,1,0,0,0,0,0
2022-12-31,2022,12,31,sabado,52,0,1,3,Pos_Natal_Saldao,0,0,0,0,0,0,0,0,0,0,0,0,0,0,0,0,0,0,0,0,0,0,1,0,0,0,0,0
2023-01-01,2023,1,1,domingo,52,1,0,1,Confraternizacao_Universal,0,0,0,1,0,0,0,0,0,0,0,0,0,0,0,0,0,0,0,0,0,0,0,0,0,0,0,0
2023-01-02,2023,1,2,segunda,1,0,1,3,Liquida_Inicio_Ano,0,0,0,0,0,0,0,0,0,0,0,0,0,0,0,0,0,1,0,0,0,0,0,0,0,0,0,0
2023-01-03,2023,1,3,terca,1,0,1,3,Liquida_Inicio_Ano,0,0,0,0,0,0,0,0,0,0,0,0,0,0,0,0,0,1,0,0,0,0,0,0,0,0,0,0
2023-01-04,2023,1,4,quarta,1,0,1,3,Liquida_Inicio_Ano,0,0,0,0,0,0,0,0,0,0,0,0,0,0,0,0,0,1,0,0,0,0,0,0,0,0,0,0
2023-01-05,2023,1,5,quinta,1,0,1,3,Liquida_Inicio_Ano,0,0,0,0,0,0,0,0,0,0,0,0,0,0,0,0,0,1,0,0,0,0,0,0,0,0,0,1
2023-01-06,2023,1,6,sexta,1,0,1,3,Liquida_Inicio_Ano,0,0,0,0,0,0,0,0,0,0,0,0,0,0,0,0,0,1,0,0,0,0,0,0,0,0,0,1
2023-01-07,2023,1,7,sabado,1,0,1,3,Liquida_Inicio_Ano,0,0,0,0,0,0,0,0,0,0,0,0,0,0,0,0,0,1,0,0,0,0,0,0,0,0,0,1
2023-01-08,2023,1,8,domingo,1,0,1,3,Liquida_Inicio_Ano,0,0,0,0,0,0,0,0,0,0,0,0,0,0,0,0,0,1,0,0,0,0,0,0,0,0,0,1
2023-01-09,2023,1,9,segunda,2,0,1,3,Liquida_Inicio_Ano,0,0,0,0,0,0,0,0,0,0,0,0,0,0,0,0,0,1,0,0,0,0,0,0,0,0,0,1
2023-01-10,2023,1,10,terca,2,0,1,3,Liquida_Inicio_Ano,0,0,0,0,0,0,0,0,0,0,0,0,0,0,0,0,0,1,0,0,0,0,0,0,0,0,0,1
2023-01-11,2023,1,11,quarta,2,0,1,3,Liquida_Inicio_Ano,0,0,0,0,0,0,0,0,0,0,0,0,0,0,0,0,0,1,0,0,0,0,0,0,0,0,0,1
2023-01-12,2023,1,12,quinta,2,0,1,3,Liquida_Inicio_Ano,0,0,0,0,0,0,0,0,0,0,0,0,0,0,0,0,0,1,0,0,0,0,0,0,0,0,0,1
2023-01-13,2023,1,13,sexta,2,0,1,3,Liquida_Inicio_Ano,0,0,0,0,0,0,0,0,0,0,0,0,0,0,0,0,0,1,0,0,0,0,0,0,0,0,0,1
2023-01-14,2023,1,14,sabado,2,0,1,3,Liquida_Inicio_Ano,0,0,0,0,0,0,0,0,0,0,0,0,0,0,0,0,0,1,0,0,0,0,0,0,0,0,0,1
2023-01-15,2023,1,15,domingo,2,0,1,3,Liquida_Inicio_Ano,0,0,0,0,0,0,0,0,0,0,0,0,0,0,0,0,0,1,0,0,0,0,0,0,0,0,0,1
2023-01-16,2023,1,16,segunda,3,0,1,3,Liquida_Inicio_Ano,0,0,0,0,0,0,0,0,0,0,0,0,0,0,0,0,0,1,0,0,0,0,0,0,0,0,0,1
2023-01-17,2023,1,17,terca,3,0,1,3,Liquida_Inicio_Ano,0,0,0,0,0,0,0,0,0,0,0,0,0,0,0,0,0,1,0,0,0,0,0,0,0,0,0,1
2023-01-18,2023,1,18,quarta,3,0,1,3,Volta_as_Aulas,0,0,0,0,0,0,0,0,0,0,0,0,0,0,0,0,0,1,0,0,0,0,0,0,0,0,0,1
2023-01-19,2023,1,19,quinta,3,0,1,3,Volta_as_Aulas,0,0,0,0,0,0,0,0,0,0,0,0,0,0,0,0,0,1,0,0,0,0,0,0,0,0,0,1
2023-01-20,2023,1,20,sexta,3,0,1,3,Volta_as_Aulas,0,0,0,0,0,0,0,0,0,0,0,0,0,0,0,0,0,1,0,0,0,0,0,0,0,0,0,1
2023-01-21,2023,1,21,sabado,3,0,1,3,Volta_as_Aulas,0,0,0,0,0,0,0,0,0,0,0,0,0,0,0,0,0,1,0,0,0,0,0,0,0,0,0,1
2023-01-22,2023,1,22,domingo,3,0,1,3,Volta_as_Aulas,0,0,0,0,0,0,0,0,0,0,0,0,0,0,0,0,0,1,0,0,0,0,0,0,0,0,0,1
2023-01-23,2023,1,23,segunda,4,0,1,3,Volta_as_Aulas,0,0,0,0,0,0,0,0,0,0,0,0,0,0,0,0,0,1,0,0,0,0,0,0,0,0,0,1
2023-01-24,2023,1,24,terca,4,0,1,3,Volta_as_Aulas,0,0,0,0,0,0,0,0,0,0,0,0,0,0,0,0,0,1,0,0,0,0,0,0,0,0,0,1
2023-01-25,2023,1,25,quarta,4,0,1,3,Volta_as_Aulas,0,0,0,0,0,0,0,0,0,0,0,0,0,0,0,0,0,1,0,0,0,0,0,0,0,0,0,1
2023-01-26,2023,1,26,quinta,4,0,1,3,Volta_as_Aulas,0,0,0,0,0,0,0,0,0,0,0,0,0,0,0,0,0,1,0,0,0,0,0,0,0,0,0,1
2023-01-27,2023,1,27,sexta,4,0,1,3,Volta_as_Aulas,0,0,0,0,0,0,0,0,0,0,0,0,0,0,0,0,0,1,0,0,0,0,0,0,0,0,0,1
2023-01-28,2023,1,28,sabado,4,0,1,3,Volta_as_Aulas,0,0,0,0,0,0,0,0,0,0,0,0,0,0,0,0,0,1,0,0,0,0,0,0,0,0,0,1
2023-01-29,2023,1,29,domingo,4,0,1,3,Volta_as_Aulas,0,0,0,0,0,0,0,0,0,0,0,0,0,0,0,0,0,1,0,0,0,0,0,0,0,0,0,1
2023-01-30,2023,1,30,segunda,5,0,1,3,Volta_as_Aulas,0,0,0,0,0,0,0,0,0,0,0,0,0,0,0,0,0,1,0,0,0,0,0,0,0,0,0,1
2023-01-31,2023,1,31,terca,5,0,1,3,Volta_as_Aulas,0,0,0,0,0,0,0,0,0,0,0,0,0,0,0,0,0,1,0,0,0,0,0,0,0,0,0,1
2023-02-01,2023,2,1,quarta,5,0,1,3,Volta_as_Aulas,0,0,0,0,0,0,0,0,0,0,0,0,0,0,0,0,0,0,0,0,0,0,0,0,0,0,0,1
2023-02-02,2023,2,2,quinta,5,0,1,3,Volta_as_Aulas,0,0,0,0,0,0,0,0,0,0,0,0,0,0,0,0,0,0,0,0,0,0,0,0,0,0,0,1
2023-02-03,2023,2,3,sexta,5,0,1,3,Volta_as_Aulas,0,0,0,0,0,0,0,0,0,0,0,0,0,0,0,0,0,0,0,0,0,0,0,0,0,0,0,1
2023-02-04,2023,2,4,sabado,5,0,1,3,Volta_as_Aulas,0,0,0,0,0,0,0,0,0,0,0,0,0,0,0,0,0,0,0,0,0,0,0,0,0,0,0,1
2023-02-05,2023,2,5,domingo,5,0,1,3,Volta_as_Aulas,0,0,0,0,0,0,0,0,0,0,0,0,0,0,0,0,0,0,0,0,0,0,0,0,0,0,0,1
2023-02-06,2023,2,6,segunda,6,0,1,3,Volta_as_Aulas,0,0,0,0,0,0,0,0,0,0,0,0,0,0,0,0,0,0,0,0,0,0,0,0,0,0,0,1
2023-02-07,2023,2,7,terca,6,0,1,3,Volta_as_Aulas,0,0,0,0,0,0,0,0,0,0,0,0,0,0,0,0,0,0,0,0,0,0,0,0,0,0,0,1
2023-02-08,2023,2,8,quarta,6,0,1,3,Volta_as_Aulas,0,0,0,0,0,0,0,0,0,0,0,0,0,0,0,0,0,0,0,0,0,0,0,0,0,0,0,1
2023-02-09,2023,2,9,quinta,6,0,1,3,Volta_as_Aulas,0,0,0,0,0,0,0,0,0,0,0,0,0,0,0,0,0,0,0,0,0,0,0,0,0,0,0,1
2023-02-10,2023,2,10,sexta,6,0,1,3,Volta_as_Aulas,0,0,0,0,0,0,0,0,0,0,0,0,0,0,0,0,0,0,0,0,0,0,0,0,0,0,0,1
2023-02-11,2023,2,11,sabado,6,0,1,3,Volta_as_Aulas,0,0,0,0,0,0,0,0,0,0,0,0,0,0,0,0,0,0,0,0,0,0,0,0,0,0,0,1
2023-02-12,2023,2,12,domingo,6,0,1,3,Volta_as_Aulas,0,0,0,0,0,0,0,0,0,0,0,0,0,0,0,0,0,0,0,0,0,0,0,0,0,0,0,1
2023-02-13,2023,2,13,segunda,7,0,1,3,Volta_as_Aulas,0,0,0,0,0,0,0,0,0,0,0,0,0,0,0,0,0,0,0,0,0,0,0,0,0,0,0,1
2023-02-14,2023,2,14,terca,7,0,1,3,Volta_as_Aulas,0,0,0,0,0,0,0,0,0,0,0,0,0,0,0,0,0,0,0,0,0,0,0,0,0,0,0,1
2023-02-15,2023,2,15,quarta,7,0,1,3,Volta_as_Aulas,0,0,0,0,0,0,0,0,0,0,0,0,0,0,0,0,0,0,0,0,0,0,0,0,0,0,0,1
2023-02-16,2023,2,16,quinta,7,0,0,2,Carnaval,0,0,1,0,0,0,0,0,0,0,0,0,0,0,0,0,0,0,0,0,0,0,0,0,0,0,0,0
2023-02-17,2023,2,17,sexta,7,0,0,2,Carnaval,0,0,1,0,0,0,0,0,0,0,0,0,0,0,0,0,0,0,0,0,0,0,0,0,0,0,0,0
2023-02-18,2023,2,18,sabado,7,0,0,2,Carnaval,0,0,1,0,0,0,0,0,0,0,0,0,0,0,0,0,0,0,0,0,0,0,0,0,0,0,0,0
2023-02-19,2023,2,19,domingo,7,0,0,2,Carnaval,0,0,1,0,0,0,0,0,0,0,0,0,0,0,0,0,0,0,0,0,0,0,0,0,0,0,0,0
2023-02-20,2023,2,20,segunda,8,0,0,2,Carnaval,0,0,1,0,0,0,0,0,0,0,0,0,0,0,0,0,0,0,0,0,0,0,0,0,0,0,0,0
2023-02-21,2023,2,21,terca,8,0,0,2,Carnaval,0,0,1,0,0,0,0,0,0,0,0,0,0,0,0,0,0,0,0,0,0,0,0,0,0,0,0,0
2023-02-22,2023,2,22,quarta,8,0,0,2,Carnaval,0,0,1,0,0,0,0,0,0,0,0,0,0,0,0,0,0,0,0,0,0,0,0,0,0,0,0,0
2023-02-23,2023,2,23,quinta,8,0,0,0,Sem_Evento,0,0,0,0,0,0,0,0,0,0,0,0,0,0,0,0,0,0,0,0,0,0,0,0,0,0,0,0
2023-02-24,2023,2,24,sexta,8,0,0,0,Sem_Evento,0,0,0,0,0,0,0,0,0,0,0,0,0,0,0,0,0,0,0,0,0,0,0,0,0,0,0,0
2023-02-25,2023,2,25,sabado,8,0,0,0,Sem_Evento,0,0,0,0,0,0,0,0,0,0,0,0,0,0,0,0,0,0,0,0,0,0,0,0,0,0,0,0
2023-02-26,2023,2,26,domingo,8,0,0,0,Sem_Evento,0,0,0,0,0,0,0,0,0,0,0,0,0,0,0,0,0,0,0,0,0,0,0,0,0,0,0,0
2023-02-27,2023,2,27,segunda,9,0,0,0,Sem_Evento,0,0,0,0,0,0,0,0,0,0,0,0,0,0,0,0,0,0,0,0,0,0,0,0,0,0,0,0
2023-02-28,2023,2,28,terca,9,0,0,0,Sem_Evento,0,0,0,0,0,0,0,0,0,0,0,0,0,0,0,0,0,0,0,0,0,0,0,0,0,0,0,0
2023-03-01,2023,3,1,quarta,9,0,0,0,Sem_Evento,0,0,0,0,0,0,0,0,0,0,0,0,0,0,0,0,0,0,0,0,0,0,0,0,0,0,0,0
2023-03-02,2023,3,2,quinta,9,0,0,0,Sem_Evento,0,0,0,0,0,0,0,0,0,0,0,0,0,0,0,0,0,0,0,0,0,0,0,0,0,0,0,0
2023-03-03,2023,3,3,sexta,9,0,0,0,Sem_Evento,0,0,0,0,0,0,0,0,0,0,0,0,0,0,0,0,0,0,0,0,0,0,0,0,0,0,0,0
2023-03-04,2023,3,4,sabado,9,0,0,0,Sem_Evento,0,0,0,0,0,0,0,0,0,0,0,0,0,0,0,0,0,0,0,0,0,0,0,0,0,0,0,0
2023-03-05,2023,3,5,domingo,9,0,0,0,Sem_Evento,0,0,0,0,0,0,0,0,0,0,0,0,0,0,0,0,0,0,0,0,0,0,0,0,0,0,0,0
2023-03-06,2023,3,6,segunda,10,0,0,0,Sem_Evento,0,0,0,0,0,0,0,0,0,0,0,0,0,0,0,0,0,0,0,0,0,0,0,0,0,0,0,0
2023-03-07,2023,3,7,terca,10,0,0,0,Sem_Evento,0,0,0,0,0,0,0,0,0,0,0,0,0,0,0,0,0,0,0,0,0,0,0,0,0,0,0,0
2023-03-08,2023,3,8,quarta,10,0,0,0,Sem_Evento,0,0,0,0,0,0,0,0,0,0,0,0,0,0,0,0,0,0,0,0,0,0,0,0,0,0,0,0
2023-03-09,2023,3,9,quinta,10,0,1,4,Semana_do_Consumidor,0,0,0,0,0,0,0,0,0,0,0,0,0,0,0,0,0,0,0,0,0,0,0,0,1,0,0,0
2023-03-10,2023,3,10,sexta,10,0,1,4,Semana_do_Consumidor,0,0,0,0,0,0,0,0,0,0,0,0,0,0,0,0,0,0,0,0,0,0,0,0,1,0,0,0
2023-03-11,2023,3,11,sabado,10,0,1,4,Semana_do_Consumidor,0,0,0,0,0,0,0,0,0,0,0,0,0,0,0,0,0,0,0,0,0,0,0,0,1,0,0,0
2023-03-12,2023,3,12,domingo,10,0,1,4,Semana_do_Consumidor,0,0,0,0,0,0,0,0,0,0,0,0,0,0,0,0,0,0,0,0,0,0,0,0,1,0,0,0
2023-03-13,2023,3,13,segunda,11,0,1,4,Semana_do_Consumidor,0,0,0,0,0,0,0,0,0,0,0,0,0,0,0,0,0,0,0,0,0,0,0,0,1,0,0,0
2023-03-14,2023,3,14,terca,11,0,1,4,Semana_do_Consumidor,0,0,0,0,0,0,0,0,0,0,0,0,0,0,0,0,0,0,0,0,0,0,0,0,1,0,0,0
2023-03-15,2023,3,15,quarta,11,0,1,4,Semana_do_Consumidor,0,0,0,0,0,0,0,0,0,0,0,0,0,0,0,0,0,0,0,0,0,0,0,0,1,0,0,0
2023-03-16,2023,3,16,quinta,11,0,1,4,Semana_do_Consumidor,0,0,0,0,0,0,0,0,0,0,0,0,0,0,0,0,0,0,0,0,0,0,0,0,1,0,0,0
2023-03-17,2023,3,17,sexta,11,0,1,4,Semana_do_Consumidor,0,0,0,0,0,0,0,0,0,0,0,0,0,0,0,0,0,0,0,0,0,0,0,0,1,0,0,0
2023-03-18,2023,3,18,sabado,11,0,1,4,Semana_do_Consumidor,0,0,0,0,0,0,0,0,0,0,0,0,0,0,0,0,0,0,0,0,0,0,0,0,1,0,0,0
2023-03-19,2023,3,19,domingo,11,0,1,4,Semana_do_Consumidor,0,0,0,0,0,0,0,0,0,0,0,0,0,0,0,0,0,0,0,0,0,1,0,0,1,0,0,0
2023-03-20,2023,3,20,segunda,12,0,1,4,Semana_do_Consumidor,0,0,0,0,0,0,0,0,0,0,0,0,0,0,0,0,0,0,0,0,0,1,0,0,1,0,0,0
2023-03-21,2023,3,21,terca,12,0,1,4,Semana_do_Consumidor,0,0,0,0,0,0,0,0,0,0,0,0,0,0,0,0,0,0,0,0,0,1,0,0,1,0,0,0
2023-03-22,2023,3,22,quarta,12,0,1,4,Semana_do_Consumidor,0,0,0,0,0,0,0,0,0,0,0,0,0,0,0,0,0,0,0,0,0,1,0,0,1,0,0,0
2023-03-23,2023,3,23,quinta,12,0,0,3,Pascoa,0,0,0,0,0,0,0,0,0,0,0,0,0,0,0,0,0,0,0,0,0,1,0,0,0,0,0,0
2023-03-24,2023,3,24,sexta,12,0,0,3,Pascoa,0,0,0,0,0,0,0,0,0,0,0,0,0,0,0,0,0,0,0,0,0,1,0,0,0,0,0,0
2023-03-25,2023,3,25,sabado,12,0,0,3,Pascoa,0,0,0,0,0,0,0,0,0,0,0,0,0,0,0,0,0,0,0,0,0,1,0,0,0,0,0,0
2023-03-26,2023,3,26,domingo,12,0,0,3,Pascoa,0,0,0,0,0,0,0,0,0,0,0,0,0,0,0,0,0,0,0,0,0,1,0,0,0,0,0,0
2023-03-27,2023,3,27,segunda,13,0,0,3,Pascoa,0,0,0,0,0,0,0,0,0,0,0,0,0,0,0,0,0,0,0,0,0,1,0,0,0,0,0,0
2023-03-28,2023,3,28,terca,13,0,0,3,Pascoa,0,0,0,0,0,0,0,0,0,0,0,0,0,0,0,0,0,0,0,0,0,1,0,0,0,0,0,0
2023-03-29,2023,3,29,quarta,13,0,0,3,Pascoa,0,0,0,0,0,0,0,0,0,0,0,0,0,0,0,0,0,0,0,0,0,1,0,0,0,0,0,0
2023-03-30,2023,3,30,quinta,13,0,0,3,Pascoa,0,0,0,0,0,0,0,0,0,0,0,0,0,0,0,0,0,0,0,0,0,1,0,0,0,0,0,0
2023-03-31,2023,3,31,sexta,13,0,0,3,Pascoa,0,0,0,0,0,0,0,0,0,0,0,0,0,0,0,0,0,0,0,0,0,1,0,0,0,0,0,0
2023-04-01,2023,4,1,sabado,13,0,0,3,Pascoa,0,0,0,0,0,0,0,0,0,0,0,0,0,0,0,0,0,0,0,0,0,1,0,0,0,0,0,0
2023-04-02,2023,4,2,domingo,13,0,0,3,Pascoa,0,0,0,0,0,0,0,0,0,0,0,0,0,0,0,0,0,0,0,0,0,1,0,0,0,0,0,0
2023-04-03,2023,4,3,segunda,14,0,0,3,Pascoa,0,0,0,0,0,0,0,0,0,0,0,0,0,0,0,0,0,0,0,0,0,1,0,0,0,0,0,0
2023-04-04,2023,4,4,terca,14,0,0,3,Pascoa,0,0,0,0,0,0,0,0,0,0,0,0,0,0,0,0,0,0,0,0,0,1,0,0,0,0,0,0
2023-04-05,2023,4,5,quarta,14,0,0,3,Pascoa,0,0,0,0,0,0,0,0,0,0,0,0,0,0,0,0,0,0,0,0,0,1,0,0,0,0,0,0
2023-04-06,2023,4,6,quinta,14,0,0,3,Pascoa,0,0,0,0,0,0,0,0,0,0,0,0,0,0,0,0,0,0,0,0,0,1,0,0,0,0,0,0
2023-04-07,2023,4,7,sexta,14,1,0,3,Pascoa,0,0,0,0,0,0,0,0,0,0,0,0,0,0,0,0,0,0,0,0,0,1,0,0,0,1,0,0
2023-04-08,2023,4,8,sabado,14,0,0,3,Pascoa,0,0,0,0,0,0,0,0,0,0,0,0,0,0,0,0,0,0,0,0,0,1,0,0,0,0,0,0
2023-04-09,2023,4,9,domingo,14,0,0,3,Pascoa,0,0,0,0,0,0,0,0,0,0,0,0,0,0,0,0,0,0,0,0,0,1,0,0,0,0,0,0
2023-04-10,2023,4,10,segunda,15,0,0,0,Sem_Evento,0,0,0,0,0,0,0,0,0,0,0,0,0,0,0,0,0,0,0,0,0,0,0,0,0,0,0,0
2023-04-11,2023,4,11,terca,15,0,0,0,Sem_Evento,0,0,0,0,0,0,0,0,0,0,0,0,0,0,0,0,0,0,0,0,0,0,0,0,0,0,0,0
2023-04-12,2023,4,12,quarta,15,0,0,0,Sem_Evento,0,0,0,0,0,0,0,0,0,0,0,0,0,0,0,0,0,0,0,0,0,0,0,0,0,0,0,0
2023-04-13,2023,4,13,quinta,15,0,0,0,Sem_Evento,0,0,0,0,0,0,0,0,0,0,0,0,0,0,0,0,0,0,0,0,0,0,0,0,0,0,0,0
2023-04-14,2023,4,14,sexta,15,0,0,0,Sem_Evento,0,0,0,0,0,0,0,0,0,0,0,0,0,0,0,0,0,0,0,0,0,0,0,0,0,0,0,0
2023-04-15,2023,4,15,sabado,15,0,0,0,Sem_Evento,0,0,0,0,0,0,0,0,0,0,0,0,0,0,0,0,0,0,0,0,0,0,0,0,0,0,0,0
2023-04-16,2023,4,16,domingo,15,0,0,0,Sem_Evento,0,0,0,0,0,0,0,0,0,0,0,0,0,0,0,0,0,0,0,0,0,0,0,0,0,0,0,0
2023-04-17,2023,4,17,segunda,16,0,0,0,Sem_Evento,0,0,0,0,0,0,0,0,0,0,0,0,0,0,0,0,0,0,0,0,0,0,0,0,0,0,0,0
2023-04-18,2023,4,18,terca,16,0,0,0,Sem_Evento,0,0,0,0,0,0,0,0,0,0,0,0,0,0,0,0,0,0,0,0,0,0,0,0,0,0,0,0
2023-04-19,2023,4,19,quarta,16,0,0,0,Sem_Evento,0,0,0,0,0,0,0,0,0,0,0,0,0,0,0,0,0,0,0,0,0,0,0,0,0,0,0,0
2023-04-20,2023,4,20,quinta,16,0,0,0,Sem_Evento,0,0,0,0,0,0,0,0,0,0,0,0,0,0,0,0,0,0,0,0,0,0,0,0,0,0,0,0
2023-04-21,2023,4,21,sexta,16,1,0,1,Tiradentes,0,0,0,0,0,0,0,0,0,0,0,0,0,0,0,0,0,0,0,0,0,0,0,0,0,0,1,0
2023-04-22,2023,4,22,sabado,16,0,0,0,Sem_Evento,0,0,0,0,0,0,0,0,0,0,0,0,0,0,0,0,0,0,0,0,0,0,0,0,0,0,0,0
2023-04-23,2023,4,23,domingo,16,0,0,0,Sem_Evento,0,0,0,0,0,0,0,0,0,0,0,0,0,0,0,0,0,0,0,0,0,0,0,0,0,0,0,0
2023-04-24,2023,4,24,segunda,17,0,0,0,Sem_Evento,0,0,0,0,0,0,0,0,0,0,0,0,0,0,0,0,0,0,0,0,0,0,0,0,0,0,0,0
2023-04-25,2023,4,25,terca,17,0,0,0,Sem_Evento,0,0,0,0,0,0,0,0,0,0,0,0,0,0,0,0,0,0,0,0,0,0,0,0,0,0,0,0
2023-04-26,2023,4,26,quarta,17,0,0,0,Sem_Evento,0,0,0,0,0,0,0,0,0,0,0,0,0,0,0,0,0,0,0,0,0,0,0,0,0,0,0,0
2023-04-27,2023,4,27,quinta,17,0,1,5,Dia_das_Maes,0,0,0,0,0,0,0,0,0,1,0,0,0,0,0,0,0,0,0,0,0,0,0,0,0,0,0,0
2023-04-28,2023,4,28,sexta,17,0,1,5,Dia_das_Maes,0,0,0,0,0,0,0,0,0,1,0,0,0,0,0,0,0,0,0,0,0,0,0,0,0,0,0,0
2023-04-29,2023,4,29,sabado,17,0,1,5,Dia_das_Maes,0,0,0,0,0,0,0,0,0,1,0,0,0,0,0,0,0,0,0,0,0,0,0,0,0,0,0,0
2023-04-30,2023,4,30,domingo,17,0,1,5,Dia_das_Maes,0,0,0,0,0,0,0,0,0,1,0,0,0,0,0,0,0,0,0,0,0,0,0,0,0,0,0,0
2023-05-01,2023,5,1,segunda,18,1,1,5,Dia_das_Maes,0,0,0,0,0,0,0,0,0,1,0,1,0,0,0,0,0,0,0,0,0,0,0,0,0,0,0,0
2023-05-02,2023,5,2,terca,18,0,1,5,Dia_das_Maes,0,0,0,0,0,0,0,0,0,1,0,0,0,0,0,0,0,0,0,0,0,0,0,0,0,0,0,0
2023-05-03,2023,5,3,quarta,18,0,1,5,Dia_das_Maes,0,0,0,0,0,0,0,0,0,1,0,0,0,0,0,0,0,0,0,0,0,0,0,0,0,0,0,0
2023-05-04,2023,5,4,quinta,18,0,1,5,Dia_das_Maes,0,0,0,0,0,0,0,0,0,1,0,0,0,0,0,0,0,0,0,0,0,0,0,0,0,0,0,0
2023-05-05,2023,5,5,sexta,18,0,1,5,Dia_das_Maes,0,0,0,0,0,0,0,0,0,1,0,0,0,0,0,0,0,0,0,0,0,0,0,0,0,0,0,0
2023-05-06,2023,5,6,sabado,18,0,1,5,Dia_das_Maes,0,0,0,0,0,0,0,0,0,1,0,0,0,0,0,0,0,0,0,0,0,0,0,0,0,0,0,0
2023-05-07,2023,5,7,domingo,18,0,1,5,Dia_das_Maes,0,0,0,0,0,0,0,0,0,1,0,0,0,0,0,0,0,0,0,0,0,0,0,0,0,0,0,0
2023-05-08,2023,5,8,segunda,19,0,1,5,Dia_das_Maes,0,0,0,0,0,0,0,0,0,1,0,0,0,0,0,0,0,0,0,0,0,0,0,0,0,0,0,0
2023-05-09,2023,5,9,terca,19,0,1,5,Dia_das_Maes,0,0,0,0,0,0,0,0,0,1,0,0,0,0,0,0,0,0,0,0,0,0,0,0,0,0,0,0
2023-05-10,2023,5,10,quarta,19,0,1,5,Dia_das_Maes,0,0,0,0,0,0,0,0,0,1,0,0,0,0,0,0,0,0,0,0,0,0,0,0,0,0,0,0
2023-05-11,2023,5,11,quinta,19,0,1,5,Dia_das_Maes,0,0,0,0,0,0,0,0,0,1,0,0,0,0,0,0,0,0,0,0,0,0,0,0,0,0,0,0
2023-05-12,2023,5,12,sexta,19,0,1,5,Dia_das_Maes,0,0,0,0,0,0,0,0,0,1,0,0,0,0,0,0,0,0,0,0,0,0,0,0,0,0,0,0
2023-05-13,2023,5,13,sabado,19,0,1,5,Dia_das_Maes,0,0,0,0,0,0,0,0,0,1,0,0,0,0,0,0,0,0,0,0,0,0,0,0,0,0,0,0
2023-05-14,2023,5,14,domingo,19,0,1,5,Dia_das_Maes,0,0,0,0,0,0,0,0,0,1,0,0,0,0,0,0,0,0,0,0,0,0,0,0,0,0,0,0
2023-05-15,2023,5,15,segunda,20,0,0,0,Sem_Evento,0,0,0,0,0,0,0,0,0,0,0,0,0,0,0,0,0,0,0,0,0,0,0,0,0,0,0,0
2023-05-16,2023,5,16,terca,20,0,0,0,Sem_Evento,0,0,0,0,0,0,0,0,0,0,0,0,0,0,0,0,0,0,0,0,0,0,0,0,0,0,0,0
2023-05-17,2023,5,17,quarta,20,0,0,0,Sem_Evento,0,0,0,0,0,0,0,0,0,0,0,0,0,0,0,0,0,0,0,0,0,0,0,0,0,0,0,0
2023-05-18,2023,5,18,quinta,20,0,0,0,Sem_Evento,0,0,0,0,0,0,0,0,0,0,0,0,0,0,0,0,0,0,0,0,0,0,0,0,0,0,0,0
2023-05-19,2023,5,19,sexta,20,0,0,0,Sem_Evento,0,0,0,0,0,0,0,0,0,0,0,0,0,0,0,0,0,0,0,0,0,0,0,0,0,0,0,0
2023-05-20,2023,5,20,sabado,20,0,0,0,Sem_Evento,0,0,0,0,0,0,0,0,0,0,0,0,0,0,0,0,0,0,0,0,0,0,0,0,0,0,0,0
2023-05-21,2023,5,21,domingo,20,0,0,0,Sem_Evento,0,0,0,0,0,0,0,0,0,0,0,0,0,0,0,0,0,0,0,0,0,0,0,0,0,0,0,0
2023-05-22,2023,5,22,segunda,21,0,0,0,Sem_Evento,0,0,0,0,0,0,0,0,0,0,0,0,0,0,0,0,0,0,0,0,0,0,0,0,0,0,0,0
2023-05-23,2023,5,23,terca,21,0,0,0,Sem_Evento,0,0,0,0,0,0,0,0,0,0,0,0,0,0,0,0,0,0,0,0,0,0,0,0,0,0,0,0
2023-05-24,2023,5,24,quarta,21,0,0,0,Sem_Evento,0,0,0,0,0,0,0,0,0,0,0,0,0,0,0,0,0,0,0,0,0,0,0,0,0,0,0,0
2023-05-25,2023,5,25,quinta,21,0,0,0,Sem_Evento,0,0,0,0,0,0,0,0,0,0,0,0,0,0,0,0,0,0,0,0,0,0,0,0,0,0,0,0
2023-05-26,2023,5,26,sexta,21,0,0,0,Sem_Evento,0,0,0,0,0,0,0,0,0,0,0,0,0,0,0,0,0,0,0,0,0,0,0,0,0,0,0,0
2023-05-27,2023,5,27,sabado,21,0,0,0,Sem_Evento,0,0,0,0,0,0,0,0,0,0,0,0,0,0,0,0,0,0,0,0,0,0,0,0,0,0,0,0
2023-05-28,2023,5,28,domingo,21,0,0,0,Sem_Evento,0,0,0,0,0,0,0,0,0,0,0,0,0,0,0,0,0,0,0,0,0,0,0,0,0,0,0,0
2023-05-29,2023,5,29,segunda,22,0,0,0,Sem_Evento,0,0,0,0,0,0,0,0,0,0,0,0,0,0,0,0,0,0,0,0,0,0,0,0,0,0,0,0
2023-05-30,2023,5,30,terca,22,0,0,0,Sem_Evento,0,0,0,0,0,0,0,0,0,0,0,0,0,0,0,0,0,0,0,0,0,0,0,0,0,0,0,0
2023-05-31,2023,5,31,quarta,22,0,0,0,Sem_Evento,0,0,0,0,0,0,0,0,0,0,0,0,0,0,0,0,0,0,0,0,0,0,0,0,0,0,0,0
2023-06-01,2023,6,1,quinta,22,0,1,4,Dia_dos_Namorados,0,0,0,0,0,0,0,0,0,0,0,0,1,0,1,0,0,0,0,0,0,0,0,0,0,0,0,0
2023-06-02,2023,6,2,sexta,22,0,1,4,Dia_dos_Namorados,0,0,0,0,0,0,0,0,0,0,0,0,1,0,1,0,0,0,0,0,0,0,0,0,0,0,0,0
2023-06-03,2023,6,3,sabado,22,0,1,4,Dia_dos_Namorados,0,0,0,0,0,0,0,0,0,0,0,0,1,0,1,0,0,0,0,0,0,0,0,0,0,0,0,0
2023-06-04,2023,6,4,domingo,22,0,1,4,Dia_dos_Namorados,0,0,0,0,0,0,0,0,0,0,0,0,1,0,1,0,0,0,0,0,0,0,0,0,0,0,0,0
2023-06-05,2023,6,5,segunda,23,0,1,4,Dia_dos_Namorados,0,0,0,0,0,0,0,0,0,0,0,0,1,0,1,0,0,0,0,0,0,0,0,0,0,0,0,0
2023-06-06,2023,6,6,terca,23,0,1,4,Dia_dos_Namorados,0,0,0,0,0,0,0,0,0,0,0,0,1,0,1,0,0,0,0,0,0,0,0,0,0,0,0,0
2023-06-07,2023,6,7,quarta,23,0,1,4,Dia_dos_Namorados,0,0,0,0,0,0,0,0,0,0,0,0,1,0,1,0,0,0,0,0,0,0,0,0,0,0,0,0
2023-06-08,2023,6,8,quinta,23,1,1,4,Dia_dos_Namorados,0,0,0,0,0,0,1,0,0,0,0,0,1,0,1,0,0,0,0,0,0,0,0,0,0,0,0,0
2023-06-09,2023,6,9,sexta,23,0,1,4,Dia_dos_Namorados,0,0,0,0,0,0,0,0,0,0,0,0,1,0,1,0,0,0,0,0,0,0,0,0,0,0,0,0
2023-06-10,2023,6,10,sabado,23,0,1,4,Dia_dos_Namorados,0,0,0,0,0,0,0,0,0,0,0,0,1,0,1,0,0,0,0,0,0,0,0,0,0,0,0,0
2023-06-11,2023,6,11,domingo,23,0,1,4,Dia_dos_Namorados,0,0,0,0,0,0,0,0,0,0,0,0,1,0,1,0,0,0,0,0,0,0,0,0,0,0,0,0
2023-06-12,2023,6,12,segunda,24,0,1,4,Dia_dos_Namorados,0,0,0,0,0,0,0,0,0,0,0,0,1,0,1,0,0,0,0,0,0,0,0,0,0,0,0,0
2023-06-13,2023,6,13,terca,24,0,1,2,Festas_Juninas,0,0,0,0,0,0,0,0,0,0,0,0,0,0,1,0,0,0,0,0,0,0,0,0,0,0,0,0
2023-06-14,2023,6,14,quarta,24,0,1,2,Festas_Juninas,0,0,0,0,0,0,0,0,0,0,0,0,0,0,1,0,0,0,0,0,0,0,0,0,0,0,0,0
2023-06-15,2023,6,15,quinta,24,0,1,2,Festas_Juninas,0,0,0,0,0,0,0,0,0,0,0,0,0,0,1,0,0,0,0,0,0,0,0,0,0,0,0,0
2023-06-16,2023,6,16,sexta,24,0,1,2,Festas_Juninas,0,0,0,0,0,0,0,0,0,0,0,0,0,0,1,0,0,0,0,0,0,0,0,0,0,0,0,0
2023-06-17,2023,6,17,sabado,24,0,1,2,Festas_Juninas,0,0,0,0,0,0,0,0,0,0,0,0,0,0,1,0,0,0,0,0,0,0,0,0,0,0,0,0
2023-06-18,2023,6,18,domingo,24,0,1,2,Festas_Juninas,0,0,0,0,0,0,0,0,0,0,0,0,0,0,1,0,0,0,0,0,0,0,0,0,0,0,0,0
2023-06-19,2023,6,19,segunda,25,0,1,2,Festas_Juninas,0,0,0,0,0,0,0,0,0,0,0,0,0,0,1,0,0,0,0,0,0,0,0,0,0,0,0,0
2023-06-20,2023,6,20,terca,25,0,1,2,Festas_Juninas,0,0,0,0,0,0,0,0,0,0,0,0,0,0,1,0,0,0,0,0,0,0,0,0,0,0,0,0
2023-06-21,2023,6,21,quarta,25,0,1,2,Festas_Juninas,0,0,0,0,0,0,0,0,0,0,0,0,0,0,1,0,0,0,0,0,0,0,0,0,0,0,0,0
2023-06-22,2023,6,22,quinta,25,0,1,2,Festas_Juninas,0,0,0,0,0,0,0,0,0,0,0,0,0,0,1,0,0,0,0,0,0,0,0,0,0,0,0,0
2023-06-23,2023,6,23,sexta,25,0,1,2,Festas_Juninas,0,0,0,0,0,0,0,0,0,0,0,0,0,0,1,0,0,0,0,0,0,0,0,0,0,0,0,0
2023-06-24,2023,6,24,sabado,25,0,1,2,Festas_Juninas,0,0,0,0,0,0,0,0,0,0,0,0,0,0,1,0,0,0,0,0,0,0,0,0,0,0,0,0
2023-06-25,2023,6,25,domingo,25,0,1,2,Festas_Juninas,0,0,0,0,0,0,0,0,0,0,0,0,0,0,1,0,0,0,0,0,0,0,0,0,0,0,0,0
2023-06-26,2023,6,26,segunda,26,0,1,2,Festas_Juninas,0,0,0,0,0,0,0,0,0,0,0,0,0,0,1,0,0,0,0,0,0,0,0,0,0,0,0,0
2023-06-27,2023,6,27,terca,26,0,1,2,Festas_Juninas,0,0,0,0,0,0,0,0,0,0,0,0,0,0,1,0,0,0,0,0,0,0,0,0,0,0,0,0
2023-06-28,2023,6,28,quarta,26,0,1,2,Festas_Juninas,0,0,0,0,0,0,0,0,0,0,0,0,0,0,1,0,0,0,0,0,0,0,0,0,0,0,0,0
2023-06-29,2023,6,29,quinta,26,0,1,2,Festas_Juninas,0,0,0,0,0,0,0,0,0,0,0,0,0,0,1,0,0,0,0,0,0,0,0,0,0,0,0,0
2023-06-30,2023,6,30,sexta,26,0,1,2,Festas_Juninas,0,0,0,0,0,0,0,0,0,0,0,0,0,0,1,0,0,0,0,0,0,0,0,0,0,0,0,0
2023-07-01,2023,7,1,sabado,26,0,0,0,Sem_Evento,0,0,0,0,0,0,0,0,0,0,0,0,0,0,0,0,0,0,0,0,0,0,0,0,0,0,0,0
2023-07-02,2023,7,2,domingo,26,0,0,0,Sem_Evento,0,0,0,0,0,0,0,0,0,0,0,0,0,0,0,0,0,0,0,0,0,0,0,0,0,0,0,0
2023-07-03,2023,7,3,segunda,27,0,0,0,Sem_Evento,0,0,0,0,0,0,0,0,0,0,0,0,0,0,0,0,0,0,0,0,0,0,0,0,0,0,0,0
2023-07-04,2023,7,4,terca,27,0,0,0,Sem_Evento,0,0,0,0,0,0,0,0,0,0,0,0,0,0,0,0,0,0,0,0,0,0,0,0,0,0,0,0
2023-07-05,2023,7,5,quarta,27,0,0,0,Sem_Evento,0,0,0,0,0,0,0,0,0,0,0,0,0,0,0,0,0,0,0,0,0,0,0,0,0,0,0,0
2023-07-06,2023,7,6,quinta,27,0,0,0,Sem_Evento,0,0,0,0,0,0,0,0,0,0,0,0,0,0,0,0,0,0,0,0,0,0,0,0,0,0,0,0
2023-07-07,2023,7,7,sexta,27,0,0,0,Sem_Evento,0,0,0,0,0,0,0,0,0,0,0,0,0,0,0,0,0,0,0,0,0,0,0,0,0,0,0,0
2023-07-08,2023,7,8,sabado,27,0,0,0,Sem_Evento,0,0,0,0,0,0,0,0,0,0,0,0,0,0,0,0,0,0,0,0,0,0,0,0,0,0,0,0
2023-07-09,2023,7,9,domingo,27,0,0,0,Sem_Evento,0,0,0,0,0,0,0,0,0,0,0,0,0,0,0,0,0,0,0,0,0,0,0,0,0,0,0,0
2023-07-10,2023,7,10,segunda,28,0,0,0,Sem_Evento,0,0,0,0,0,0,0,0,0,0,0,0,0,0,0,0,0,0,0,0,0,0,0,0,0,0,0,0
2023-07-11,2023,7,11,terca,28,0,0,0,Sem_Evento,0,0,0,0,0,0,0,0,0,0,0,0,0,0,0,0,0,0,0,0,0,0,0,0,0,0,0,0
2023-07-12,2023,7,12,quarta,28,0,0,0,Sem_Evento,0,0,0,0,0,0,0,0,0,0,0,0,0,0,0,0,0,0,0,0,0,0,0,0,0,0,0,0
2023-07-13,2023,7,13,quinta,28,0,0,0,Sem_Evento,0,0,0,0,0,0,0,0,0,0,0,0,0,0,0,0,0,0,0,0,0,0,0,0,0,0,0,0
2023-07-14,2023,7,14,sexta,28,0,0,0,Sem_Evento,0,0,0,0,0,0,0,0,0,0,0,0,0,0,0,0,0,0,0,0,0,0,0,0,0,0,0,0
2023-07-15,2023,7,15,sabado,28,0,0,0,Sem_Evento,0,0,0,0,0,0,0,0,0,0,0,0,0,0,0,0,0,0,0,0,0,0,0,0,0,0,0,0
2023-07-16,2023,7,16,domingo,28,0,0,0,Sem_Evento,0,0,0,0,0,0,0,0,0,0,0,0,0,0,0,0,0,0,0,0,0,0,0,0,0,0,0,0
2023-07-17,2023,7,17,segunda,29,0,0,0,Sem_Evento,0,0,0,0,0,0,0,0,0,0,0,0,0,0,0,0,0,0,0,0,0,0,0,0,0,0,0,0
2023-07-18,2023,7,18,terca,29,0,0,0,Sem_Evento,0,0,0,0,0,0,0,0,0,0,0,0,0,0,0,0,0,0,0,0,0,0,0,0,0,0,0,0
2023-07-19,2023,7,19,quarta,29,0,0,0,Sem_Evento,0,0,0,0,0,0,0,0,0,0,0,0,0,0,0,0,0,0,0,0,0,0,0,0,0,0,0,0
2023-07-20,2023,7,20,quinta,29,0,0,0,Sem_Evento,0,0,0,0,0,0,0,0,0,0,0,0,0,0,0,0,0,0,0,0,0,0,0,0,0,0,0,0
2023-07-21,2023,7,21,sexta,29,0,0,0,Sem_Evento,0,0,0,0,0,0,0,0,0,0,0,0,0,0,0,0,0,0,0,0,0,0,0,0,0,0,0,0
2023-07-22,2023,7,22,sabado,29,0,0,0,Sem_Evento,0,0,0,0,0,0,0,0,0,0,0,0,0,0,0,0,0,0,0,0,0,0,0,0,0,0,0,0
2023-07-23,2023,7,23,domingo,29,0,0,0,Sem_Evento,0,0,0,0,0,0,0,0,0,0,0,0,0,0,0,0,0,0,0,0,0,0,0,0,0,0,0,0
2023-07-24,2023,7,24,segunda,30,0,0,0,Sem_Evento,0,0,0,0,0,0,0,0,0,0,0,0,0,0,0,0,0,0,0,0,0,0,0,0,0,0,0,0
2023-07-25,2023,7,25,terca,30,0,0,0,Sem_Evento,0,0,0,0,0,0,0,0,0,0,0,0,0,0,0,0,0,0,0,0,0,0,0,0,0,0,0,0
2023-07-26,2023,7,26,quarta,30,0,0,0,Sem_Evento,0,0,0,0,0,0,0,0,0,0,0,0,0,0,0,0,0,0,0,0,0,0,0,0,0,0,0,0
2023-07-27,2023,7,27,quinta,30,0,1,4,Dia_dos_Pais,0,0,0,0,0,0,0,0,0,0,0,0,0,1,0,0,0,0,0,0,0,0,0,0,0,0,0,0
2023-07-28,2023,7,28,sexta,30,0,1,4,Dia_dos_Pais,0,0,0,0,0,0,0,0,0,0,0,0,0,1,0,0,0,0,0,0,0,0,0,0,0,0,0,0
2023-07-29,2023,7,29,sabado,30,0,1,4,Dia_dos_Pais,0,0,0,0,0,0,0,0,0,0,0,0,0,1,0,0,0,0,0,0,0,0,0,0,0,0,0,0
2023-07-30,2023,7,30,domingo,30,0,1,4,Dia_dos_Pais,0,0,0,0,0,0,0,0,0,0,0,0,0,1,0,0,0,0,0,0,0,0,0,0,0,0,0,0
2023-07-31,2023,7,31,segunda,31,0,1,4,Dia_dos_Pais,0,0,0,0,0,0,0,0,0,0,0,0,0,1,0,0,0,0,0,0,0,0,0,0,0,0,0,0
2023-08-01,2023,8,1,terca,31,0,1,4,Dia_dos_Pais,0,0,0,0,0,0,0,0,0,0,0,0,0,1,0,0,0,0,0,0,0,0,0,0,0,0,0,0
2023-08-02,2023,8,2,quarta,31,0,1,4,Dia_dos_Pais,0,0,0,0,0,0,0,0,0,0,0,0,0,1,0,0,0,0,0,0,0,0,0,0,0,0,0,0
2023-08-03,2023,8,3,quinta,31,0,1,4,Dia_dos_Pais,0,0,0,0,0,0,0,0,0,0,0,0,0,1,0,0,0,0,0,0,0,0,0,0,0,0,0,0
2023-08-04,2023,8,4,sexta,31,0,1,4,Dia_dos_Pais,0,0,0,0,0,0,0,0,0,0,0,0,0,1,0,0,0,0,0,0,0,0,0,0,0,0,0,0
2023-08-05,2023,8,5,sabado,31,0,1,4,Dia_dos_Pais,0,0,0,0,0,0,0,0,0,0,0,0,0,1,0,0,0,0,0,0,0,0,0,0,0,0,0,0
2023-08-06,2023,8,6,domingo,31,0,1,4,Dia_dos_Pais,0,0,0,0,0,0,0,0,0,0,0,0,0,1,0,0,0,0,0,0,0,0,0,0,0,0,0,0
2023-08-07,2023,8,7,segunda,32,0,1,4,Dia_dos_Pais,0,0,0,0,0,0,0,0,0,0,0,0,0,1,0,0,0,0,0,0,0,0,0,0,0,0,0,0
2023-08-08,2023,8,8,terca,32,0,1,4,Dia_dos_Pais,0,0,0,0,0,0,0,0,0,0,0,0,0,1,0,0,0,0,0,0,0,0,0,0,0,0,0,0
2023-08-09,2023,8,9,quarta,32,0,1,4,Dia_dos_Pais,0,0,0,0,0,0,0,0,0,0,0,0,0,1,0,0,0,0,0,0,0,0,0,0,0,0,0,0
2023-08-10,2023,8,10,quinta,32,0,1,4,Dia_dos_Pais,0,0,0,0,0,0,0,0,0,0,0,0,0,1,0,0,0,0,0,0,0,0,0,0,0,0,0,0
2023-08-11,2023,8,11,sexta,32,0,1,4,Dia_dos_Pais,0,0,0,0,0,0,0,0,0,0,0,0,0,1,0,0,0,0,0,0,0,0,0,0,0,0,0,0
2023-08-12,2023,8,12,sabado,32,0,1,4,Dia_dos_Pais,0,0,0,0,0,0,0,0,0,0,0,0,0,1,0,0,0,0,0,0,0,0,0,0,0,0,0,0
2023-08-13,2023,8,13,domingo,32,0,1,4,Dia_dos_Pais,0,0,0,0,0,0,0,0,0,0,0,0,0,1,0,0,0,0,0,0,0,0,0,0,0,0,0,0
2023-08-14,2023,8,14,segunda,33,0,0,0,Sem_Evento,0,0,0,0,0,0,0,0,0,0,0,0,0,0,0,0,0,0,0,0,0,0,0,0,0,0,0,0
2023-08-15,2023,8,15,terca,33,0,0,0,Sem_Evento,0,0,0,0,0,0,0,0,0,0,0,0,0,0,0,0,0,0,0,0,0,0,0,0,0,0,0,0
2023-08-16,2023,8,16,quarta,33,0,0,0,Sem_Evento,0,0,0,0,0,0,0,0,0,0,0,0,0,0,0,0,0,0,0,0,0,0,0,0,0,0,0,0
2023-08-17,2023,8,17,quinta,33,0,0,0,Sem_Evento,0,0,0,0,0,0,0,0,0,0,0,0,0,0,0,0,0,0,0,0,0,0,0,0,0,0,0,0
2023-08-18,2023,8,18,sexta,33,0,0,0,Sem_Evento,0,0,0,0,0,0,0,0,0,0,0,0,0,0,0,0,0,0,0,0,0,0,0,0,0,0,0,0
2023-08-19,2023,8,19,sabado,33,0,0,0,Sem_Evento,0,0,0,0,0,0,0,0,0,0,0,0,0,0,0,0,0,0,0,0,0,0,0,0,0,0,0,0
2023-08-20,2023,8,20,domingo,33,0,0,0,Sem_Evento,0,0,0,0,0,0,0,0,0,0,0,0,0,0,0,0,0,0,0,0,0,0,0,0,0,0,0,0
2023-08-21,2023,8,21,segunda,34,0,0,0,Sem_Evento,0,0,0,0,0,0,0,0,0,0,0,0,0,0,0,0,0,0,0,0,0,0,0,0,0,0,0,0
2023-08-22,2023,8,22,terca,34,0,0,0,Sem_Evento,0,0,0,0,0,0,0,0,0,0,0,0,0,0,0,0,0,0,0,0,0,0,0,0,0,0,0,0
2023-08-23,2023,8,23,quarta,34,0,0,0,Sem_Evento,0,0,0,0,0,0,0,0,0,0,0,0,0,0,0,0,0,0,0,0,0,0,0,0,0,0,0,0
2023-08-24,2023,8,24,quinta,34,0,0,0,Sem_Evento,0,0,0,0,0,0,0,0,0,0,0,0,0,0,0,0,0,0,0,0,0,0,0,0,0,0,0,0
2023-08-25,2023,8,25,sexta,34,0,0,0,Sem_Evento,0,0,0,0,0,0,0,0,0,0,0,0,0,0,0,0,0,0,0,0,0,0,0,0,0,0,0,0
2023-08-26,2023,8,26,sabado,34,0,0,0,Sem_Evento,0,0,0,0,0,0,0,0,0,0,0,0,0,0,0,0,0,0,0,0,0,0,0,0,0,0,0,0
2023-08-27,2023,8,27,domingo,34,0,0,0,Sem_Evento,0,0,0,0,0,0,0,0,0,0,0,0,0,0,0,0,0,0,0,0,0,0,0,0,0,0,0,0
2023-08-28,2023,8,28,segunda,35,0,0,0,Sem_Evento,0,0,0,0,0,0,0,0,0,0,0,0,0,0,0,0,0,0,0,0,0,0,0,0,0,0,0,0
2023-08-29,2023,8,29,terca,35,0,0,0,Sem_Evento,0,0,0,0,0,0,0,0,0,0,0,0,0,0,0,0,0,0,0,0,0,0,0,0,0,0,0,0
2023-08-30,2023,8,30,quarta,35,0,0,0,Sem_Evento,0,0,0,0,0,0,0,0,0,0,0,0,0,0,0,0,0,0,0,0,0,0,0,0,0,0,0,0
2023-08-31,2023,8,31,quinta,35,0,0,0,Sem_Evento,0,0,0,0,0,0,0,0,0,0,0,0,0,0,0,0,0,0,0,0,0,0,0,0,0,0,0,0
2023-09-01,2023,9,1,sexta,35,0,0,0,Sem_Evento,0,0,0,0,0,0,0,0,0,0,0,0,0,0,0,0,0,0,0,0,0,0,0,0,0,0,0,0
2023-09-02,2023,9,2,sabado,35,0,0,0,Sem_Evento,0,0,0,0,0,0,0,0,0,0,0,0,0,0,0,0,0,0,0,0,0,0,0,0,0,0,0,0
2023-09-03,2023,9,3,domingo,35,0,0,0,Sem_Evento,0,0,0,0,0,0,0,0,0,0,0,0,0,0,0,0,0,0,0,0,0,0,0,0,0,0,0,0
2023-09-04,2023,9,4,segunda,36,0,0,0,Sem_Evento,0,0,0,0,0,0,0,0,0,0,0,0,0,0,0,0,0,0,0,0,0,0,0,0,0,0,0,0
2023-09-05,2023,9,5,terca,36,0,0,0,Sem_Evento,0,0,0,0,0,0,0,0,0,0,0,0,0,0,0,0,0,0,0,0,0,0,0,0,0,0,0,0
2023-09-06,2023,9,6,quarta,36,0,0,0,Sem_Evento,0,0,0,0,0,0,0,0,0,0,0,0,0,0,0,0,0,0,0,0,0,0,0,0,0,0,0,0
2023-09-07,2023,9,7,quinta,36,1,0,1,Independencia,0,0,0,0,0,0,0,0,0,0,0,0,0,0,0,0,1,0,0,0,0,0,0,0,0,0,0,0
2023-09-08,2023,9,8,sexta,36,0,0,0,Sem_Evento,0,0,0,0,0,0,0,0,0,0,0,0,0,0,0,0,0,0,0,0,0,0,0,0,0,0,0,0
2023-09-09,2023,9,9,sabado,36,0,1,3,Dia_do_Cliente,0,0,0,0,0,0,0,0,0,0,1,0,0,0,0,0,0,0,0,0,0,0,0,0,0,0,0,0
2023-09-10,2023,9,10,domingo,36,0,1,3,Dia_do_Cliente,0,0,0,0,0,0,0,0,0,0,1,0,0,0,0,0,0,0,0,0,0,0,0,0,0,0,0,0
2023-09-11,2023,9,11,segunda,37,0,1,3,Dia_do_Cliente,0,0,0,0,0,0,0,0,0,0,1,0,0,0,0,0,0,0,0,0,0,0,0,0,0,0,0,0
2023-09-12,2023,9,12,terca,37,0,1,3,Dia_do_Cliente,0,0,0,0,0,0,0,0,0,0,1,0,0,0,0,0,0,0,0,0,0,0,0,0,0,0,0,0
2023-09-13,2023,9,13,quarta,37,0,1,3,Dia_do_Cliente,0,0,0,0,0,0,0,0,0,0,1,0,0,0,0,0,0,0,0,0,0,0,0,0,0,0,0,0
2023-09-14,2023,9,14,quinta,37,0,1,3,Dia_do_Cliente,0,0,0,0,0,0,0,0,0,0,1,0,0,0,0,0,0,0,0,0,0,0,0,0,0,0,0,0
2023-09-15,2023,9,15,sexta,37,0,1,3,Dia_do_Cliente,0,0,0,0,0,0,0,0,0,0,1,0,0,0,0,0,0,0,0,0,0,0,0,0,0,0,0,0
2023-09-16,2023,9,16,sabado,37,0,1,3,Dia_do_Cliente,0,0,0,0,0,0,0,0,0,0,1,0,0,0,0,0,0,0,0,0,0,0,0,0,0,0,0,0
2023-09-17,2023,9,17,domingo,37,0,1,3,Dia_do_Cliente,0,0,0,0,0,0,0,0,0,0,1,0,0,0,0,0,0,0,0,0,0,0,0,0,0,0,0,0
2023-09-18,2023,9,18,segunda,38,0,1,3,Dia_do_Cliente,0,0,0,0,0,0,0,0,0,0,1,0,0,0,0,0,0,0,0,0,0,0,0,0,0,0,0,0
2023-09-19,2023,9,19,terca,38,0,1,3,Dia_do_Cliente,0,0,0,0,0,0,0,0,0,0,1,0,0,0,0,0,0,0,0,0,0,0,0,0,0,0,0,0
2023-09-20,2023,9,20,quarta,38,0,1,3,Dia_do_Cliente,0,0,0,0,0,0,0,0,0,0,1,0,0,0,0,0,0,0,0,0,0,0,0,0,0,0,0,0
2023-09-21,2023,9,21,quinta,38,0,1,3,Dia_do_Cliente,0,0,0,0,0,0,0,0,0,0,1,0,0,0,0,0,0,0,0,0,0,0,0,0,0,0,0,0
2023-09-22,2023,9,22,sexta,38,0,1,3,Dia_do_Cliente,0,0,0,0,0,0,0,0,0,0,1,0,0,0,0,0,0,0,0,0,0,0,0,0,0,0,0,0
2023-09-23,2023,9,23,sabado,38,0,0,0,Sem_Evento,0,0,0,0,0,0,0,0,0,0,0,0,0,0,0,0,0,0,0,0,0,0,0,0,0,0,0,0
2023-09-24,2023,9,24,domingo,38,0,0,0,Sem_Evento,0,0,0,0,0,0,0,0,0,0,0,0,0,0,0,0,0,0,0,0,0,0,0,0,0,0,0,0
2023-09-25,2023,9,25,segunda,39,0,0,0,Sem_Evento,0,0,0,0,0,0,0,0,0,0,0,0,0,0,0,0,0,0,0,0,0,0,0,0,0,0,0,0
2023-09-26,2023,9,26,terca,39,0,0,0,Sem_Evento,0,0,0,0,0,0,0,0,0,0,0,0,0,0,0,0,0,0,0,0,0,0,0,0,0,0,0,0
2023-09-27,2023,9,27,quarta,39,0,0,0,Sem_Evento,0,0,0,0,0,0,0,0,0,0,0,0,0,0,0,0,0,0,0,0,0,0,0,0,0,0,0,0
2023-09-28,2023,9,28,quinta,39,0,0,0,Sem_Evento,0,0,0,0,0,0,0,0,0,0,0,0,0,0,0,0,0,0,0,0,0,0,0,0,0,0,0,0
2023-09-29,2023,9,29,sexta,39,0,0,0,Sem_Evento,0,0,0,0,0,0,0,0,0,0,0,0,0,0,0,0,0,0,0,0,0,0,0,0,0,0,0,0
2023-09-30,2023,9,30,sabado,39,0,0,0,Sem_Evento,0,0,0,0,0,0,0,0,0,0,0,0,0,0,0,0,0,0,0,0,0,0,0,0,0,0,0,0
2023-10-01,2023,10,1,domingo,39,0,1,3,Dia_das_Criancas,0,0,0,0,0,0,0,0,1,0,0,0,0,0,0,0,0,0,0,0,0,0,0,0,0,0,0,0
2023-10-02,2023,10,2,segunda,40,0,1,3,Dia_das_Criancas,0,0,0,0,0,0,0,0,1,0,0,0,0,0,0,0,0,0,0,0,0,0,0,0,0,0,0,0
2023-10-03,2023,10,3,terca,40,0,1,3,Dia_das_Criancas,0,0,0,0,0,0,0,0,1,0,0,0,0,0,0,0,0,0,0,0,0,0,0,0,0,0,0,0
2023-10-04,2023,10,4,quarta,40,0,1,3,Dia_das_Criancas,0,0,0,0,0,0,0,0,1,0,0,0,0,0,0,0,0,0,0,0,0,0,0,0,0,0,0,0
2023-10-05,2023,10,5,quinta,40,0,1,3,Dia_das_Criancas,0,0,0,0,0,0,0,0,1,0,0,0,0,0,0,0,0,0,0,0,0,0,0,0,0,0,0,0
2023-10-06,2023,10,6,sexta,40,0,1,3,Dia_das_Criancas,0,0,0,0,0,0,0,0,1,0,0,0,0,0,0,0,0,0,0,0,0,0,0,0,0,0,0,0
2023-10-07,2023,10,7,sabado,40,0,1,3,Dia_das_Criancas,0,0,0,0,0,0,0,0,1,0,0,0,0,0,0,0,0,0,0,0,0,0,0,0,0,0,0,0
2023-10-08,2023,10,8,domingo,40,0,1,3,Dia_das_Criancas,0,0,0,0,0,0,0,0,1,0,0,0,0,0,0,0,0,0,0,0,0,0,0,0,0,0,0,0
2023-10-09,2023,10,9,segunda,41,0,1,3,Dia_das_Criancas,0,0,0,0,0,0,0,0,1,0,0,0,0,0,0,0,0,0,0,0,0,0,0,0,0,0,0,0
2023-10-10,2023,10,10,terca,41,0,1,3,Dia_das_Criancas,0,0,0,0,0,0,0,0,1,0,0,0,0,0,0,0,0,0,0,0,0,0,0,0,0,0,0,0
2023-10-11,2023,10,11,quarta,41,0,1,3,Dia_das_Criancas,0,0,0,0,0,0,0,0,1,0,0,0,0,0,0,0,0,0,0,0,0,0,0,0,0,0,0,0
2023-10-12,2023,10,12,quinta,41,1,1,3,Dia_das_Criancas,0,0,0,0,0,0,0,0,1,0,0,0,0,0,0,0,0,0,1,0,0,0,0,0,0,0,0,0
2023-10-13,2023,10,13,sexta,41,0,0,0,Sem_Evento,0,0,0,0,0,0,0,0,0,0,0,0,0,0,0,0,0,0,0,0,0,0,0,0,0,0,0,0
2023-10-14,2023,10,14,sabado,41,0,0,0,Sem_Evento,0,0,0,0,0,0,0,0,0,0,0,0,0,0,0,0,0,0,0,0,0,0,0,0,0,0,0,0
2023-10-15,2023,10,15,domingo,41,0,0,0,Sem_Evento,0,0,0,0,0,0,0,0,0,0,0,0,0,0,0,0,0,0,0,0,0,0,0,0,0,0,0,0
2023-10-16,2023,10,16,segunda,42,0,0,0,Sem_Evento,0,0,0,0,0,0,0,0,0,0,0,0,0,0,0,0,0,0,0,0,0,0,0,0,0,0,0,0
2023-10-17,2023,10,17,terca,42,0,0,0,Sem_Evento,0,0,0,0,0,0,0,0,0,0,0,0,0,0,0,0,0,0,0,0,0,0,0,0,0,0,0,0
2023-10-18,2023,10,18,quarta,42,0,0,0,Sem_Evento,0,0,0,0,0,0,0,0,0,0,0,0,0,0,0,0,0,0,0,0,0,0,0,0,0,0,0,0
2023-10-19,2023,10,19,quinta,42,0,0,0,Sem_Evento,0,0,0,0,0,0,0,0,0,0,0,0,0,0,0,0,0,0,0,0,0,0,0,0,0,0,0,0
2023-10-20,2023,10,20,sexta,42,0,0,0,Sem_Evento,0,0,0,0,0,0,0,0,0,0,0,0,0,0,0,0,0,0,0,0,0,0,0,0,0,0,0,0
2023-10-21,2023,10,21,sabado,42,0,0,0,Sem_Evento,0,0,0,0,0,0,0,0,0,0,0,0,0,0,0,0,0,0,0,0,0,0,0,0,0,0,0,0
2023-10-22,2023,10,22,domingo,42,0,0,0,Sem_Evento,0,0,0,0,0,0,0,0,0,0,0,0,0,0,0,0,0,0,0,0,0,0,0,0,0,0,0,0
2023-10-23,2023,10,23,segunda,43,0,0,0,Sem_Evento,0,0,0,0,0,0,0,0,0,0,0,0,0,0,0,0,0,0,0,0,0,0,0,0,0,0,0,0
2023-10-24,2023,10,24,terca,43,0,0,0,Sem_Evento,0,0,0,0,0,0,0,0,0,0,0,0,0,0,0,0,0,0,0,0,0,0,0,0,0,0,0,0
2023-10-25,2023,10,25,quarta,43,0,0,0,Sem_Evento,0,0,0,0,0,0,0,0,0,0,0,0,0,0,0,0,0,0,0,0,0,0,0,0,0,0,0,0
2023-10-26,2023,10,26,quinta,43,0,0,0,Sem_Evento,0,0,0,0,0,0,0,0,0,0,0,0,0,0,0,0,0,0,0,0,0,0,0,0,0,0,0,0
2023-10-27,2023,10,27,sexta,43,0,0,0,Sem_Evento,0,0,0,0,0,0,0,0,0,0,0,0,0,0,0,0,0,0,0,0,0,0,0,0,0,0,0,0
2023-10-28,2023,10,28,sabado,43,0,0,0,Sem_Evento,0,0,0,0,0,0,0,0,0,0,0,0,0,0,0,0,0,0,0,0,0,0,0,0,0,0,0,0
2023-10-29,2023,10,29,domingo,43,0,0,0,Sem_Evento,0,0,0,0,0,0,0,0,0,0,0,0,0,0,0,0,0,0,0,0,0,0,0,0,0,0,0,0
2023-10-30,2023,10,30,segunda,44,0,0,0,Sem_Evento,0,0,0,0,0,0,0,0,0,0,0,0,0,0,0,0,0,0,0,0,0,0,0,0,0,0,0,0
2023-10-31,2023,10,31,terca,44,0,0,0,Sem_Evento,0,0,0,0,0,0,0,0,0,0,0,0,0,0,0,0,0,0,0,0,0,0,0,0,0,0,0,0
2023-11-01,2023,11,1,quarta,44,0,1,3,Black_November_Esquenta,0,1,0,0,0,0,0,0,0,0,0,0,0,0,0,0,0,0,0,0,0,0,0,0,0,0,0,0
2023-11-02,2023,11,2,quinta,44,1,1,3,Black_November_Esquenta,0,1,0,0,0,0,0,0,0,0,0,0,0,0,0,1,0,0,0,0,0,0,0,0,0,0,0,0
2023-11-03,2023,11,3,sexta,44,0,1,3,Black_November_Esquenta,0,1,0,0,0,0,0,0,0,0,0,0,0,0,0,0,0,0,0,0,0,0,0,0,0,0,0,0
2023-11-04,2023,11,4,sabado,44,0,1,3,Black_November_Esquenta,0,1,0,0,0,0,0,0,0,0,0,0,0,0,0,0,0,0,0,0,0,0,0,0,0,0,0,0
2023-11-05,2023,11,5,domingo,44,0,1,3,Black_November_Esquenta,0,1,0,0,0,0,0,0,0,0,0,0,0,0,0,0,0,0,0,0,0,0,0,0,0,0,0,0
2023-11-06,2023,11,6,segunda,45,0,1,3,Black_November_Esquenta,0,1,0,0,0,0,0,0,0,0,0,0,0,0,0,0,0,0,0,0,0,0,0,0,0,0,0,0
2023-11-07,2023,11,7,terca,45,0,1,3,Black_November_Esquenta,0,1,0,0,0,0,0,0,0,0,0,0,0,0,0,0,0,0,0,0,0,0,0,0,0,0,0,0
2023-11-08,2023,11,8,quarta,45,0,1,3,Black_November_Esquenta,0,1,0,0,0,0,0,0,0,0,0,0,0,0,0,0,0,0,0,0,0,0,0,0,0,0,0,0
2023-11-09,2023,11,9,quinta,45,0,1,3,Black_November_Esquenta,0,1,0,0,0,0,0,0,0,0,0,0,0,0,0,0,0,0,0,0,0,0,0,0,0,0,0,0
2023-11-10,2023,11,10,sexta,45,0,1,3,Black_November_Esquenta,0,1,0,0,0,0,0,0,0,0,0,0,0,0,0,0,0,0,0,0,0,0,0,0,0,0,0,0
2023-11-11,2023,11,11,sabado,45,0,1,3,Black_November_Esquenta,0,1,0,0,0,0,0,0,0,0,0,0,0,0,0,0,0,0,0,0,0,0,0,0,0,0,0,0
2023-11-12,2023,11,12,domingo,45,0,1,3,Black_November_Esquenta,0,1,0,0,0,0,0,0,0,0,0,0,0,0,0,0,0,0,0,0,0,0,0,0,0,0,0,0
2023-11-13,2023,11,13,segunda,46,0,1,3,Black_November_Esquenta,0,1,0,0,0,0,0,0,0,0,0,0,0,0,0,0,0,0,0,0,0,0,0,0,0,0,0,0
2023-11-14,2023,11,14,terca,46,0,1,3,Black_November_Esquenta,0,1,0,0,0,0,0,0,0,0,0,0,0,0,0,0,0,0,0,0,0,0,0,0,0,0,0,0
2023-11-15,2023,11,15,quarta,46,1,1,3,Black_November_Esquenta,0,1,0,0,0,0,0,0,0,0,0,0,0,0,0,0,0,0,0,0,0,0,0,1,0,0,0,0
2023-11-16,2023,11,16,quinta,46,0,1,3,Black_November_Esquenta,0,1,0,0,0,0,0,0,0,0,0,0,0,0,0,0,0,0,0,0,0,0,0,0,0,0,0,0
2023-11-17,2023,11,17,sexta,46,0,1,3,Black_November_Esquenta,0,1,0,0,0,0,0,0,0,0,0,0,0,0,0,0,0,0,0,0,0,0,0,0,0,0,0,0
2023-11-18,2023,11,18,sabado,46,0,1,3,Black_November_Esquenta,0,1,0,0,0,0,0,0,0,0,0,0,0,0,0,0,0,0,0,0,0,0,0,0,0,0,0,0
2023-11-19,2023,11,19,domingo,46,0,1,3,Black_November_Esquenta,0,1,0,0,0,0,0,0,0,0,0,0,0,0,0,0,0,0,0,0,0,0,0,0,0,0,0,0
2023-11-20,2023,11,20,segunda,47,0,1,5,Black_Friday,1,0,0,0,0,0,0,0,0,0,0,0,0,0,0,0,0,0,0,0,0,0,0,0,0,0,0,0
2023-11-21,2023,11,21,terca,47,0,1,5,Black_Friday,1,0,0,0,0,0,0,0,0,0,0,0,0,0,0,0,0,0,0,0,0,0,0,0,0,0,0,0
2023-11-22,2023,11,22,quarta,47,0,1,5,Black_Friday,1,0,0,0,0,0,0,0,0,0,0,0,0,0,0,0,0,0,0,0,0,0,0,0,0,0,0,0
2023-11-23,2023,11,23,quinta,47,0,1,5,Black_Friday,1,0,0,0,0,0,0,0,0,0,0,0,0,0,0,0,0,0,0,0,0,0,0,0,0,0,0,0
2023-11-24,2023,11,24,sexta,47,0,1,5,Black_Friday,1,0,0,0,0,0,0,0,0,0,0,0,0,0,0,0,0,0,0,0,0,0,0,0,0,0,0,0
2023-11-25,2023,11,25,sabado,47,0,1,5,Black_Friday,1,0,0,0,0,0,0,0,0,0,0,0,0,0,0,0,0,0,0,0,0,0,0,0,0,0,0,0
2023-11-26,2023,11,26,domingo,47,0,1,5,Black_Friday,1,0,0,0,0,0,0,0,0,0,0,0,0,0,0,0,0,0,0,0,0,0,0,0,0,0,0,0
2023-11-27,2023,11,27,segunda,48,0,1,5,Black_Friday,1,0,0,0,0,0,0,1,0,0,0,0,0,0,0,0,0,0,0,0,0,0,0,0,0,0,0,0
2023-11-28,2023,11,28,terca,48,0,0,0,Sem_Evento,0,0,0,0,0,0,0,0,0,0,0,0,0,0,0,0,0,0,0,0,0,0,0,0,0,0,0,0
2023-11-29,2023,11,29,quarta,48,0,0,0,Sem_Evento,0,0,0,0,0,0,0,0,0,0,0,0,0,0,0,0,0,0,0,0,0,0,0,0,0,0,0,0
2023-11-30,2023,11,30,quinta,48,0,0,0,Sem_Evento,0,0,0,0,0,0,0,0,0,0,0,0,0,0,0,0,0,0,0,0,0,0,0,0,0,0,0,0
2023-12-01,2023,12,1,sexta,48,0,1,5,Natal,0,0,0,0,0,0,0,0,0,0,0,0,0,0,0,0,0,0,0,1,0,0,0,0,0,0,0,0
2023-12-02,2023,12,2,sabado,48,0,1,5,Natal,0,0,0,0,0,0,0,0,0,0,0,0,0,0,0,0,0,0,0,1,0,0,0,0,0,0,0,0
2023-12-03,2023,12,3,domingo,48,0,1,5,Natal,0,0,0,0,0,0,0,0,0,0,0,0,0,0,0,0,0,0,0,1,0,0,0,0,0,0,0,0
2023-12-04,2023,12,4,segunda,49,0,1,5,Natal,0,0,0,0,0,0,0,0,0,0,0,0,0,0,0,0,0,0,0,1,0,0,0,0,0,0,0,0
2023-12-05,2023,12,5,terca,49,0,1,5,Natal,0,0,0,0,0,0,0,0,0,0,0,0,0,0,0,0,0,0,0,1,0,0,0,0,0,0,0,0
2023-12-06,2023,12,6,quarta,49,0,1,5,Natal,0,0,0,0,0,0,0,0,0,0,0,0,0,0,0,0,0,0,0,1,0,0,0,0,0,0,0,0
2023-12-07,2023,12,7,quinta,49,0,1,5,Natal,0,0,0,0,0,0,0,0,0,0,0,0,0,0,0,0,0,0,0,1,0,0,0,0,0,0,0,0
2023-12-08,2023,12,8,sexta,49,0,1,5,Natal,0,0,0,0,0,0,0,0,0,0,0,0,0,0,0,0,0,0,0,1,0,0,0,0,0,0,0,0
2023-12-09,2023,12,9,sabado,49,0,1,5,Natal,0,0,0,0,0,0,0,0,0,0,0,0,0,0,0,0,0,0,0,1,0,0,0,0,0,0,0,0
2023-12-10,2023,12,10,domingo,49,0,1,5,Natal,0,0,0,0,0,0,0,0,0,0,0,0,0,0,0,0,0,0,0,1,0,0,0,0,0,0,0,0
2023-12-11,2023,12,11,segunda,50,0,1,5,Natal,0,0,0,0,0,0,0,0,0,0,0,0,0,0,0,0,0,0,0,1,0,0,0,0,0,0,0,0
2023-12-12,2023,12,12,terca,50,0,1,5,Natal,0,0,0,0,0,0,0,0,0,0,0,0,0,0,0,0,0,0,0,1,0,0,0,0,0,0,0,0
2023-12-13,2023,12,13,quarta,50,0,1,5,Natal,0,0,0,0,0,0,0,0,0,0,0,0,0,0,0,0,0,0,0,1,0,0,0,0,0,0,0,0
2023-12-14,2023,12,14,quinta,50,0,1,5,Natal,0,0,0,0,0,0,0,0,0,0,0,0,0,0,0,0,0,0,0,1,0,0,0,0,0,0,0,0
2023-12-15,2023,12,15,sexta,50,0,1,5,Natal,0,0,0,0,0,0,0,0,0,0,0,0,0,0,0,0,0,0,0,1,0,0,0,0,0,0,0,0
2023-12-16,2023,12,16,sabado,50,0,1,5,Natal,0,0,0,0,0,0,0,0,0,0,0,0,0,0,0,0,0,0,0,1,0,0,0,0,0,0,0,0
2023-12-17,2023,12,17,domingo,50,0,1,5,Natal,0,0,0,0,0,0,0,0,0,0,0,0,0,0,0,0,0,0,0,1,0,0,0,0,0,0,0,0
2023-12-18,2023,12,18,segunda,51,0,1,5,Natal,0,0,0,0,0,0,0,0,0,0,0,0,0,0,0,0,0,0,0,1,0,0,0,0,0,0,0,0
2023-12-19,2023,12,19,terca,51,0,1,5,Natal,0,0,0,0,0,0,0,0,0,0,0,0,0,0,0,0,0,0,0,1,0,0,0,0,0,0,0,0
2023-12-20,2023,12,20,quarta,51,0,1,5,Natal,0,0,0,0,0,0,0,0,0,0,0,0,0,0,0,0,0,0,0,1,0,0,0,0,0,0,0,0
2023-12-21,2023,12,21,quinta,51,0,1,5,Natal,0,0,0,0,0,0,0,0,0,0,0,0,0,0,0,0,0,0,0,1,0,0,0,0,0,0,0,0
2023-12-22,2023,12,22,sexta,51,0,1,5,Natal,0,0,0,0,0,0,0,0,0,0,0,0,0,0,0,0,0,0,0,1,0,0,0,0,0,0,0,0
2023-12-23,2023,12,23,sabado,51,0,1,5,Natal,0,0,0,0,0,0,0,0,0,0,0,0,0,0,0,0,0,0,0,1,0,0,0,0,0,0,0,0
2023-12-24,2023,12,24,domingo,51,0,1,5,Natal,0,0,0,0,0,0,0,0,0,0,0,0,0,0,0,0,0,0,0,1,0,0,0,0,0,0,0,0
2023-12-25,2023,12,25,segunda,52,1,0,1,Natal_Feriado,0,0,0,0,0,0,0,0,0,0,0,0,0,0,0,0,0,0,0,0,1,0,0,0,0,0,0,0
2023-12-26,2023,12,26,terca,52,0,1,3,Pos_Natal_Saldao,0,0,0,0,0,0,0,0,0,0,0,0,0,0,0,0,0,0,0,0,0,0,1,0,0,0,0,0
2023-12-27,2023,12,27,quarta,52,0,1,3,Pos_Natal_Saldao,0,0,0,0,0,0,0,0,0,0,0,0,0,0,0,0,0,0,0,0,0,0,1,0,0,0,0,0
2023-12-28,2023,12,28,quinta,52,0,1,3,Pos_Natal_Saldao,0,0,0,0,0,0,0,0,0,0,0,0,0,0,0,0,0,0,0,0,0,0,1,0,0,0,0,0
2023-12-29,2023,12,29,sexta,52,0,1,3,Pos_Natal_Saldao,0,0,0,0,0,0,0,0,0,0,0,0,0,0,0,0,0,0,0,0,0,0,1,0,0,0,0,0
2023-12-30,2023,12,30,sabado,52,0,1,3,Pos_Natal_Saldao,0,0,0,0,0,0,0,0,0,0,0,0,0,0,0,0,0,0,0,0,0,0,1,0,0,0,0,0
2023-12-31,2023,12,31,domingo,52,0,1,3,Pos_Natal_Saldao,0,0,0,0,0,0,0,0,0,0,0,0,0,0,0,0,0,0,0,0,0,0,1,0,0,0,0,0
2024-01-01,2024,1,1,segunda,1,1,0,1,Confraternizacao_Universal,0,0,0,1,0,0,0,0,0,0,0,0,0,0,0,0,0,0,0,0,0,0,0,0,0,0,0,0
2024-01-02,2024,1,2,terca,1,0,1,3,Liquida_Inicio_Ano,0,0,0,0,0,0,0,0,0,0,0,0,0,0,0,0,0,1,0,0,0,0,0,0,0,0,0,0
2024-01-03,2024,1,3,quarta,1,0,1,3,Liquida_Inicio_Ano,0,0,0,0,0,0,0,0,0,0,0,0,0,0,0,0,0,1,0,0,0,0,0,0,0,0,0,0
2024-01-04,2024,1,4,quinta,1,0,1,3,Liquida_Inicio_Ano,0,0,0,0,0,0,0,0,0,0,0,0,0,0,0,0,0,1,0,0,0,0,0,0,0,0,0,0
2024-01-05,2024,1,5,sexta,1,0,1,3,Liquida_Inicio_Ano,0,0,0,0,0,0,0,0,0,0,0,0,0,0,0,0,0,1,0,0,0,0,0,0,0,0,0,1
2024-01-06,2024,1,6,sabado,1,0,1,3,Liquida_Inicio_Ano,0,0,0,0,0,0,0,0,0,0,0,0,0,0,0,0,0,1,0,0,0,0,0,0,0,0,0,1
2024-01-07,2024,1,7,domingo,1,0,1,3,Liquida_Inicio_Ano,0,0,0,0,0,0,0,0,0,0,0,0,0,0,0,0,0,1,0,0,0,0,0,0,0,0,0,1
2024-01-08,2024,1,8,segunda,2,0,1,3,Liquida_Inicio_Ano,0,0,0,0,0,0,0,0,0,0,0,0,0,0,0,0,0,1,0,0,0,0,0,0,0,0,0,1
2024-01-09,2024,1,9,terca,2,0,1,3,Liquida_Inicio_Ano,0,0,0,0,0,0,0,0,0,0,0,0,0,0,0,0,0,1,0,0,0,0,0,0,0,0,0,1
2024-01-10,2024,1,10,quarta,2,0,1,3,Liquida_Inicio_Ano,0,0,0,0,0,0,0,0,0,0,0,0,0,0,0,0,0,1,0,0,0,0,0,0,0,0,0,1
2024-01-11,2024,1,11,quinta,2,0,1,3,Liquida_Inicio_Ano,0,0,0,0,0,0,0,0,0,0,0,0,0,0,0,0,0,1,0,0,0,0,0,0,0,0,0,1
2024-01-12,2024,1,12,sexta,2,0,1,3,Liquida_Inicio_Ano,0,0,0,0,0,0,0,0,0,0,0,0,0,0,0,0,0,1,0,0,0,0,0,0,0,0,0,1
2024-01-13,2024,1,13,sabado,2,0,1,3,Liquida_Inicio_Ano,0,0,0,0,0,0,0,0,0,0,0,0,0,0,0,0,0,1,0,0,0,0,0,0,0,0,0,1
2024-01-14,2024,1,14,domingo,2,0,1,3,Liquida_Inicio_Ano,0,0,0,0,0,0,0,0,0,0,0,0,0,0,0,0,0,1,0,0,0,0,0,0,0,0,0,1
2024-01-15,2024,1,15,segunda,3,0,1,3,Liquida_Inicio_Ano,0,0,0,0,0,0,0,0,0,0,0,0,0,0,0,0,0,1,0,0,0,0,0,0,0,0,0,1
2024-01-16,2024,1,16,terca,3,0,1,3,Liquida_Inicio_Ano,0,0,0,0,0,0,0,0,0,0,0,0,0,0,0,0,0,1,0,0,0,0,0,0,0,0,0,1
2024-01-17,2024,1,17,quarta,3,0,1,3,Liquida_Inicio_Ano,0,0,0,0,0,0,0,0,0,0,0,0,0,0,0,0,0,1,0,0,0,0,0,0,0,0,0,1
2024-01-18,2024,1,18,quinta,3,0,1,3,Volta_as_Aulas,0,0,0,0,0,0,0,0,0,0,0,0,0,0,0,0,0,1,0,0,0,0,0,0,0,0,0,1
2024-01-19,2024,1,19,sexta,3,0,1,3,Volta_as_Aulas,0,0,0,0,0,0,0,0,0,0,0,0,0,0,0,0,0,1,0,0,0,0,0,0,0,0,0,1
2024-01-20,2024,1,20,sabado,3,0,1,3,Volta_as_Aulas,0,0,0,0,0,0,0,0,0,0,0,0,0,0,0,0,0,1,0,0,0,0,0,0,0,0,0,1
2024-01-21,2024,1,21,domingo,3,0,1,3,Volta_as_Aulas,0,0,0,0,0,0,0,0,0,0,0,0,0,0,0,0,0,1,0,0,0,0,0,0,0,0,0,1
2024-01-22,2024,1,22,segunda,4,0,1,3,Volta_as_Aulas,0,0,0,0,0,0,0,0,0,0,0,0,0,0,0,0,0,1,0,0,0,0,0,0,0,0,0,1
2024-01-23,2024,1,23,terca,4,0,1,3,Volta_as_Aulas,0,0,0,0,0,0,0,0,0,0,0,0,0,0,0,0,0,1,0,0,0,0,0,0,0,0,0,1
2024-01-24,2024,1,24,quarta,4,0,1,3,Volta_as_Aulas,0,0,0,0,0,0,0,0,0,0,0,0,0,0,0,0,0,1,0,0,0,0,0,0,0,0,0,1
2024-01-25,2024,1,25,quinta,4,0,1,3,Volta_as_Aulas,0,0,0,0,0,0,0,0,0,0,0,0,0,0,0,0,0,1,0,0,0,0,0,0,0,0,0,1
2024-01-26,2024,1,26,sexta,4,0,1,3,Volta_as_Aulas,0,0,0,0,0,0,0,0,0,0,0,0,0,0,0,0,0,1,0,0,0,0,0,0,0,0,0,1
2024-01-27,2024,1,27,sabado,4,0,1,3,Volta_as_Aulas,0,0,0,0,0,0,0,0,0,0,0,0,0,0,0,0,0,1,0,0,0,0,0,0,0,0,0,1
2024-01-28,2024,1,28,domingo,4,0,1,3,Volta_as_Aulas,0,0,0,0,0,0,0,0,0,0,0,0,0,0,0,0,0,1,0,0,0,0,0,0,0,0,0,1
2024-01-29,2024,1,29,segunda,5,0,1,3,Volta_as_Aulas,0,0,0,0,0,0,0,0,0,0,0,0,0,0,0,0,0,1,0,0,0,0,0,0,0,0,0,1
2024-01-30,2024,1,30,terca,5,0,1,3,Volta_as_Aulas,0,0,0,0,0,0,0,0,0,0,0,0,0,0,0,0,0,1,0,0,0,0,0,0,0,0,0,1
2024-01-31,2024,1,31,quarta,5,0,1,3,Volta_as_Aulas,0,0,0,0,0,0,0,0,0,0,0,0,0,0,0,0,0,1,0,0,0,0,0,0,0,0,0,1
2024-02-01,2024,2,1,quinta,5,0,1,3,Volta_as_Aulas,0,0,0,0,0,0,0,0,0,0,0,0,0,0,0,0,0,0,0,0,0,0,0,0,0,0,0,1
2024-02-02,2024,2,2,sexta,5,0,1,3,Volta_as_Aulas,0,0,0,0,0,0,0,0,0,0,0,0,0,0,0,0,0,0,0,0,0,0,0,0,0,0,0,1
2024-02-03,2024,2,3,sabado,5,0,1,3,Volta_as_Aulas,0,0,0,0,0,0,0,0,0,0,0,0,0,0,0,0,0,0,0,0,0,0,0,0,0,0,0,1
2024-02-04,2024,2,4,domingo,5,0,1,3,Volta_as_Aulas,0,0,0,0,0,0,0,0,0,0,0,0,0,0,0,0,0,0,0,0,0,0,0,0,0,0,0,1
2024-02-05,2024,2,5,segunda,6,0,1,3,Volta_as_Aulas,0,0,0,0,0,0,0,0,0,0,0,0,0,0,0,0,0,0,0,0,0,0,0,0,0,0,0,1
2024-02-06,2024,2,6,terca,6,0,1,3,Volta_as_Aulas,0,0,0,0,0,0,0,0,0,0,0,0,0,0,0,0,0,0,0,0,0,0,0,0,0,0,0,1
2024-02-07,2024,2,7,quarta,6,0,1,3,Volta_as_Aulas,0,0,0,0,0,0,0,0,0,0,0,0,0,0,0,0,0,0,0,0,0,0,0,0,0,0,0,1
2024-02-08,2024,2,8,quinta,6,0,1,3,Volta_as_Aulas,0,0,1,0,0,0,0,0,0,0,0,0,0,0,0,0,0,0,0,0,0,0,0,0,0,0,0,1
2024-02-09,2024,2,9,sexta,6,0,1,3,Volta_as_Aulas,0,0,1,0,0,0,0,0,0,0,0,0,0,0,0,0,0,0,0,0,0,0,0,0,0,0,0,1
2024-02-10,2024,2,10,sabado,6,0,1,3,Volta_as_Aulas,0,0,1,0,0,0,0,0,0,0,0,0,0,0,0,0,0,0,0,0,0,0,0,0,0,0,0,1
2024-02-11,2024,2,11,domingo,6,0,1,3,Volta_as_Aulas,0,0,1,0,0,0,0,0,0,0,0,0,0,0,0,0,0,0,0,0,0,0,0,0,0,0,0,1
2024-02-12,2024,2,12,segunda,7,0,1,3,Volta_as_Aulas,0,0,1,0,0,0,0,0,0,0,0,0,0,0,0,0,0,0,0,0,0,0,0,0,0,0,0,1
2024-02-13,2024,2,13,terca,7,0,1,3,Volta_as_Aulas,0,0,1,0,0,0,0,0,0,0,0,0,0,0,0,0,0,0,0,0,0,0,0,0,0,0,0,1
2024-02-14,2024,2,14,quarta,7,0,1,3,Volta_as_Aulas,0,0,1,0,0,0,0,0,0,0,0,0,0,0,0,0,0,0,0,0,0,0,0,0,0,0,0,1
2024-02-15,2024,2,15,quinta,7,0,1,3,Volta_as_Aulas,0,0,0,0,0,0,0,0,0,0,0,0,0,0,0,0,0,0,0,0,0,0,0,0,0,0,0,1
2024-02-16,2024,2,16,sexta,7,0,0,0,Sem_Evento,0,0,0,0,0,0,0,0,0,0,0,0,0,0,0,0,0,0,0,0,0,0,0,0,0,0,0,0
2024-02-17,2024,2,17,sabado,7,0,0,0,Sem_Evento,0,0,0,0,0,0,0,0,0,0,0,0,0,0,0,0,0,0,0,0,0,0,0,0,0,0,0,0
2024-02-18,2024,2,18,domingo,7,0,0,0,Sem_Evento,0,0,0,0,0,0,0,0,0,0,0,0,0,0,0,0,0,0,0,0,0,0,0,0,0,0,0,0
2024-02-19,2024,2,19,segunda,8,0,0,0,Sem_Evento,0,0,0,0,0,0,0,0,0,0,0,0,0,0,0,0,0,0,0,0,0,0,0,0,0,0,0,0
2024-02-20,2024,2,20,terca,8,0,0,0,Sem_Evento,0,0,0,0,0,0,0,0,0,0,0,0,0,0,0,0,0,0,0,0,0,0,0,0,0,0,0,0
2024-02-21,2024,2,21,quarta,8,0,0,0,Sem_Evento,0,0,0,0,0,0,0,0,0,0,0,0,0,0,0,0,0,0,0,0,0,0,0,0,0,0,0,0
2024-02-22,2024,2,22,quinta,8,0,0,0,Sem_Evento,0,0,0,0,0,0,0,0,0,0,0,0,0,0,0,0,0,0,0,0,0,0,0,0,0,0,0,0
2024-02-23,2024,2,23,sexta,8,0,0,0,Sem_Evento,0,0,0,0,0,0,0,0,0,0,0,0,0,0,0,0,0,0,0,0,0,0,0,0,0,0,0,0
2024-02-24,2024,2,24,sabado,8,0,0,0,Sem_Evento,0,0,0,0,0,0,0,0,0,0,0,0,0,0,0,0,0,0,0,0,0,0,0,0,0,0,0,0
2024-02-25,2024,2,25,domingo,8,0,0,0,Sem_Evento,0,0,0,0,0,0,0,0,0,0,0,0,0,0,0,0,0,0,0,0,0,0,0,0,0,0,0,0
2024-02-26,2024,2,26,segunda,9,0,0,0,Sem_Evento,0,0,0,0,0,0,0,0,0,0,0,0,0,0,0,0,0,0,0,0,0,0,0,0,0,0,0,0
2024-02-27,2024,2,27,terca,9,0,0,0,Sem_Evento,0,0,0,0,0,0,0,0,0,0,0,0,0,0,0,0,0,0,0,0,0,0,0,0,0,0,0,0
2024-02-28,2024,2,28,quarta,9,0,0,0,Sem_Evento,0,0,0,0,0,0,0,0,0,0,0,0,0,0,0,0,0,0,0,0,0,0,0,0,0,0,0,0
2024-02-29,2024,2,29,quinta,9,0,0,0,Sem_Evento,0,0,0,0,0,0,0,0,0,0,0,0,0,0,0,0,0,0,0,0,0,0,0,0,0,0,0,0
2024-03-01,2024,3,1,sexta,9,0,0,0,Sem_Evento,0,0,0,0,0,0,0,0,0,0,0,0,0,0,0,0,0,0,0,0,0,0,0,0,0,0,0,0
2024-03-02,2024,3,2,sabado,9,0,0,0,Sem_Evento,0,0,0,0,0,0,0,0,0,0,0,0,0,0,0,0,0,0,0,0,0,0,0,0,0,0,0,0
2024-03-03,2024,3,3,domingo,9,0,0,0,Sem_Evento,0,0,0,0,0,0,0,0,0,0,0,0,0,0,0,0,0,0,0,0,0,0,0,0,0,0,0,0
2024-03-04,2024,3,4,segunda,10,0,0,0,Sem_Evento,0,0,0,0,0,0,0,0,0,0,0,0,0,0,0,0,0,0,0,0,0,0,0,0,0,0,0,0
2024-03-05,2024,3,5,terca,10,0,0,0,Sem_Evento,0,0,0,0,0,0,0,0,0,0,0,0,0,0,0,0,0,0,0,0,0,0,0,0,0,0,0,0
2024-03-06,2024,3,6,quarta,10,0,0,0,Sem_Evento,0,0,0,0,0,0,0,0,0,0,0,0,0,0,0,0,0,0,0,0,0,0,0,0,0,0,0,0
2024-03-07,2024,3,7,quinta,10,0,0,0,Sem_Evento,0,0,0,0,0,0,0,0,0,0,0,0,0,0,0,0,0,0,0,0,0,0,0,0,0,0,0,0
2024-03-08,2024,3,8,sexta,10,0,0,0,Sem_Evento,0,0,0,0,0,0,0,0,0,0,0,0,0,0,0,0,0,0,0,0,0,0,0,0,0,0,0,0
2024-03-09,2024,3,9,sabado,10,0,1,4,Semana_do_Consumidor,0,0,0,0,0,0,0,0,0,0,0,0,0,0,0,0,0,0,0,0,0,0,0,0,1,0,0,0
2024-03-10,2024,3,10,domingo,10,0,1,4,Semana_do_Consumidor,0,0,0,0,0,0,0,0,0,0,0,0,0,0,0,0,0,0,0,0,0,1,0,0,1,0,0,0
2024-03-11,2024,3,11,segunda,11,0,1,4,Semana_do_Consumidor,0,0,0,0,0,0,0,0,0,0,0,0,0,0,0,0,0,0,0,0,0,1,0,0,1,0,0,0
2024-03-12,2024,3,12,terca,11,0,1,4,Semana_do_Consumidor,0,0,0,0,0,0,0,0,0,0,0,0,0,0,0,0,0,0,0,0,0,1,0,0,1,0,0,0
2024-03-13,2024,3,13,quarta,11,0,1,4,Semana_do_Consumidor,0,0,0,0,0,0,0,0,0,0,0,0,0,0,0,0,0,0,0,0,0,1,0,0,1,0,0,0
2024-03-14,2024,3,14,quinta,11,0,1,4,Semana_do_Consumidor,0,0,0,0,0,0,0,0,0,0,0,0,0,0,0,0,0,0,0,0,0,1,0,0,1,0,0,0
2024-03-15,2024,3,15,sexta,11,0,1,4,Semana_do_Consumidor,0,0,0,0,0,0,0,0,0,0,0,0,0,0,0,0,0,0,0,0,0,1,0,0,1,0,0,0
2024-03-16,2024,3,16,sabado,11,0,1,4,Semana_do_Consumidor,0,0,0,0,0,0,0,0,0,0,0,0,0,0,0,0,0,0,0,0,0,1,0,0,1,0,0,0
2024-03-17,2024,3,17,domingo,11,0,1,4,Semana_do_Consumidor,0,0,0,0,0,0,0,0,0,0,0,0,0,0,0,0,0,0,0,0,0,1,0,0,1,0,0,0
2024-03-18,2024,3,18,segunda,12,0,1,4,Semana_do_Consumidor,0,0,0,0,0,0,0,0,0,0,0,0,0,0,0,0,0,0,0,0,0,1,0,0,1,0,0,0
2024-03-19,2024,3,19,terca,12,0,1,4,Semana_do_Consumidor,0,0,0,0,0,0,0,0,0,0,0,0,0,0,0,0,0,0,0,0,0,1,0,0,1,0,0,0
2024-03-20,2024,3,20,quarta,12,0,1,4,Semana_do_Consumidor,0,0,0,0,0,0,0,0,0,0,0,0,0,0,0,0,0,0,0,0,0,1,0,0,1,0,0,0
2024-03-21,2024,3,21,quinta,12,0,1,4,Semana_do_Consumidor,0,0,0,0,0,0,0,0,0,0,0,0,0,0,0,0,0,0,0,0,0,1,0,0,1,0,0,0
2024-03-22,2024,3,22,sexta,12,0,1,4,Semana_do_Consumidor,0,0,0,0,0,0,0,0,0,0,0,0,0,0,0,0,0,0,0,0,0,1,0,0,1,0,0,0
2024-03-23,2024,3,23,sabado,12,0,0,3,Pascoa,0,0,0,0,0,0,0,0,0,0,0,0,0,0,0,0,0,0,0,0,0,1,0,0,0,0,0,0
2024-03-24,2024,3,24,domingo,12,0,0,3,Pascoa,0,0,0,0,0,0,0,0,0,0,0,0,0,0,0,0,0,0,0,0,0,1,0,0,0,0,0,0
2024-03-25,2024,3,25,segunda,13,0,0,3,Pascoa,0,0,0,0,0,0,0,0,0,0,0,0,0,0,0,0,0,0,0,0,0,1,0,0,0,0,0,0
2024-03-26,2024,3,26,terca,13,0,0,3,Pascoa,0,0,0,0,0,0,0,0,0,0,0,0,0,0,0,0,0,0,0,0,0,1,0,0,0,0,0,0
2024-03-27,2024,3,27,quarta,13,0,0,3,Pascoa,0,0,0,0,0,0,0,0,0,0,0,0,0,0,0,0,0,0,0,0,0,1,0,0,0,0,0,0
2024-03-28,2024,3,28,quinta,13,0,0,3,Pascoa,0,0,0,0,0,0,0,0,0,0,0,0,0,0,0,0,0,0,0,0,0,1,0,0,0,0,0,0
2024-03-29,2024,3,29,sexta,13,1,0,3,Pascoa,0,0,0,0,0,0,0,0,0,0,0,0,0,0,0,0,0,0,0,0,0,1,0,0,0,1,0,0
2024-03-30,2024,3,30,sabado,13,0,0,3,Pascoa,0,0,0,0,0,0,0,0,0,0,0,0,0,0,0,0,0,0,0,0,0,1,0,0,0,0,0,0
2024-03-31,2024,3,31,domingo,13,0,0,3,Pascoa,0,0,0,0,0,0,0,0,0,0,0,0,0,0,0,0,0,0,0,0,0,1,0,0,0,0,0,0
2024-04-01,2024,4,1,segunda,14,0,0,0,Sem_Evento,0,0,0,0,0,0,0,0,0,0,0,0,0,0,0,0,0,0,0,0,0,0,0,0,0,0,0,0
2024-04-02,2024,4,2,terca,14,0,0,0,Sem_Evento,0,0,0,0,0,0,0,0,0,0,0,0,0,0,0,0,0,0,0,0,0,0,0,0,0,0,0,0
2024-04-03,2024,4,3,quarta,14,0,0,0,Sem_Evento,0,0,0,0,0,0,0,0,0,0,0,0,0,0,0,0,0,0,0,0,0,0,0,0,0,0,0,0
2024-04-04,2024,4,4,quinta,14,0,0,0,Sem_Evento,0,0,0,0,0,0,0,0,0,0,0,0,0,0,0,0,0,0,0,0,0,0,0,0,0,0,0,0
2024-04-05,2024,4,5,sexta,14,0,0,0,Sem_Evento,0,0,0,0,0,0,0,0,0,0,0,0,0,0,0,0,0,0,0,0,0,0,0,0,0,0,0,0
2024-04-06,2024,4,6,sabado,14,0,0,0,Sem_Evento,0,0,0,0,0,0,0,0,0,0,0,0,0,0,0,0,0,0,0,0,0,0,0,0,0,0,0,0
2024-04-07,2024,4,7,domingo,14,0,0,0,Sem_Evento,0,0,0,0,0,0,0,0,0,0,0,0,0,0,0,0,0,0,0,0,0,0,0,0,0,0,0,0
2024-04-08,2024,4,8,segunda,15,0,0,0,Sem_Evento,0,0,0,0,0,0,0,0,0,0,0,0,0,0,0,0,0,0,0,0,0,0,0,0,0,0,0,0
2024-04-09,2024,4,9,terca,15,0,0,0,Sem_Evento,0,0,0,0,0,0,0,0,0,0,0,0,0,0,0,0,0,0,0,0,0,0,0,0,0,0,0,0
2024-04-10,2024,4,10,quarta,15,0,0,0,Sem_Evento,0,0,0,0,0,0,0,0,0,0,0,0,0,0,0,0,0,0,0,0,0,0,0,0,0,0,0,0
2024-04-11,2024,4,11,quinta,15,0,0,0,Sem_Evento,0,0,0,0,0,0,0,0,0,0,0,0,0,0,0,0,0,0,0,0,0,0,0,0,0,0,0,0
2024-04-12,2024,4,12,sexta,15,0,0,0,Sem_Evento,0,0,0,0,0,0,0,0,0,0,0,0,0,0,0,0,0,0,0,0,0,0,0,0,0,0,0,0
2024-04-13,2024,4,13,sabado,15,0,0,0,Sem_Evento,0,0,0,0,0,0,0,0,0,0,0,0,0,0,0,0,0,0,0,0,0,0,0,0,0,0,0,0
2024-04-14,2024,4,14,domingo,15,0,0,0,Sem_Evento,0,0,0,0,0,0,0,0,0,0,0,0,0,0,0,0,0,0,0,0,0,0,0,0,0,0,0,0
2024-04-15,2024,4,15,segunda,16,0,0,0,Sem_Evento,0,0,0,0,0,0,0,0,0,0,0,0,0,0,0,0,0,0,0,0,0,0,0,0,0,0,0,0
2024-04-16,2024,4,16,terca,16,0,0,0,Sem_Evento,0,0,0,0,0,0,0,0,0,0,0,0,0,0,0,0,0,0,0,0,0,0,0,0,0,0,0,0
2024-04-17,2024,4,17,quarta,16,0,0,0,Sem_Evento,0,0,0,0,0,0,0,0,0,0,0,0,0,0,0,0,0,0,0,0,0,0,0,0,0,0,0,0
2024-04-18,2024,4,18,quinta,16,0,0,0,Sem_Evento,0,0,0,0,0,0,0,0,0,0,0,0,0,0,0,0,0,0,0,0,0,0,0,0,0,0,0,0
2024-04-19,2024,4,19,sexta,16,0,0,0,Sem_Evento,0,0,0,0,0,0,0,0,0,0,0,0,0,0,0,0,0,0,0,0,0,0,0,0,0,0,0,0
2024-04-20,2024,4,20,sabado,16,0,0,0,Sem_Evento,0,0,0,0,0,0,0,0,0,0,0,0,0,0,0,0,0,0,0,0,0,0,0,0,0,0,0,0
2024-04-21,2024,4,21,domingo,16,1,0,1,Tiradentes,0,0,0,0,0,0,0,0,0,0,0,0,0,0,0,0,0,0,0,0,0,0,0,0,0,0,1,0
2024-04-22,2024,4,22,segunda,17,0,0,0,Sem_Evento,0,0,0,0,0,0,0,0,0,0,0,0,0,0,0,0,0,0,0,0,0,0,0,0,0,0,0,0
2024-04-23,2024,4,23,terca,17,0,0,0,Sem_Evento,0,0,0,0,0,0,0,0,0,0,0,0,0,0,0,0,0,0,0,0,0,0,0,0,0,0,0,0
2024-04-24,2024,4,24,quarta,17,0,0,0,Sem_Evento,0,0,0,0,0,0,0,0,0,0,0,0,0,0,0,0,0,0,0,0,0,0,0,0,0,0,0,0
2024-04-25,2024,4,25,quinta,17,0,1,5,Dia_das_Maes,0,0,0,0,0,0,0,0,0,1,0,0,0,0,0,0,0,0,0,0,0,0,0,0,0,0,0,0
2024-04-26,2024,4,26,sexta,17,0,1,5,Dia_das_Maes,0,0,0,0,0,0,0,0,0,1,0,0,0,0,0,0,0,0,0,0,0,0,0,0,0,0,0,0
2024-04-27,2024,4,27,sabado,17,0,1,5,Dia_das_Maes,0,0,0,0,0,0,0,0,0,1,0,0,0,0,0,0,0,0,0,0,0,0,0,0,0,0,0,0
2024-04-28,2024,4,28,domingo,17,0,1,5,Dia_das_Maes,0,0,0,0,0,0,0,0,0,1,0,0,0,0,0,0,0,0,0,0,0,0,0,0,0,0,0,0
2024-04-29,2024,4,29,segunda,18,0,1,5,Dia_das_Maes,0,0,0,0,0,0,0,0,0,1,0,0,0,0,0,0,0,0,0,0,0,0,0,0,0,0,0,0
2024-04-30,2024,4,30,terca,18,0,1,5,Dia_das_Maes,0,0,0,0,0,0,0,0,0,1,0,0,0,0,0,0,0,0,0,0,0,0,0,0,0,0,0,0
2024-05-01,2024,5,1,quarta,18,1,1,5,Dia_das_Maes,0,0,0,0,0,0,0,0,0,1,0,1,0,0,0,0,0,0,0,0,0,0,0,0,0,0,0,0
2024-05-02,2024,5,2,quinta,18,0,1,5,Dia_das_Maes,0,0,0,0,0,0,0,0,0,1,0,0,0,0,0,0,0,0,0,0,0,0,0,0,0,0,0,0
2024-05-03,2024,5,3,sexta,18,0,1,5,Dia_das_Maes,0,0,0,0,0,0,0,0,0,1,0,0,0,0,0,0,0,0,0,0,0,0,0,0,0,0,0,0
2024-05-04,2024,5,4,sabado,18,0,1,5,Dia_das_Maes,0,0,0,0,0,0,0,0,0,1,0,0,0,0,0,0,0,0,0,0,0,0,0,0,0,0,0,0
2024-05-05,2024,5,5,domingo,18,0,1,5,Dia_das_Maes,0,0,0,0,0,0,0,0,0,1,0,0,0,0,0,0,0,0,0,0,0,0,0,0,0,0,0,0
2024-05-06,2024,5,6,segunda,19,0,1,5,Dia_das_Maes,0,0,0,0,0,0,0,0,0,1,0,0,0,0,0,0,0,0,0,0,0,0,0,0,0,0,0,0
2024-05-07,2024,5,7,terca,19,0,1,5,Dia_das_Maes,0,0,0,0,0,0,0,0,0,1,0,0,0,0,0,0,0,0,0,0,0,0,0,0,0,0,0,0
2024-05-08,2024,5,8,quarta,19,0,1,5,Dia_das_Maes,0,0,0,0,0,0,0,0,0,1,0,0,0,0,0,0,0,0,0,0,0,0,0,0,0,0,0,0
2024-05-09,2024,5,9,quinta,19,0,1,5,Dia_das_Maes,0,0,0,0,0,0,0,0,0,1,0,0,0,0,0,0,0,0,0,0,0,0,0,0,0,0,0,0
2024-05-10,2024,5,10,sexta,19,0,1,5,Dia_das_Maes,0,0,0,0,0,0,0,0,0,1,0,0,0,0,0,0,0,0,0,0,0,0,0,0,0,0,0,0
2024-05-11,2024,5,11,sabado,19,0,1,5,Dia_das_Maes,0,0,0,0,0,0,0,0,0,1,0,0,0,0,0,0,0,0,0,0,0,0,0,0,0,0,0,0
2024-05-12,2024,5,12,domingo,19,0,1,5,Dia_das_Maes,0,0,0,0,0,0,0,0,0,1,0,0,0,0,0,0,0,0,0,0,0,0,0,0,0,0,0,0
2024-05-13,2024,5,13,segunda,20,0,0,0,Sem_Evento,0,0,0,0,0,0,0,0,0,0,0,0,0,0,0,0,0,0,0,0,0,0,0,0,0,0,0,0
2024-05-14,2024,5,14,terca,20,0,0,0,Sem_Evento,0,0,0,0,0,0,0,0,0,0,0,0,0,0,0,0,0,0,0,0,0,0,0,0,0,0,0,0
2024-05-15,2024,5,15,quarta,20,0,0,0,Sem_Evento,0,0,0,0,0,0,0,0,0,0,0,0,0,0,0,0,0,0,0,0,0,0,0,0,0,0,0,0
2024-05-16,2024,5,16,quinta,20,0,0,0,Sem_Evento,0,0,0,0,0,0,0,0,0,0,0,0,0,0,0,0,0,0,0,0,0,0,0,0,0,0,0,0
2024-05-17,2024,5,17,sexta,20,0,0,0,Sem_Evento,0,0,0,0,0,0,0,0,0,0,0,0,0,0,0,0,0,0,0,0,0,0,0,0,0,0,0,0
2024-05-18,2024,5,18,sabado,20,0,0,0,Sem_Evento,0,0,0,0,0,0,0,0,0,0,0,0,0,0,0,0,0,0,0,0,0,0,0,0,0,0,0,0
2024-05-19,2024,5,19,domingo,20,0,0,0,Sem_Evento,0,0,0,0,0,0,0,0,0,0,0,0,0,0,0,0,0,0,0,0,0,0,0,0,0,0,0,0
2024-05-20,2024,5,20,segunda,21,0,0,0,Sem_Evento,0,0,0,0,0,0,0,0,0,0,0,0,0,0,0,0,0,0,0,0,0,0,0,0,0,0,0,0
2024-05-21,2024,5,21,terca,21,0,0,0,Sem_Evento,0,0,0,0,0,0,0,0,0,0,0,0,0,0,0,0,0,0,0,0,0,0,0,0,0,0,0,0
2024-05-22,2024,5,22,quarta,21,0,0,0,Sem_Evento,0,0,0,0,0,0,0,0,0,0,0,0,0,0,0,0,0,0,0,0,0,0,0,0,0,0,0,0
2024-05-23,2024,5,23,quinta,21,0,0,0,Sem_Evento,0,0,0,0,0,0,0,0,0,0,0,0,0,0,0,0,0,0,0,0,0,0,0,0,0,0,0,0
2024-05-24,2024,5,24,sexta,21,0,0,0,Sem_Evento,0,0,0,0,0,0,0,0,0,0,0,0,0,0,0,0,0,0,0,0,0,0,0,0,0,0,0,0
2024-05-25,2024,5,25,sabado,21,0,0,0,Sem_Evento,0,0,0,0,0,0,0,0,0,0,0,0,0,0,0,0,0,0,0,0,0,0,0,0,0,0,0,0
2024-05-26,2024,5,26,domingo,21,0,0,0,Sem_Evento,0,0,0,0,0,0,0,0,0,0,0,0,0,0,0,0,0,0,0,0,0,0,0,0,0,0,0,0
2024-05-27,2024,5,27,segunda,22,0,0,0,Sem_Evento,0,0,0,0,0,0,0,0,0,0,0,0,0,0,0,0,0,0,0,0,0,0,0,0,0,0,0,0
2024-05-28,2024,5,28,terca,22,0,0,0,Sem_Evento,0,0,0,0,0,0,0,0,0,0,0,0,0,0,0,0,0,0,0,0,0,0,0,0,0,0,0,0
2024-05-29,2024,5,29,quarta,22,0,0,0,Sem_Evento,0,0,0,0,0,0,0,0,0,0,0,0,0,0,0,0,0,0,0,0,0,0,0,0,0,0,0,0
2024-05-30,2024,5,30,quinta,22,1,0,1,Corpus_Christi,0,0,0,0,0,0,1,0,0,0,0,0,0,0,0,0,0,0,0,0,0,0,0,0,0,0,0,0
2024-05-31,2024,5,31,sexta,22,0,0,0,Sem_Evento,0,0,0,0,0,0,0,0,0,0,0,0,0,0,0,0,0,0,0,0,0,0,0,0,0,0,0,0
2024-06-01,2024,6,1,sabado,22,0,1,4,Dia_dos_Namorados,0,0,0,0,0,0,0,0,0,0,0,0,1,0,1,0,0,0,0,0,0,0,0,0,0,0,0,0
2024-06-02,2024,6,2,domingo,22,0,1,4,Dia_dos_Namorados,0,0,0,0,0,0,0,0,0,0,0,0,1,0,1,0,0,0,0,0,0,0,0,0,0,0,0,0
2024-06-03,2024,6,3,segunda,23,0,1,4,Dia_dos_Namorados,0,0,0,0,0,0,0,0,0,0,0,0,1,0,1,0,0,0,0,0,0,0,0,0,0,0,0,0
2024-06-04,2024,6,4,terca,23,0,1,4,Dia_dos_Namorados,0,0,0,0,0,0,0,0,0,0,0,0,1,0,1,0,0,0,0,0,0,0,0,0,0,0,0,0
2024-06-05,2024,6,5,quarta,23,0,1,4,Dia_dos_Namorados,0,0,0,0,0,0,0,0,0,0,0,0,1,0,1,0,0,0,0,0,0,0,0,0,0,0,0,0
2024-06-06,2024,6,6,quinta,23,0,1,4,Dia_dos_Namorados,0,0,0,0,0,0,0,0,0,0,0,0,1,0,1,0,0,0,0,0,0,0,0,0,0,0,0,0
2024-06-07,2024,6,7,sexta,23,0,1,4,Dia_dos_Namorados,0,0,0,0,0,0,0,0,0,0,0,0,1,0,1,0,0,0,0,0,0,0,0,0,0,0,0,0
2024-06-08,2024,6,8,sabado,23,0,1,4,Dia_dos_Namorados,0,0,0,0,0,0,0,0,0,0,0,0,1,0,1,0,0,0,0,0,0,0,0,0,0,0,0,0
2024-06-09,2024,6,9,domingo,23,0,1,4,Dia_dos_Namorados,0,0,0,0,0,0,0,0,0,0,0,0,1,0,1,0,0,0,0,0,0,0,0,0,0,0,0,0
2024-06-10,2024,6,10,segunda,24,0,1,4,Dia_dos_Namorados,0,0,0,0,0,0,0,0,0,0,0,0,1,0,1,0,0,0,0,0,0,0,0,0,0,0,0,0
2024-06-11,2024,6,11,terca,24,0,1,4,Dia_dos_Namorados,0,0,0,0,0,0,0,0,0,0,0,0,1,0,1,0,0,0,0,0,0,0,0,0,0,0,0,0
2024-06-12,2024,6,12,quarta,24,0,1,4,Dia_dos_Namorados,0,0,0,0,0,0,0,0,0,0,0,0,1,0,1,0,0,0,0,0,0,0,0,0,0,0,0,0
2024-06-13,2024,6,13,quinta,24,0,1,2,Festas_Juninas,0,0,0,0,0,0,0,0,0,0,0,0,0,0,1,0,0,0,0,0,0,0,0,0,0,0,0,0
2024-06-14,2024,6,14,sexta,24,0,1,2,Festas_Juninas,0,0,0,0,0,0,0,0,0,0,0,0,0,0,1,0,0,0,0,0,0,0,0,0,0,0,0,0
2024-06-15,2024,6,15,sabado,24,0,1,2,Festas_Juninas,0,0,0,0,0,0,0,0,0,0,0,0,0,0,1,0,0,0,0,0,0,0,0,0,0,0,0,0
2024-06-16,2024,6,16,domingo,24,0,1,2,Festas_Juninas,0,0,0,0,0,0,0,0,0,0,0,0,0,0,1,0,0,0,0,0,0,0,0,0,0,0,0,0
2024-06-17,2024,6,17,segunda,25,0,1,2,Festas_Juninas,0,0,0,0,0,0,0,0,0,0,0,0,0,0,1,0,0,0,0,0,0,0,0,0,0,0,0,0
2024-06-18,2024,6,18,terca,25,0,1,2,Festas_Juninas,0,0,0,0,0,0,0,0,0,0,0,0,0,0,1,0,0,0,0,0,0,0,0,0,0,0,0,0
2024-06-19,2024,6,19,quarta,25,0,1,2,Festas_Juninas,0,0,0,0,0,0,0,0,0,0,0,0,0,0,1,0,0,0,0,0,0,0,0,0,0,0,0,0
2024-06-20,2024,6,20,quinta,25,0,1,2,Festas_Juninas,0,0,0,0,0,0,0,0,0,0,0,0,0,0,1,0,0,0,0,0,0,0,0,0,0,0,0,0
2024-06-21,2024,6,21,sexta,25,0,1,2,Festas_Juninas,0,0,0,0,0,0,0,0,0,0,0,0,0,0,1,0,0,0,0,0,0,0,0,0,0,0,0,0
2024-06-22,2024,6,22,sabado,25,0,1,2,Festas_Juninas,0,0,0,0,0,0,0,0,0,0,0,0,0,0,1,0,0,0,0,0,0,0,0,0,0,0,0,0
2024-06-23,2024,6,23,domingo,25,0,1,2,Festas_Juninas,0,0,0,0,0,0,0,0,0,0,0,0,0,0,1,0,0,0,0,0,0,0,0,0,0,0,0,0
2024-06-24,2024,6,24,segunda,26,0,1,2,Festas_Juninas,0,0,0,0,0,0,0,0,0,0,0,0,0,0,1,0,0,0,0,0,0,0,0,0,0,0,0,0
2024-06-25,2024,6,25,terca,26,0,1,2,Festas_Juninas,0,0,0,0,0,0,0,0,0,0,0,0,0,0,1,0,0,0,0,0,0,0,0,0,0,0,0,0
2024-06-26,2024,6,26,quarta,26,0,1,2,Festas_Juninas,0,0,0,0,0,0,0,0,0,0,0,0,0,0,1,0,0,0,0,0,0,0,0,0,0,0,0,0
2024-06-27,2024,6,27,quinta,26,0,1,2,Festas_Juninas,0,0,0,0,0,0,0,0,0,0,0,0,0,0,1,0,0,0,0,0,0,0,0,0,0,0,0,0
2024-06-28,2024,6,28,sexta,26,0,1,2,Festas_Juninas,0,0,0,0,0,0,0,0,0,0,0,0,0,0,1,0,0,0,0,0,0,0,0,0,0,0,0,0
2024-06-29,2024,6,29,sabado,26,0,1,2,Festas_Juninas,0,0,0,0,0,0,0,0,0,0,0,0,0,0,1,0,0,0,0,0,0,0,0,0,0,0,0,0
2024-06-30,2024,6,30,domingo,26,0,1,2,Festas_Juninas,0,0,0,0,0,0,0,0,0,0,0,0,0,0,1,0,0,0,0,0,0,0,0,0,0,0,0,0
2024-07-01,2024,7,1,segunda,27,0,0,0,Sem_Evento,0,0,0,0,0,0,0,0,0,0,0,0,0,0,0,0,0,0,0,0,0,0,0,0,0,0,0,0
2024-07-02,2024,7,2,terca,27,0,0,0,Sem_Evento,0,0,0,0,0,0,0,0,0,0,0,0,0,0,0,0,0,0,0,0,0,0,0,0,0,0,0,0
2024-07-03,2024,7,3,quarta,27,0,0,0,Sem_Evento,0,0,0,0,0,0,0,0,0,0,0,0,0,0,0,0,0,0,0,0,0,0,0,0,0,0,0,0
2024-07-04,2024,7,4,quinta,27,0,0,0,Sem_Evento,0,0,0,0,0,0,0,0,0,0,0,0,0,0,0,0,0,0,0,0,0,0,0,0,0,0,0,0
2024-07-05,2024,7,5,sexta,27,0,0,0,Sem_Evento,0,0,0,0,0,0,0,0,0,0,0,0,0,0,0,0,0,0,0,0,0,0,0,0,0,0,0,0
2024-07-06,2024,7,6,sabado,27,0,0,0,Sem_Evento,0,0,0,0,0,0,0,0,0,0,0,0,0,0,0,0,0,0,0,0,0,0,0,0,0,0,0,0
2024-07-07,2024,7,7,domingo,27,0,0,0,Sem_Evento,0,0,0,0,0,0,0,0,0,0,0,0,0,0,0,0,0,0,0,0,0,0,0,0,0,0,0,0
2024-07-08,2024,7,8,segunda,28,0,0,0,Sem_Evento,0,0,0,0,0,0,0,0,0,0,0,0,0,0,0,0,0,0,0,0,0,0,0,0,0,0,0,0
2024-07-09,2024,7,9,terca,28,0,0,0,Sem_Evento,0,0,0,0,0,0,0,0,0,0,0,0,0,0,0,0,0,0,0,0,0,0,0,0,0,0,0,0
2024-07-10,2024,7,10,quarta,28,0,0,0,Sem_Evento,0,0,0,0,0,0,0,0,0,0,0,0,0,0,0,0,0,0,0,0,0,0,0,0,0,0,0,0
2024-07-11,2024,7,11,quinta,28,0,0,0,Sem_Evento,0,0,0,0,0,0,0,0,0,0,0,0,0,0,0,0,0,0,0,0,0,0,0,0,0,0,0,0
2024-07-12,2024,7,12,sexta,28,0,0,0,Sem_Evento,0,0,0,0,0,0,0,0,0,0,0,0,0,0,0,0,0,0,0,0,0,0,0,0,0,0,0,0
2024-07-13,2024,7,13,sabado,28,0,0,0,Sem_Evento,0,0,0,0,0,0,0,0,0,0,0,0,0,0,0,0,0,0,0,0,0,0,0,0,0,0,0,0
2024-07-14,2024,7,14,domingo,28,0,0,0,Sem_Evento,0,0,0,0,0,0,0,0,0,0,0,0,0,0,0,0,0,0,0,0,0,0,0,0,0,0,0,0
2024-07-15,2024,7,15,segunda,29,0,0,0,Sem_Evento,0,0,0,0,0,0,0,0,0,0,0,0,0,0,0,0,0,0,0,0,0,0,0,0,0,0,0,0
2024-07-16,2024,7,16,terca,29,0,0,0,Sem_Evento,0,0,0,0,0,0,0,0,0,0,0,0,0,0,0,0,0,0,0,0,0,0,0,0,0,0,0,0
2024-07-17,2024,7,17,quarta,29,0,0,0,Sem_Evento,0,0,0,0,0,0,0,0,0,0,0,0,0,0,0,0,0,0,0,0,0,0,0,0,0,0,0,0
2024-07-18,2024,7,18,quinta,29,0,0,0,Sem_Evento,0,0,0,0,0,0,0,0,0,0,0,0,0,0,0,0,0,0,0,0,0,0,0,0,0,0,0,0
2024-07-19,2024,7,19,sexta,29,0,0,0,Sem_Evento,0,0,0,0,0,0,0,0,0,0,0,0,0,0,0,0,0,0,0,0,0,0,0,0,0,0,0,0
2024-07-20,2024,7,20,sabado,29,0,0,0,Sem_Evento,0,0,0,0,0,0,0,0,0,0,0,0,0,0,0,0,0,0,0,0,0,0,0,0,0,0,0,0
2024-07-21,2024,7,21,domingo,29,0,0,0,Sem_Evento,0,0,0,0,0,0,0,0,0,0,0,0,0,0,0,0,0,0,0,0,0,0,0,0,0,0,0,0
2024-07-22,2024,7,22,segunda,30,0,0,0,Sem_Evento,0,0,0,0,0,0,0,0,0,0,0,0,0,0,0,0,0,0,0,0,0,0,0,0,0,0,0,0
2024-07-23,2024,7,23,terca,30,0,0,0,Sem_Evento,0,0,0,0,0,0,0,0,0,0,0,0,0,0,0,0,0,0,0,0,0,0,0,0,0,0,0,0
2024-07-24,2024,7,24,quarta,30,0,0,0,Sem_Evento,0,0,0,0,0,0,0,0,0,0,0,0,0,0,0,0,0,0,0,0,0,0,0,0,0,0,0,0
2024-07-25,2024,7,25,quinta,30,0,1,4,Dia_dos_Pais,0,0,0,0,0,0,0,0,0,0,0,0,0,1,0,0,0,0,0,0,0,0,0,0,0,0,0,0
2024-07-26,2024,7,26,sexta,30,0,1,4,Dia_dos_Pais,0,0,0,0,0,0,0,0,0,0,0,0,0,1,0,0,0,0,0,0,0,0,0,0,0,0,0,0
2024-07-27,2024,7,27,sabado,30,0,1,4,Dia_dos_Pais,0,0,0,0,0,0,0,0,0,0,0,0,0,1,0,0,0,0,0,0,0,0,0,0,0,0,0,0
2024-07-28,2024,7,28,domingo,30,0,1,4,Dia_dos_Pais,0,0,0,0,0,0,0,0,0,0,0,0,0,1,0,0,0,0,0,0,0,0,0,0,0,0,0,0
2024-07-29,2024,7,29,segunda,31,0,1,4,Dia_dos_Pais,0,0,0,0,0,0,0,0,0,0,0,0,0,1,0,0,0,0,0,0,0,0,0,0,0,0,0,0
2024-07-30,2024,7,30,terca,31,0,1,4,Dia_dos_Pais,0,0,0,0,0,0,0,0,0,0,0,0,0,1,0,0,0,0,0,0,0,0,0,0,0,0,0,0
2024-07-31,2024,7,31,quarta,31,0,1,4,Dia_dos_Pais,0,0,0,0,0,0,0,0,0,0,0,0,0,1,0,0,0,0,0,0,0,0,0,0,0,0,0,0
2024-08-01,2024,8,1,quinta,31,0,1,4,Dia_dos_Pais,0,0,0,0,0,0,0,0,0,0,0,0,0,1,0,0,0,0,0,0,0,0,0,0,0,0,0,0
2024-08-02,2024,8,2,sexta,31,0,1,4,Dia_dos_Pais,0,0,0,0,0,0,0,0,0,0,0,0,0,1,0,0,0,0,0,0,0,0,0,0,0,0,0,0
2024-08-03,2024,8,3,sabado,31,0,1,4,Dia_dos_Pais,0,0,0,0,0,0,0,0,0,0,0,0,0,1,0,0,0,0,0,0,0,0,0,0,0,0,0,0
2024-08-04,2024,8,4,domingo,31,0,1,4,Dia_dos_Pais,0,0,0,0,0,0,0,0,0,0,0,0,0,1,0,0,0,0,0,0,0,0,0,0,0,0,0,0
2024-08-05,2024,8,5,segunda,32,0,1,4,Dia_dos_Pais,0,0,0,0,0,0,0,0,0,0,0,0,0,1,0,0,0,0,0,0,0,0,0,0,0,0,0,0
2024-08-06,2024,8,6,terca,32,0,1,4,Dia_dos_Pais,0,0,0,0,0,0,0,0,0,0,0,0,0,1,0,0,0,0,0,0,0,0,0,0,0,0,0,0
2024-08-07,2024,8,7,quarta,32,0,1,4,Dia_dos_Pais,0,0,0,0,0,0,0,0,0,0,0,0,0,1,0,0,0,0,0,0,0,0,0,0,0,0,0,0
2024-08-08,2024,8,8,quinta,32,0,1,4,Dia_dos_Pais,0,0,0,0,0,0,0,0,0,0,0,0,0,1,0,0,0,0,0,0,0,0,0,0,0,0,0,0
2024-08-09,2024,8,9,sexta,32,0,1,4,Dia_dos_Pais,0,0,0,0,0,0,0,0,0,0,0,0,0,1,0,0,0,0,0,0,0,0,0,0,0,0,0,0
2024-08-10,2024,8,10,sabado,32,0,1,4,Dia_dos_Pais,0,0,0,0,0,0,0,0,0,0,0,0,0,1,0,0,0,0,0,0,0,0,0,0,0,0,0,0
2024-08-11,2024,8,11,domingo,32,0,1,4,Dia_dos_Pais,0,0,0,0,0,0,0,0,0,0,0,0,0,1,0,0,0,0,0,0,0,0,0,0,0,0,0,0
2024-08-12,2024,8,12,segunda,33,0,0,0,Sem_Evento,0,0,0,0,0,0,0,0,0,0,0,0,0,0,0,0,0,0,0,0,0,0,0,0,0,0,0,0
2024-08-13,2024,8,13,terca,33,0,0,0,Sem_Evento,0,0,0,0,0,0,0,0,0,0,0,0,0,0,0,0,0,0,0,0,0,0,0,0,0,0,0,0
2024-08-14,2024,8,14,quarta,33,0,0,0,Sem_Evento,0,0,0,0,0,0,0,0,0,0,0,0,0,0,0,0,0,0,0,0,0,0,0,0,0,0,0,0
2024-08-15,2024,8,15,quinta,33,0,0,0,Sem_Evento,0,0,0,0,0,0,0,0,0,0,0,0,0,0,0,0,0,0,0,0,0,0,0,0,0,0,0,0
2024-08-16,2024,8,16,sexta,33,0,0,0,Sem_Evento,0,0,0,0,0,0,0,0,0,0,0,0,0,0,0,0,0,0,0,0,0,0,0,0,0,0,0,0
2024-08-17,2024,8,17,sabado,33,0,0,0,Sem_Evento,0,0,0,0,0,0,0,0,0,0,0,0,0,0,0,0,0,0,0,0,0,0,0,0,0,0,0,0
2024-08-18,2024,8,18,domingo,33,0,0,0,Sem_Evento,0,0,0,0,0,0,0,0,0,0,0,0,0,0,0,0,0,0,0,0,0,0,0,0,0,0,0,0
2024-08-19,2024,8,19,segunda,34,0,0,0,Sem_Evento,0,0,0,0,0,0,0,0,0,0,0,0,0,0,0,0,0,0,0,0,0,0,0,0,0,0,0,0
2024-08-20,2024,8,20,terca,34,0,0,0,Sem_Evento,0,0,0,0,0,0,0,0,0,0,0,0,0,0,0,0,0,0,0,0,0,0,0,0,0,0,0,0
2024-08-21,2024,8,21,quarta,34,0,0,0,Sem_Evento,0,0,0,0,0,0,0,0,0,0,0,0,0,0,0,0,0,0,0,0,0,0,0,0,0,0,0,0
2024-08-22,2024,8,22,quinta,34,0,0,0,Sem_Evento,0,0,0,0,0,0,0,0,0,0,0,0,0,0,0,0,0,0,0,0,0,0,0,0,0,0,0,0
2024-08-23,2024,8,23,sexta,34,0,0,0,Sem_Evento,0,0,0,0,0,0,0,0,0,0,0,0,0,0,0,0,0,0,0,0,0,0,0,0,0,0,0,0
2024-08-24,2024,8,24,sabado,34,0,0,0,Sem_Evento,0,0,0,0,0,0,0,0,0,0,0,0,0,0,0,0,0,0,0,0,0,0,0,0,0,0,0,0
2024-08-25,2024,8,25,domingo,34,0,0,0,Sem_Evento,0,0,0,0,0,0,0,0,0,0,0,0,0,0,0,0,0,0,0,0,0,0,0,0,0,0,0,0
2024-08-26,2024,8,26,segunda,35,0,0,0,Sem_Evento,0,0,0,0,0,0,0,0,0,0,0,0,0,0,0,0,0,0,0,0,0,0,0,0,0,0,0,0
2024-08-27,2024,8,27,terca,35,0,0,0,Sem_Evento,0,0,0,0,0,0,0,0,0,0,0,0,0,0,0,0,0,0,0,0,0,0,0,0,0,0,0,0
2024-08-28,2024,8,28,quarta,35,0,0,0,Sem_Evento,0,0,0,0,0,0,0,0,0,0,0,0,0,0,0,0,0,0,0,0,0,0,0,0,0,0,0,0
2024-08-29,2024,8,29,quinta,35,0,0,0,Sem_Evento,0,0,0,0,0,0,0,0,0,0,0,0,0,0,0,0,0,0,0,0,0,0,0,0,0,0,0,0
2024-08-30,2024,8,30,sexta,35,0,0,0,Sem_Evento,0,0,0,0,0,0,0,0,0,0,0,0,0,0,0,0,0,0,0,0,0,0,0,0,0,0,0,0
2024-08-31,2024,8,31,sabado,35,0,0,0,Sem_Evento,0,0,0,0,0,0,0,0,0,0,0,0,0,0,0,0,0,0,0,0,0,0,0,0,0,0,0,0
2024-09-01,2024,9,1,domingo,35,0,0,0,Sem_Evento,0,0,0,0,0,0,0,0,0,0,0,0,0,0,0,0,0,0,0,0,0,0,0,0,0,0,0,0
2024-09-02,2024,9,2,segunda,36,0,0,0,Sem_Evento,0,0,0,0,0,0,0,0,0,0,0,0,0,0,0,0,0,0,0,0,0,0,0,0,0,0,0,0
2024-09-03,2024,9,3,terca,36,0,0,0,Sem_Evento,0,0,0,0,0,0,0,0,0,0,0,0,0,0,0,0,0,0,0,0,0,0,0,0,0,0,0,0
2024-09-04,2024,9,4,quarta,36,0,0,0,Sem_Evento,0,0,0,0,0,0,0,0,0,0,0,0,0,0,0,0,0,0,0,0,0,0,0,0,0,0,0,0
2024-09-05,2024,9,5,quinta,36,0,0,0,Sem_Evento,0,0,0,0,0,0,0,0,0,0,0,0,0,0,0,0,0,0,0,0,0,0,0,0,0,0,0,0
2024-09-06,2024,9,6,sexta,36,0,0,0,Sem_Evento,0,0,0,0,0,0,0,0,0,0,0,0,0,0,0,0,0,0,0,0,0,0,0,0,0,0,0,0
2024-09-07,2024,9,7,sabado,36,1,0,1,Independencia,0,0,0,0,0,0,0,0,0,0,0,0,0,0,0,0,1,0,0,0,0,0,0,0,0,0,0,0
2024-09-08,2024,9,8,domingo,36,0,0,0,Sem_Evento,0,0,0,0,0,0,0,0,0,0,0,0,0,0,0,0,0,0,0,0,0,0,0,0,0,0,0,0
2024-09-09,2024,9,9,segunda,37,0,1,3,Dia_do_Cliente,0,0,0,0,0,0,0,0,0,0,1,0,0,0,0,0,0,0,0,0,0,0,0,0,0,0,0,0
2024-09-10,2024,9,10,terca,37,0,1,3,Dia_do_Cliente,0,0,0,0,0,0,0,0,0,0,1,0,0,0,0,0,0,0,0,0,0,0,0,0,0,0,0,0
2024-09-11,2024,9,11,quarta,37,0,1,3,Dia_do_Cliente,0,0,0,0,0,0,0,0,0,0,1,0,0,0,0,0,0,0,0,0,0,0,0,0,0,0,0,0
2024-09-12,2024,9,12,quinta,37,0,1,3,Dia_do_Cliente,0,0,0,0,0,0,0,0,0,0,1,0,0,0,0,0,0,0,0,0,0,0,0,0,0,0,0,0
2024-09-13,2024,9,13,sexta,37,0,1,3,Dia_do_Cliente,0,0,0,0,0,0,0,0,0,0,1,0,0,0,0,0,0,0,0,0,0,0,0,0,0,0,0,0
2024-09-14,2024,9,14,sabado,37,0,1,3,Dia_do_Cliente,0,0,0,0,0,0,0,0,0,0,1,0,0,0,0,0,0,0,0,0,0,0,0,0,0,0,0,0
2024-09-15,2024,9,15,domingo,37,0,1,3,Dia_do_Cliente,0,0,0,0,0,0,0,0,0,0,1,0,0,0,0,0,0,0,0,0,0,0,0,0,0,0,0,0
2024-09-16,2024,9,16,segunda,38,0,1,3,Dia_do_Cliente,0,0,0,0,0,0,0,0,0,0,1,0,0,0,0,0,0,0,0,0,0,0,0,0,0,0,0,0
2024-09-17,2024,9,17,terca,38,0,1,3,Dia_do_Cliente,0,0,0,0,0,0,0,0,0,0,1,0,0,0,0,0,0,0,0,0,0,0,0,0,0,0,0,0
2024-09-18,2024,9,18,quarta,38,0,1,3,Dia_do_Cliente,0,0,0,0,0,0,0,0,0,0,1,0,0,0,0,0,0,0,0,0,0,0,0,0,0,0,0,0
2024-09-19,2024,9,19,quinta,38,0,1,3,Dia_do_Cliente,0,0,0,0,0,0,0,0,0,0,1,0,0,0,0,0,0,0,0,0,0,0,0,0,0,0,0,0
2024-09-20,2024,9,20,sexta,38,0,1,3,Dia_do_Cliente,0,0,0,0,0,0,0,0,0,0,1,0,0,0,0,0,0,0,0,0,0,0,0,0,0,0,0,0
2024-09-21,2024,9,21,sabado,38,0,1,3,Dia_do_Cliente,0,0,0,0,0,0,0,0,0,0,1,0,0,0,0,0,0,0,0,0,0,0,0,0,0,0,0,0
2024-09-22,2024,9,22,domingo,38,0,1,3,Dia_do_Cliente,0,0,0,0,0,0,0,0,0,0,1,0,0,0,0,0,0,0,0,0,0,0,0,0,0,0,0,0
2024-09-23,2024,9,23,segunda,39,0,0,0,Sem_Evento,0,0,0,0,0,0,0,0,0,0,0,0,0,0,0,0,0,0,0,0,0,0,0,0,0,0,0,0
2024-09-24,2024,9,24,terca,39,0,0,0,Sem_Evento,0,0,0,0,0,0,0,0,0,0,0,0,0,0,0,0,0,0,0,0,0,0,0,0,0,0,0,0
2024-09-25,2024,9,25,quarta,39,0,0,0,Sem_Evento,0,0,0,0,0,0,0,0,0,0,0,0,0,0,0,0,0,0,0,0,0,0,0,0,0,0,0,0
2024-09-26,2024,9,26,quinta,39,0,0,0,Sem_Evento,0,0,0,0,0,0,0,0,0,0,0,0,0,0,0,0,0,0,0,0,0,0,0,0,0,0,0,0
2024-09-27,2024,9,27,sexta,39,0,0,0,Sem_Evento,0,0,0,0,0,0,0,0,0,0,0,0,0,0,0,0,0,0,0,0,0,0,0,0,0,0,0,0
2024-09-28,2024,9,28,sabado,39,0,0,0,Sem_Evento,0,0,0,0,0,0,0,0,0,0,0,0,0,0,0,0,0,0,0,0,0,0,0,0,0,0,0,0
2024-09-29,2024,9,29,domingo,39,0,0,0,Sem_Evento,0,0,0,0,0,0,0,0,0,0,0,0,0,0,0,0,0,0,0,0,0,0,0,0,0,0,0,0
2024-09-30,2024,9,30,segunda,40,0,0,0,Sem_Evento,0,0,0,0,0,0,0,0,0,0,0,0,0,0,0,0,0,0,0,0,0,0,0,0,0,0,0,0
2024-10-01,2024,10,1,terca,40,0,1,3,Dia_das_Criancas,0,0,0,0,0,0,0,0,1,0,0,0,0,0,0,0,0,0,0,0,0,0,0,0,0,0,0,0
2024-10-02,2024,10,2,quarta,40,0,1,3,Dia_das_Criancas,0,0,0,0,0,0,0,0,1,0,0,0,0,0,0,0,0,0,0,0,0,0,0,0,0,0,0,0
2024-10-03,2024,10,3,quinta,40,0,1,3,Dia_das_Criancas,0,0,0,0,0,0,0,0,1,0,0,0,0,0,0,0,0,0,0,0,0,0,0,0,0,0,0,0
2024-10-04,2024,10,4,sexta,40,0,1,3,Dia_das_Criancas,0,0,0,0,0,0,0,0,1,0,0,0,0,0,0,0,0,0,0,0,0,0,0,0,0,0,0,0
2024-10-05,2024,10,5,sabado,40,0,1,3,Dia_das_Criancas,0,0,0,0,0,0,0,0,1,0,0,0,0,0,0,0,0,0,0,0,0,0,0,0,0,0,0,0
2024-10-06,2024,10,6,domingo,40,0,1,3,Dia_das_Criancas,0,0,0,0,0,0,0,0,1,0,0,0,0,0,0,0,0,0,0,0,0,0,0,0,0,0,0,0
2024-10-07,2024,10,7,segunda,41,0,1,3,Dia_das_Criancas,0,0,0,0,0,0,0,0,1,0,0,0,0,0,0,0,0,0,0,0,0,0,0,0,0,0,0,0
2024-10-08,2024,10,8,terca,41,0,1,3,Dia_das_Criancas,0,0,0,0,0,0,0,0,1,0,0,0,0,0,0,0,0,0,0,0,0,0,0,0,0,0,0,0
2024-10-09,2024,10,9,quarta,41,0,1,3,Dia_das_Criancas,0,0,0,0,0,0,0,0,1,0,0,0,0,0,0,0,0,0,0,0,0,0,0,0,0,0,0,0
2024-10-10,2024,10,10,quinta,41,0,1,3,Dia_das_Criancas,0,0,0,0,0,0,0,0,1,0,0,0,0,0,0,0,0,0,0,0,0,0,0,0,0,0,0,0
2024-10-11,2024,10,11,sexta,41,0,1,3,Dia_das_Criancas,0,0,0,0,0,0,0,0,1,0,0,0,0,0,0,0,0,0,0,0,0,0,0,0,0,0,0,0
2024-10-12,2024,10,12,sabado,41,1,1,3,Dia_das_Criancas,0,0,0,0,0,0,0,0,1,0,0,0,0,0,0,0,0,0,1,0,0,0,0,0,0,0,0,0
2024-10-13,2024,10,13,domingo,41,0,0,0,Sem_Evento,0,0,0,0,0,0,0,0,0,0,0,0,0,0,0,0,0,0,0,0,0,0,0,0,0,0,0,0
2024-10-14,2024,10,14,segunda,42,0,0,0,Sem_Evento,0,0,0,0,0,0,0,0,0,0,0,0,0,0,0,0,0,0,0,0,0,0,0,0,0,0,0,0
2024-10-15,2024,10,15,terca,42,0,0,0,Sem_Evento,0,0,0,0,0,0,0,0,0,0,0,0,0,0,0,0,0,0,0,0,0,0,0,0,0,0,0,0
2024-10-16,2024,10,16,quarta,42,0,0,0,Sem_Evento,0,0,0,0,0,0,0,0,0,0,0,0,0,0,0,0,0,0,0,0,0,0,0,0,0,0,0,0
2024-10-17,2024,10,17,quinta,42,0,0,0,Sem_Evento,0,0,0,0,0,0,0,0,0,0,0,0,0,0,0,0,0,0,0,0,0,0,0,0,0,0,0,0
2024-10-18,2024,10,18,sexta,42,0,0,0,Sem_Evento,0,0,0,0,0,0,0,0,0,0,0,0,0,0,0,0,0,0,0,0,0,0,0,0,0,0,0,0
2024-10-19,2024,10,19,sabado,42,0,0,0,Sem_Evento,0,0,0,0,0,0,0,0,0,0,0,0,0,0,0,0,0,0,0,0,0,0,0,0,0,0,0,0
2024-10-20,2024,10,20,domingo,42,0,0,0,Sem_Evento,0,0,0,0,0,0,0,0,0,0,0,0,0,0,0,0,0,0,0,0,0,0,0,0,0,0,0,0
2024-10-21,2024,10,21,segunda,43,0,0,0,Sem_Evento,0,0,0,0,0,0,0,0,0,0,0,0,0,0,0,0,0,0,0,0,0,0,0,0,0,0,0,0
2024-10-22,2024,10,22,terca,43,0,0,0,Sem_Evento,0,0,0,0,0,0,0,0,0,0,0,0,0,0,0,0,0,0,0,0,0,0,0,0,0,0,0,0
2024-10-23,2024,10,23,quarta,43,0,0,0,Sem_Evento,0,0,0,0,0,0,0,0,0,0,0,0,0,0,0,0,0,0,0,0,0,0,0,0,0,0,0,0
2024-10-24,2024,10,24,quinta,43,0,0,0,Sem_Evento,0,0,0,0,0,0,0,0,0,0,0,0,0,0,0,0,0,0,0,0,0,0,0,0,0,0,0,0
2024-10-25,2024,10,25,sexta,43,0,0,0,Sem_Evento,0,0,0,0,0,0,0,0,0,0,0,0,0,0,0,0,0,0,0,0,0,0,0,0,0,0,0,0
2024-10-26,2024,10,26,sabado,43,0,0,0,Sem_Evento,0,0,0,0,0,0,0,0,0,0,0,0,0,0,0,0,0,0,0,0,0,0,0,0,0,0,0,0
2024-10-27,2024,10,27,domingo,43,0,0,0,Sem_Evento,0,0,0,0,0,0,0,0,0,0,0,0,0,0,0,0,0,0,0,0,0,0,0,0,0,0,0,0
2024-10-28,2024,10,28,segunda,44,0,0,0,Sem_Evento,0,0,0,0,0,0,0,0,0,0,0,0,0,0,0,0,0,0,0,0,0,0,0,0,0,0,0,0
2024-10-29,2024,10,29,terca,44,0,0,0,Sem_Evento,0,0,0,0,0,0,0,0,0,0,0,0,0,0,0,0,0,0,0,0,0,0,0,0,0,0,0,0
2024-10-30,2024,10,30,quarta,44,0,0,0,Sem_Evento,0,0,0,0,0,0,0,0,0,0,0,0,0,0,0,0,0,0,0,0,0,0,0,0,0,0,0,0
2024-10-31,2024,10,31,quinta,44,0,0,0,Sem_Evento,0,0,0,0,0,0,0,0,0,0,0,0,0,0,0,0,0,0,0,0,0,0,0,0,0,0,0,0
2024-11-01,2024,11,1,sexta,44,0,1,3,Black_November_Esquenta,0,1,0,0,0,0,0,0,0,0,0,0,0,0,0,0,0,0,0,0,0,0,0,0,0,0,0,0
2024-11-02,2024,11,2,sabado,44,1,1,3,Black_November_Esquenta,0,1,0,0,0,0,0,0,0,0,0,0,0,0,0,1,0,0,0,0,0,0,0,0,0,0,0,0
2024-11-03,2024,11,3,domingo,44,0,1,3,Black_November_Esquenta,0,1,0,0,0,0,0,0,0,0,0,0,0,0,0,0,0,0,0,0,0,0,0,0,0,0,0,0
2024-11-04,2024,11,4,segunda,45,0,1,3,Black_November_Esquenta,0,1,0,0,0,0,0,0,0,0,0,0,0,0,0,0,0,0,0,0,0,0,0,0,0,0,0,0
2024-11-05,2024,11,5,terca,45,0,1,3,Black_November_Esquenta,0,1,0,0,0,0,0,0,0,0,0,0,0,0,0,0,0,0,0,0,0,0,0,0,0,0,0,0
2024-11-06,2024,11,6,quarta,45,0,1,3,Black_November_Esquenta,0,1,0,0,0,0,0,0,0,0,0,0,0,0,0,0,0,0,0,0,0,0,0,0,0,0,0,0
2024-11-07,2024,11,7,quinta,45,0,1,3,Black_November_Esquenta,0,1,0,0,0,0,0,0,0,0,0,0,0,0,0,0,0,0,0,0,0,0,0,0,0,0,0,0
2024-11-08,2024,11,8,sexta,45,0,1,3,Black_November_Esquenta,0,1,0,0,0,0,0,0,0,0,0,0,0,0,0,0,0,0,0,0,0,0,0,0,0,0,0,0
2024-11-09,2024,11,9,sabado,45,0,1,3,Black_November_Esquenta,0,1,0,0,0,0,0,0,0,0,0,0,0,0,0,0,0,0,0,0,0,0,0,0,0,0,0,0
2024-11-10,2024,11,10,domingo,45,0,1,3,Black_November_Esquenta,0,1,0,0,0,0,0,0,0,0,0,0,0,0,0,0,0,0,0,0,0,0,0,0,0,0,0,0
2024-11-11,2024,11,11,segunda,46,0,1,3,Black_November_Esquenta,0,1,0,0,0,0,0,0,0,0,0,0,0,0,0,0,0,0,0,0,0,0,0,0,0,0,0,0
2024-11-12,2024,11,12,terca,46,0,1,3,Black_November_Esquenta,0,1,0,0,0,0,0,0,0,0,0,0,0,0,0,0,0,0,0,0,0,0,0,0,0,0,0,0
2024-11-13,2024,11,13,quarta,46,0,1,3,Black_November_Esquenta,0,1,0,0,0,0,0,0,0,0,0,0,0,0,0,0,0,0,0,0,0,0,0,0,0,0,0,0
2024-11-14,2024,11,14,quinta,46,0,1,3,Black_November_Esquenta,0,1,0,0,0,0,0,0,0,0,0,0,0,0,0,0,0,0,0,0,0,0,0,0,0,0,0,0
2024-11-15,2024,11,15,sexta,46,1,1,3,Black_November_Esquenta,0,1,0,0,0,0,0,0,0,0,0,0,0,0,0,0,0,0,0,0,0,0,0,1,0,0,0,0
2024-11-16,2024,11,16,sabado,46,0,1,3,Black_November_Esquenta,0,1,0,0,0,0,0,0,0,0,0,0,0,0,0,0,0,0,0,0,0,0,0,0,0,0,0,0
2024-11-17,2024,11,17,domingo,46,0,1,3,Black_November_Esquenta,0,1,0,0,0,0,0,0,0,0,0,0,0,0,0,0,0,0,0,0,0,0,0,0,0,0,0,0
2024-11-18,2024,11,18,segunda,47,0,1,3,Black_November_Esquenta,0,1,0,0,0,0,0,0,0,0,0,0,0,0,0,0,0,0,0,0,0,0,0,0,0,0,0,0
2024-11-19,2024,11,19,terca,47,0,1,3,Black_November_Esquenta,0,1,0,0,0,0,0,0,0,0,0,0,0,0,0,0,0,0,0,0,0,0,0,0,0,0,0,0
2024-11-20,2024,11,20,quarta,47,1,1,3,Black_November_Esquenta,0,1,0,0,1,0,0,0,0,0,0,0,0,0,0,0,0,0,0,0,0,0,0,0,0,0,0,0
2024-11-21,2024,11,21,quinta,47,0,1,3,Black_November_Esquenta,0,1,0,0,0,0,0,0,0,0,0,0,0,0,0,0,0,0,0,0,0,0,0,0,0,0,0,0
2024-11-22,2024,11,22,sexta,47,0,1,3,Black_November_Esquenta,0,1,0,0,0,0,0,0,0,0,0,0,0,0,0,0,0,0,0,0,0,0,0,0,0,0,0,0
2024-11-23,2024,11,23,sabado,47,0,1,3,Black_November_Esquenta,0,1,0,0,0,0,0,0,0,0,0,0,0,0,0,0,0,0,0,0,0,0,0,0,0,0,0,0
2024-11-24,2024,11,24,domingo,47,0,1,3,Black_November_Esquenta,0,1,0,0,0,0,0,0,0,0,0,0,0,0,0,0,0,0,0,0,0,0,0,0,0,0,0,0
2024-11-25,2024,11,25,segunda,48,0,1,5,Black_Friday,1,0,0,0,0,0,0,0,0,0,0,0,0,0,0,0,0,0,0,0,0,0,0,0,0,0,0,0
2024-11-26,2024,11,26,terca,48,0,1,5,Black_Friday,1,0,0,0,0,0,0,0,0,0,0,0,0,0,0,0,0,0,0,0,0,0,0,0,0,0,0,0
2024-11-27,2024,11,27,quarta,48,0,1,5,Black_Friday,1,0,0,0,0,0,0,0,0,0,0,0,0,0,0,0,0,0,0,0,0,0,0,0,0,0,0,0
2024-11-28,2024,11,28,quinta,48,0,1,5,Black_Friday,1,0,0,0,0,0,0,0,0,0,0,0,0,0,0,0,0,0,0,0,0,0,0,0,0,0,0,0
2024-11-29,2024,11,29,sexta,48,0,1,5,Black_Friday,1,0,0,0,0,0,0,0,0,0,0,0,0,0,0,0,0,0,0,0,0,0,0,0,0,0,0,0
2024-11-30,2024,11,30,sabado,48,0,1,5,Black_Friday,1,0,0,0,0,0,0,0,0,0,0,0,0,0,0,0,0,0,0,0,0,0,0,0,0,0,0,0
2024-12-01,2024,12,1,domingo,48,0,1,5,Black_Friday,1,0,0,0,0,0,0,0,0,0,0,0,0,0,0,0,0,0,0,1,0,0,0,0,0,0,0,0
2024-12-02,2024,12,2,segunda,49,0,1,5,Black_Friday,1,0,0,0,0,0,0,1,0,0,0,0,0,0,0,0,0,0,0,1,0,0,0,0,0,0,0,0
2024-12-03,2024,12,3,terca,49,0,1,5,Natal,0,0,0,0,0,0,0,0,0,0,0,0,0,0,0,0,0,0,0,1,0,0,0,0,0,0,0,0
2024-12-04,2024,12,4,quarta,49,0,1,5,Natal,0,0,0,0,0,0,0,0,0,0,0,0,0,0,0,0,0,0,0,1,0,0,0,0,0,0,0,0
2024-12-05,2024,12,5,quinta,49,0,1,5,Natal,0,0,0,0,0,0,0,0,0,0,0,0,0,0,0,0,0,0,0,1,0,0,0,0,0,0,0,0
2024-12-06,2024,12,6,sexta,49,0,1,5,Natal,0,0,0,0,0,0,0,0,0,0,0,0,0,0,0,0,0,0,0,1,0,0,0,0,0,0,0,0
2024-12-07,2024,12,7,sabado,49,0,1,5,Natal,0,0,0,0,0,0,0,0,0,0,0,0,0,0,0,0,0,0,0,1,0,0,0,0,0,0,0,0
2024-12-08,2024,12,8,domingo,49,0,1,5,Natal,0,0,0,0,0,0,0,0,0,0,0,0,0,0,0,0,0,0,0,1,0,0,0,0,0,0,0,0
2024-12-09,2024,12,9,segunda,50,0,1,5,Natal,0,0,0,0,0,0,0,0,0,0,0,0,0,0,0,0,0,0,0,1,0,0,0,0,0,0,0,0
2024-12-10,2024,12,10,terca,50,0,1,5,Natal,0,0,0,0,0,0,0,0,0,0,0,0,0,0,0,0,0,0,0,1,0,0,0,0,0,0,0,0
2024-12-11,2024,12,11,quarta,50,0,1,5,Natal,0,0,0,0,0,0,0,0,0,0,0,0,0,0,0,0,0,0,0,1,0,0,0,0,0,0,0,0
2024-12-12,2024,12,12,quinta,50,0,1,5,Natal,0,0,0,0,0,0,0,0,0,0,0,0,0,0,0,0,0,0,0,1,0,0,0,0,0,0,0,0
2024-12-13,2024,12,13,sexta,50,0,1,5,Natal,0,0,0,0,0,0,0,0,0,0,0,0,0,0,0,0,0,0,0,1,0,0,0,0,0,0,0,0
2024-12-14,2024,12,14,sabado,50,0,1,5,Natal,0,0,0,0,0,0,0,0,0,0,0,0,0,0,0,0,0,0,0,1,0,0,0,0,0,0,0,0
2024-12-15,2024,12,15,domingo,50,0,1,5,Natal,0,0,0,0,0,0,0,0,0,0,0,0,0,0,0,0,0,0,0,1,0,0,0,0,0,0,0,0
2024-12-16,2024,12,16,segunda,51,0,1,5,Natal,0,0,0,0,0,0,0,0,0,0,0,0,0,0,0,0,0,0,0,1,0,0,0,0,0,0,0,0
2024-12-17,2024,12,17,terca,51,0,1,5,Natal,0,0,0,0,0,0,0,0,0,0,0,0,0,0,0,0,0,0,0,1,0,0,0,0,0,0,0,0
2024-12-18,2024,12,18,quarta,51,0,1,5,Natal,0,0,0,0,0,0,0,0,0,0,0,0,0,0,0,0,0,0,0,1,0,0,0,0,0,0,0,0
2024-12-19,2024,12,19,quinta,51,0,1,5,Natal,0,0,0,0,0,0,0,0,0,0,0,0,0,0,0,0,0,0,0,1,0,0,0,0,0,0,0,0
2024-12-20,2024,12,20,sexta,51,0,1,5,Natal,0,0,0,0,0,0,0,0,0,0,0,0,0,0,0,0,0,0,0,1,0,0,0,0,0,0,0,0
2024-12-21,2024,12,21,sabado,51,0,1,5,Natal,0,0,0,0,0,0,0,0,0,0,0,0,0,0,0,0,0,0,0,1,0,0,0,0,0,0,0,0
2024-12-22,2024,12,22,domingo,51,0,1,5,Natal,0,0,0,0,0,0,0,0,0,0,0,0,0,0,0,0,0,0,0,1,0,0,0,0,0,0,0,0
2024-12-23,2024,12,23,segunda,52,0,1,5,Natal,0,0,0,0,0,0,0,0,0,0,0,0,0,0,0,0,0,0,0,1,0,0,0,0,0,0,0,0
2024-12-24,2024,12,24,terca,52,0,1,5,Natal,0,0,0,0,0,0,0,0,0,0,0,0,0,0,0,0,0,0,0,1,0,0,0,0,0,0,0,0
2024-12-25,2024,12,25,quarta,52,1,0,1,Natal_Feriado,0,0,0,0,0,0,0,0,0,0,0,0,0,0,0,0,0,0,0,0,1,0,0,0,0,0,0,0
2024-12-26,2024,12,26,quinta,52,0,1,3,Pos_Natal_Saldao,0,0,0,0,0,0,0,0,0,0,0,0,0,0,0,0,0,0,0,0,0,0,1,0,0,0,0,0
2024-12-27,2024,12,27,sexta,52,0,1,3,Pos_Natal_Saldao,0,0,0,0,0,0,0,0,0,0,0,0,0,0,0,0,0,0,0,0,0,0,1,0,0,0,0,0
2024-12-28,2024,12,28,sabado,52,0,1,3,Pos_Natal_Saldao,0,0,0,0,0,0,0,0,0,0,0,0,0,0,0,0,0,0,0,0,0,0,1,0,0,0,0,0
2024-12-29,2024,12,29,domingo,52,0,1,3,Pos_Natal_Saldao,0,0,0,0,0,0,0,0,0,0,0,0,0,0,0,0,0,0,0,0,0,0,1,0,0,0,0,0
2024-12-30,2024,12,30,segunda,1,0,1,3,Pos_Natal_Saldao,0,0,0,0,0,0,0,0,0,0,0,0,0,0,0,0,0,0,0,0,0,0,1,0,0,0,0,0
2024-12-31,2024,12,31,terca,1,0,1,3,Pos_Natal_Saldao,0,0,0,0,0,0,0,0,0,0,0,0,0,0,0,0,0,0,0,0,0,0,1,0,0,0,0,0
2025-01-01,2025,1,1,quarta,1,1,0,1,Confraternizacao_Universal,0,0,0,1,0,0,0,0,0,0,0,0,0,0,0,0,0,0,0,0,0,0,0,0,0,0,0,0
2025-01-02,2025,1,2,quinta,1,0,1,3,Liquida_Inicio_Ano,0,0,0,0,0,0,0,0,0,0,0,0,0,0,0,0,0,1,0,0,0,0,0,0,0,0,0,0
2025-01-03,2025,1,3,sexta,1,0,1,3,Liquida_Inicio_Ano,0,0,0,0,0,0,0,0,0,0,0,0,0,0,0,0,0,1,0,0,0,0,0,0,0,0,0,0
2025-01-04,2025,1,4,sabado,1,0,1,3,Liquida_Inicio_Ano,0,0,0,0,0,0,0,0,0,0,0,0,0,0,0,0,0,1,0,0,0,0,0,0,0,0,0,0
2025-01-05,2025,1,5,domingo,1,0,1,3,Liquida_Inicio_Ano,0,0,0,0,0,0,0,0,0,0,0,0,0,0,0,0,0,1,0,0,0,0,0,0,0,0,0,1
2025-01-06,2025,1,6,segunda,2,0,1,3,Liquida_Inicio_Ano,0,0,0,0,0,0,0,0,0,0,0,0,0,0,0,0,0,1,0,0,0,0,0,0,0,0,0,1
2025-01-07,2025,1,7,terca,2,0,1,3,Liquida_Inicio_Ano,0,0,0,0,0,0,0,0,0,0,0,0,0,0,0,0,0,1,0,0,0,0,0,0,0,0,0,1
2025-01-08,2025,1,8,quarta,2,0,1,3,Liquida_Inicio_Ano,0,0,0,0,0,0,0,0,0,0,0,0,0,0,0,0,0,1,0,0,0,0,0,0,0,0,0,1
2025-01-09,2025,1,9,quinta,2,0,1,3,Liquida_Inicio_Ano,0,0,0,0,0,0,0,0,0,0,0,0,0,0,0,0,0,1,0,0,0,0,0,0,0,0,0,1
2025-01-10,2025,1,10,sexta,2,0,1,3,Liquida_Inicio_Ano,0,0,0,0,0,0,0,0,0,0,0,0,0,0,0,0,0,1,0,0,0,0,0,0,0,0,0,1
2025-01-11,2025,1,11,sabado,2,0,1,3,Liquida_Inicio_Ano,0,0,0,0,0,0,0,0,0,0,0,0,0,0,0,0,0,1,0,0,0,0,0,0,0,0,0,1
2025-01-12,2025,1,12,domingo,2,0,1,3,Liquida_Inicio_Ano,0,0,0,0,0,0,0,0,0,0,0,0,0,0,0,0,0,1,0,0,0,0,0,0,0,0,0,1
2025-01-13,2025,1,13,segunda,3,0,1,3,Liquida_Inicio_Ano,0,0,0,0,0,0,0,0,0,0,0,0,0,0,0,0,0,1,0,0,0,0,0,0,0,0,0,1
2025-01-14,2025,1,14,terca,3,0,1,3,Liquida_Inicio_Ano,0,0,0,0,0,0,0,0,0,0,0,0,0,0,0,0,0,1,0,0,0,0,0,0,0,0,0,1
2025-01-15,2025,1,15,quarta,3,0,1,3,Liquida_Inicio_Ano,0,0,0,0,0,0,0,0,0,0,0,0,0,0,0,0,0,1,0,0,0,0,0,0,0,0,0,1
2025-01-16,2025,1,16,quinta,3,0,1,3,Liquida_Inicio_Ano,0,0,0,0,0,0,0,0,0,0,0,0,0,0,0,0,0,1,0,0,0,0,0,0,0,0,0,1
2025-01-17,2025,1,17,sexta,3,0,1,3,Liquida_Inicio_Ano,0,0,0,0,0,0,0,0,0,0,0,0,0,0,0,0,0,1,0,0,0,0,0,0,0,0,0,1
2025-01-18,2025,1,18,sabado,3,0,1,3,Volta_as_Aulas,0,0,0,0,0,0,0,0,0,0,0,0,0,0,0,0,0,1,0,0,0,0,0,0,0,0,0,1
2025-01-19,2025,1,19,domingo,3,0,1,3,Volta_as_Aulas,0,0,0,0,0,0,0,0,0,0,0,0,0,0,0,0,0,1,0,0,0,0,0,0,0,0,0,1
2025-01-20,2025,1,20,segunda,4,0,1,3,Volta_as_Aulas,0,0,0,0,0,0,0,0,0,0,0,0,0,0,0,0,0,1,0,0,0,0,0,0,0,0,0,1
2025-01-21,2025,1,21,terca,4,0,1,3,Volta_as_Aulas,0,0,0,0,0,0,0,0,0,0,0,0,0,0,0,0,0,1,0,0,0,0,0,0,0,0,0,1
2025-01-22,2025,1,22,quarta,4,0,1,3,Volta_as_Aulas,0,0,0,0,0,0,0,0,0,0,0,0,0,0,0,0,0,1,0,0,0,0,0,0,0,0,0,1
2025-01-23,2025,1,23,quinta,4,0,1,3,Volta_as_Aulas,0,0,0,0,0,0,0,0,0,0,0,0,0,0,0,0,0,1,0,0,0,0,0,0,0,0,0,1
2025-01-24,2025,1,24,sexta,4,0,1,3,Volta_as_Aulas,0,0,0,0,0,0,0,0,0,0,0,0,0,0,0,0,0,1,0,0,0,0,0,0,0,0,0,1
2025-01-25,2025,1,25,sabado,4,0,1,3,Volta_as_Aulas,0,0,0,0,0,0,0,0,0,0,0,0,0,0,0,0,0,1,0,0,0,0,0,0,0,0,0,1
2025-01-26,2025,1,26,domingo,4,0,1,3,Volta_as_Aulas,0,0,0,0,0,0,0,0,0,0,0,0,0,0,0,0,0,1,0,0,0,0,0,0,0,0,0,1
2025-01-27,2025,1,27,segunda,5,0,1,3,Volta_as_Aulas,0,0,0,0,0,0,0,0,0,0,0,0,0,0,0,0,0,1,0,0,0,0,0,0,0,0,0,1
2025-01-28,2025,1,28,terca,5,0,1,3,Volta_as_Aulas,0,0,0,0,0,0,0,0,0,0,0,0,0,0,0,0,0,1,0,0,0,0,0,0,0,0,0,1
2025-01-29,2025,1,29,quarta,5,0,1,3,Volta_as_Aulas,0,0,0,0,0,0,0,0,0,0,0,0,0,0,0,0,0,1,0,0,0,0,0,0,0,0,0,1
2025-01-30,2025,1,30,quinta,5,0,1,3,Volta_as_Aulas,0,0,0,0,0,0,0,0,0,0,0,0,0,0,0,0,0,1,0,0,0,0,0,0,0,0,0,1
2025-01-31,2025,1,31,sexta,5,0,1,3,Volta_as_Aulas,0,0,0,0,0,0,0,0,0,0,0,0,0,0,0,0,0,1,0,0,0,0,0,0,0,0,0,1
2025-02-01,2025,2,1,sabado,5,0,1,3,Volta_as_Aulas,0,0,0,0,0,0,0,0,0,0,0,0,0,0,0,0,0,0,0,0,0,0,0,0,0,0,0,1
2025-02-02,2025,2,2,domingo,5,0,1,3,Volta_as_Aulas,0,0,0,0,0,0,0,0,0,0,0,0,0,0,0,0,0,0,0,0,0,0,0,0,0,0,0,1
2025-02-03,2025,2,3,segunda,6,0,1,3,Volta_as_Aulas,0,0,0,0,0,0,0,0,0,0,0,0,0,0,0,0,0,0,0,0,0,0,0,0,0,0,0,1
2025-02-04,2025,2,4,terca,6,0,1,3,Volta_as_Aulas,0,0,0,0,0,0,0,0,0,0,0,0,0,0,0,0,0,0,0,0,0,0,0,0,0,0,0,1
2025-02-05,2025,2,5,quarta,6,0,1,3,Volta_as_Aulas,0,0,0,0,0,0,0,0,0,0,0,0,0,0,0,0,0,0,0,0,0,0,0,0,0,0,0,1
2025-02-06,2025,2,6,quinta,6,0,1,3,Volta_as_Aulas,0,0,0,0,0,0,0,0,0,0,0,0,0,0,0,0,0,0,0,0,0,0,0,0,0,0,0,1
2025-02-07,2025,2,7,sexta,6,0,1,3,Volta_as_Aulas,0,0,0,0,0,0,0,0,0,0,0,0,0,0,0,0,0,0,0,0,0,0,0,0,0,0,0,1
2025-02-08,2025,2,8,sabado,6,0,1,3,Volta_as_Aulas,0,0,0,0,0,0,0,0,0,0,0,0,0,0,0,0,0,0,0,0,0,0,0,0,0,0,0,1
2025-02-09,2025,2,9,domingo,6,0,1,3,Volta_as_Aulas,0,0,0,0,0,0,0,0,0,0,0,0,0,0,0,0,0,0,0,0,0,0,0,0,0,0,0,1
2025-02-10,2025,2,10,segunda,7,0,1,3,Volta_as_Aulas,0,0,0,0,0,0,0,0,0,0,0,0,0,0,0,0,0,0,0,0,0,0,0,0,0,0,0,1
2025-02-11,2025,2,11,terca,7,0,1,3,Volta_as_Aulas,0,0,0,0,0,0,0,0,0,0,0,0,0,0,0,0,0,0,0,0,0,0,0,0,0,0,0,1
2025-02-12,2025,2,12,quarta,7,0,1,3,Volta_as_Aulas,0,0,0,0,0,0,0,0,0,0,0,0,0,0,0,0,0,0,0,0,0,0,0,0,0,0,0,1
2025-02-13,2025,2,13,quinta,7,0,1,3,Volta_as_Aulas,0,0,0,0,0,0,0,0,0,0,0,0,0,0,0,0,0,0,0,0,0,0,0,0,0,0,0,1
2025-02-14,2025,2,14,sexta,7,0,1,3,Volta_as_Aulas,0,0,0,0,0,0,0,0,0,0,0,0,0,0,0,0,0,0,0,0,0,0,0,0,0,0,0,1
2025-02-15,2025,2,15,sabado,7,0,1,3,Volta_as_Aulas,0,0,0,0,0,0,0,0,0,0,0,0,0,0,0,0,0,0,0,0,0,0,0,0,0,0,0,1
2025-02-16,2025,2,16,domingo,7,0,0,0,Sem_Evento,0,0,0,0,0,0,0,0,0,0,0,0,0,0,0,0,0,0,0,0,0,0,0,0,0,0,0,0
2025-02-17,2025,2,17,segunda,8,0,0,0,Sem_Evento,0,0,0,0,0,0,0,0,0,0,0,0,0,0,0,0,0,0,0,0,0,0,0,0,0,0,0,0
2025-02-18,2025,2,18,terca,8,0,0,0,Sem_Evento,0,0,0,0,0,0,0,0,0,0,0,0,0,0,0,0,0,0,0,0,0,0,0,0,0,0,0,0
2025-02-19,2025,2,19,quarta,8,0,0,0,Sem_Evento,0,0,0,0,0,0,0,0,0,0,0,0,0,0,0,0,0,0,0,0,0,0,0,0,0,0,0,0
2025-02-20,2025,2,20,quinta,8,0,0,0,Sem_Evento,0,0,0,0,0,0,0,0,0,0,0,0,0,0,0,0,0,0,0,0,0,0,0,0,0,0,0,0
2025-02-21,2025,2,21,sexta,8,0,0,0,Sem_Evento,0,0,0,0,0,0,0,0,0,0,0,0,0,0,0,0,0,0,0,0,0,0,0,0,0,0,0,0
2025-02-22,2025,2,22,sabado,8,0,0,0,Sem_Evento,0,0,0,0,0,0,0,0,0,0,0,0,0,0,0,0,0,0,0,0,0,0,0,0,0,0,0,0
2025-02-23,2025,2,23,domingo,8,0,0,0,Sem_Evento,0,0,0,0,0,0,0,0,0,0,0,0,0,0,0,0,0,0,0,0,0,0,0,0,0,0,0,0
2025-02-24,2025,2,24,segunda,9,0,0,0,Sem_Evento,0,0,0,0,0,0,0,0,0,0,0,0,0,0,0,0,0,0,0,0,0,0,0,0,0,0,0,0
2025-02-25,2025,2,25,terca,9,0,0,0,Sem_Evento,0,0,0,0,0,0,0,0,0,0,0,0,0,0,0,0,0,0,0,0,0,0,0,0,0,0,0,0
2025-02-26,2025,2,26,quarta,9,0,0,0,Sem_Evento,0,0,0,0,0,0,0,0,0,0,0,0,0,0,0,0,0,0,0,0,0,0,0,0,0,0,0,0
2025-02-27,2025,2,27,quinta,9,0,0,2,Carnaval,0,0,1,0,0,0,0,0,0,0,0,0,0,0,0,0,0,0,0,0,0,0,0,0,0,0,0,0
2025-02-28,2025,2,28,sexta,9,0,0,2,Carnaval,0,0,1,0,0,0,0,0,0,0,0,0,0,0,0,0,0,0,0,0,0,0,0,0,0,0,0,0
2025-03-01,2025,3,1,sabado,9,0,0,2,Carnaval,0,0,1,0,0,0,0,0,0,0,0,0,0,0,0,0,0,0,0,0,0,0,0,0,0,0,0,0
2025-03-02,2025,3,2,domingo,9,0,0,2,Carnaval,0,0,1,0,0,0,0,0,0,0,0,0,0,0,0,0,0,0,0,0,0,0,0,0,0,0,0,0
2025-03-03,2025,3,3,segunda,10,0,0,2,Carnaval,0,0,1,0,0,0,0,0,0,0,0,0,0,0,0,0,0,0,0,0,0,0,0,0,0,0,0,0
2025-03-04,2025,3,4,terca,10,0,0,2,Carnaval,0,0,1,0,0,0,0,0,0,0,0,0,0,0,0,0,0,0,0,0,0,0,0,0,0,0,0,0
2025-03-05,2025,3,5,quarta,10,0,0,2,Carnaval,0,0,1,0,0,0,0,0,0,0,0,0,0,0,0,0,0,0,0,0,0,0,0,0,0,0,0,0
2025-03-06,2025,3,6,quinta,10,0,0,0,Sem_Evento,0,0,0,0,0,0,0,0,0,0,0,0,0,0,0,0,0,0,0,0,0,0,0,0,0,0,0,0
2025-03-07,2025,3,7,sexta,10,0,0,0,Sem_Evento,0,0,0,0,0,0,0,0,0,0,0,0,0,0,0,0,0,0,0,0,0,0,0,0,0,0,0,0
2025-03-08,2025,3,8,sabado,10,0,0,0,Sem_Evento,0,0,0,0,0,0,0,0,0,0,0,0,0,0,0,0,0,0,0,0,0,0,0,0,0,0,0,0
2025-03-09,2025,3,9,domingo,10,0,1,4,Semana_do_Consumidor,0,0,0,0,0,0,0,0,0,0,0,0,0,0,0,0,0,0,0,0,0,0,0,0,1,0,0,0
2025-03-10,2025,3,10,segunda,11,0,1,4,Semana_do_Consumidor,0,0,0,0,0,0,0,0,0,0,0,0,0,0,0,0,0,0,0,0,0,0,0,0,1,0,0,0
2025-03-11,2025,3,11,terca,11,0,1,4,Semana_do_Consumidor,0,0,0,0,0,0,0,0,0,0,0,0,0,0,0,0,0,0,0,0,0,0,0,0,1,0,0,0
2025-03-12,2025,3,12,quarta,11,0,1,4,Semana_do_Consumidor,0,0,0,0,0,0,0,0,0,0,0,0,0,0,0,0,0,0,0,0,0,0,0,0,1,0,0,0
2025-03-13,2025,3,13,quinta,11,0,1,4,Semana_do_Consumidor,0,0,0,0,0,0,0,0,0,0,0,0,0,0,0,0,0,0,0,0,0,0,0,0,1,0,0,0
2025-03-14,2025,3,14,sexta,11,0,1,4,Semana_do_Consumidor,0,0,0,0,0,0,0,0,0,0,0,0,0,0,0,0,0,0,0,0,0,0,0,0,1,0,0,0
2025-03-15,2025,3,15,sabado,11,0,1,4,Semana_do_Consumidor,0,0,0,0,0,0,0,0,0,0,0,0,0,0,0,0,0,0,0,0,0,0,0,0,1,0,0,0
2025-03-16,2025,3,16,domingo,11,0,1,4,Semana_do_Consumidor,0,0,0,0,0,0,0,0,0,0,0,0,0,0,0,0,0,0,0,0,0,0,0,0,1,0,0,0
2025-03-17,2025,3,17,segunda,12,0,1,4,Semana_do_Consumidor,0,0,0,0,0,0,0,0,0,0,0,0,0,0,0,0,0,0,0,0,0,0,0,0,1,0,0,0
2025-03-18,2025,3,18,terca,12,0,1,4,Semana_do_Consumidor,0,0,0,0,0,0,0,0,0,0,0,0,0,0,0,0,0,0,0,0,0,0,0,0,1,0,0,0
2025-03-19,2025,3,19,quarta,12,0,1,4,Semana_do_Consumidor,0,0,0,0,0,0,0,0,0,0,0,0,0,0,0,0,0,0,0,0,0,0,0,0,1,0,0,0
2025-03-20,2025,3,20,quinta,12,0,1,4,Semana_do_Consumidor,0,0,0,0,0,0,0,0,0,0,0,0,0,0,0,0,0,0,0,0,0,0,0,0,1,0,0,0
2025-03-21,2025,3,21,sexta,12,0,1,4,Semana_do_Consumidor,0,0,0,0,0,0,0,0,0,0,0,0,0,0,0,0,0,0,0,0,0,0,0,0,1,0,0,0
2025-03-22,2025,3,22,sabado,12,0,1,4,Semana_do_Consumidor,0,0,0,0,0,0,0,0,0,0,0,0,0,0,0,0,0,0,0,0,0,0,0,0,1,0,0,0
2025-03-23,2025,3,23,domingo,12,0,0,0,Sem_Evento,0,0,0,0,0,0,0,0,0,0,0,0,0,0,0,0,0,0,0,0,0,0,0,0,0,0,0,0
2025-03-24,2025,3,24,segunda,13,0,0,0,Sem_Evento,0,0,0,0,0,0,0,0,0,0,0,0,0,0,0,0,0,0,0,0,0,0,0,0,0,0,0,0
2025-03-25,2025,3,25,terca,13,0,0,0,Sem_Evento,0,0,0,0,0,0,0,0,0,0,0,0,0,0,0,0,0,0,0,0,0,0,0,0,0,0,0,0
2025-03-26,2025,3,26,quarta,13,0,0,0,Sem_Evento,0,0,0,0,0,0,0,0,0,0,0,0,0,0,0,0,0,0,0,0,0,0,0,0,0,0,0,0
2025-03-27,2025,3,27,quinta,13,0,0,0,Sem_Evento,0,0,0,0,0,0,0,0,0,0,0,0,0,0,0,0,0,0,0,0,0,0,0,0,0,0,0,0
2025-03-28,2025,3,28,sexta,13,0,0,0,Sem_Evento,0,0,0,0,0,0,0,0,0,0,0,0,0,0,0,0,0,0,0,0,0,0,0,0,0,0,0,0
2025-03-29,2025,3,29,sabado,13,0,0,0,Sem_Evento,0,0,0,0,0,0,0,0,0,0,0,0,0,0,0,0,0,0,0,0,0,0,0,0,0,0,0,0
2025-03-30,2025,3,30,domingo,13,0,0,3,Pascoa,0,0,0,0,0,0,0,0,0,0,0,0,0,0,0,0,0,0,0,0,0,1,0,0,0,0,0,0
2025-03-31,2025,3,31,segunda,14,0,0,3,Pascoa,0,0,0,0,0,0,0,0,0,0,0,0,0,0,0,0,0,0,0,0,0,1,0,0,0,0,0,0
2025-04-01,2025,4,1,terca,14,0,0,3,Pascoa,0,0,0,0,0,0,0,0,0,0,0,0,0,0,0,0,0,0,0,0,0,1,0,0,0,0,0,0
2025-04-02,2025,4,2,quarta,14,0,0,3,Pascoa,0,0,0,0,0,0,0,0,0,0,0,0,0,0,0,0,0,0,0,0,0,1,0,0,0,0,0,0
2025-04-03,2025,4,3,quinta,14,0,0,3,Pascoa,0,0,0,0,0,0,0,0,0,0,0,0,0,0,0,0,0,0,0,0,0,1,0,0,0,0,0,0
2025-04-04,2025,4,4,sexta,14,0,0,3,Pascoa,0,0,0,0,0,0,0,0,0,0,0,0,0,0,0,0,0,0,0,0,0,1,0,0,0,0,0,0
2025-04-05,2025,4,5,sabado,14,0,0,3,Pascoa,0,0,0,0,0,0,0,0,0,0,0,0,0,0,0,0,0,0,0,0,0,1,0,0,0,0,0,0
2025-04-06,2025,4,6,domingo,14,0,0,3,Pascoa,0,0,0,0,0,0,0,0,0,0,0,0,0,0,0,0,0,0,0,0,0,1,0,0,0,0,0,0
2025-04-07,2025,4,7,segunda,15,0,0,3,Pascoa,0,0,0,0,0,0,0,0,0,0,0,0,0,0,0,0,0,0,0,0,0,1,0,0,0,0,0,0
2025-04-08,2025,4,8,terca,15,0,0,3,Pascoa,0,0,0,0,0,0,0,0,0,0,0,0,0,0,0,0,0,0,0,0,0,1,0,0,0,0,0,0
2025-04-09,2025,4,9,quarta,15,0,0,3,Pascoa,0,0,0,0,0,0,0,0,0,0,0,0,0,0,0,0,0,0,0,0,0,1,0,0,0,0,0,0
2025-04-10,2025,4,10,quinta,15,0,0,3,Pascoa,0,0,0,0,0,0,0,0,0,0,0,0,0,0,0,0,0,0,0,0,0,1,0,0,0,0,0,0
2025-04-11,2025,4,11,sexta,15,0,0,3,Pascoa,0,0,0,0,0,0,0,0,0,0,0,0,0,0,0,0,0,0,0,0,0,1,0,0,0,0,0,0
2025-04-12,2025,4,12,sabado,15,0,0,3,Pascoa,0,0,0,0,0,0,0,0,0,0,0,0,0,0,0,0,0,0,0,0,0,1,0,0,0,0,0,0
2025-04-13,2025,4,13,domingo,15,0,0,3,Pascoa,0,0,0,0,0,0,0,0,0,0,0,0,0,0,0,0,0,0,0,0,0,1,0,0,0,0,0,0
2025-04-14,2025,4,14,segunda,16,0,0,3,Pascoa,0,0,0,0,0,0,0,0,0,0,0,0,0,0,0,0,0,0,0,0,0,1,0,0,0,0,0,0
2025-04-15,2025,4,15,terca,16,0,0,3,Pascoa,0,0,0,0,0,0,0,0,0,0,0,0,0,0,0,0,0,0,0,0,0,1,0,0,0,0,0,0
2025-04-16,2025,4,16,quarta,16,0,0,3,Pascoa,0,0,0,0,0,0,0,0,0,0,0,0,0,0,0,0,0,0,0,0,0,1,0,0,0,0,0,0
2025-04-17,2025,4,17,quinta,16,0,0,3,Pascoa,0,0,0,0,0,0,0,0,0,0,0,0,0,0,0,0,0,0,0,0,0,1,0,0,0,0,0,0
2025-04-18,2025,4,18,sexta,16,1,0,3,Pascoa,0,0,0,0,0,0,0,0,0,0,0,0,0,0,0,0,0,0,0,0,0,1,0,0,0,1,0,0
2025-04-19,2025,4,19,sabado,16,0,0,3,Pascoa,0,0,0,0,0,0,0,0,0,0,0,0,0,0,0,0,0,0,0,0,0,1,0,0,0,0,0,0
2025-04-20,2025,4,20,domingo,16,0,0,3,Pascoa,0,0,0,0,0,0,0,0,0,0,0,0,0,0,0,0,0,0,0,0,0,1,0,0,0,0,0,0
2025-04-21,2025,4,21,segunda,17,1,0,1,Tiradentes,0,0,0,0,0,0,0,0,0,0,0,0,0,0,0,0,0,0,0,0,0,0,0,0,0,0,1,0
2025-04-22,2025,4,22,terca,17,0,0,0,Sem_Evento,0,0,0,0,0,0,0,0,0,0,0,0,0,0,0,0,0,0,0,0,0,0,0,0,0,0,0,0
2025-04-23,2025,4,23,quarta,17,0,0,0,Sem_Evento,0,0,0,0,0,0,0,0,0,0,0,0,0,0,0,0,0,0,0,0,0,0,0,0,0,0,0,0
2025-04-24,2025,4,24,quinta,17,0,1,5,Dia_das_Maes,0,0,0,0,0,0,0,0,0,1,0,0,0,0,0,0,0,0,0,0,0,0,0,0,0,0,0,0
2025-04-25,2025,4,25,sexta,17,0,1,5,Dia_das_Maes,0,0,0,0,0,0,0,0,0,1,0,0,0,0,0,0,0,0,0,0,0,0,0,0,0,0,0,0
2025-04-26,2025,4,26,sabado,17,0,1,5,Dia_das_Maes,0,0,0,0,0,0,0,0,0,1,0,0,0,0,0,0,0,0,0,0,0,0,0,0,0,0,0,0
2025-04-27,2025,4,27,domingo,17,0,1,5,Dia_das_Maes,0,0,0,0,0,0,0,0,0,1,0,0,0,0,0,0,0,0,0,0,0,0,0,0,0,0,0,0
2025-04-28,2025,4,28,segunda,18,0,1,5,Dia_das_Maes,0,0,0,0,0,0,0,0,0,1,0,0,0,0,0,0,0,0,0,0,0,0,0,0,0,0,0,0
2025-04-29,2025,4,29,terca,18,0,1,5,Dia_das_Maes,0,0,0,0,0,0,0,0,0,1,0,0,0,0,0,0,0,0,0,0,0,0,0,0,0,0,0,0
2025-04-30,2025,4,30,quarta,18,0,1,5,Dia_das_Maes,0,0,0,0,0,0,0,0,0,1,0,0,0,0,0,0,0,0,0,0,0,0,0,0,0,0,0,0
2025-05-01,2025,5,1,quinta,18,1,1,5,Dia_das_Maes,0,0,0,0,0,0,0,0,0,1,0,1,0,0,0,0,0,0,0,0,0,0,0,0,0,0,0,0
2025-05-02,2025,5,2,sexta,18,0,1,5,Dia_das_Maes,0,0,0,0,0,0,0,0,0,1,0,0,0,0,0,0,0,0,0,0,0,0,0,0,0,0,0,0
2025-05-03,2025,5,3,sabado,18,0,1,5,Dia_das_Maes,0,0,0,0,0,0,0,0,0,1,0,0,0,0,0,0,0,0,0,0,0,0,0,0,0,0,0,0
2025-05-04,2025,5,4,domingo,18,0,1,5,Dia_das_Maes,0,0,0,0,0,0,0,0,0,1,0,0,0,0,0,0,0,0,0,0,0,0,0,0,0,0,0,0
2025-05-05,2025,5,5,segunda,19,0,1,5,Dia_das_Maes,0,0,0,0,0,0,0,0,0,1,0,0,0,0,0,0,0,0,0,0,0,0,0,0,0,0,0,0
2025-05-06,2025,5,6,terca,19,0,1,5,Dia_das_Maes,0,0,0,0,0,0,0,0,0,1,0,0,0,0,0,0,0,0,0,0,0,0,0,0,0,0,0,0
2025-05-07,2025,5,7,quarta,19,0,1,5,Dia_das_Maes,0,0,0,0,0,0,0,0,0,1,0,0,0,0,0,0,0,0,0,0,0,0,0,0,0,0,0,0
2025-05-08,2025,5,8,quinta,19,0,1,5,Dia_das_Maes,0,0,0,0,0,0,0,0,0,1,0,0,0,0,0,0,0,0,0,0,0,0,0,0,0,0,0,0
2025-05-09,2025,5,9,sexta,19,0,1,5,Dia_das_Maes,0,0,0,0,0,0,0,0,0,1,0,0,0,0,0,0,0,0,0,0,0,0,0,0,0,0,0,0
2025-05-10,2025,5,10,sabado,19,0,1,5,Dia_das_Maes,0,0,0,0,0,0,0,0,0,1,0,0,0,0,0,0,0,0,0,0,0,0,0,0,0,0,0,0
2025-05-11,2025,5,11,domingo,19,0,1,5,Dia_das_Maes,0,0,0,0,0,0,0,0,0,1,0,0,0,0,0,0,0,0,0,0,0,0,0,0,0,0,0,0
2025-05-12,2025,5,12,segunda,20,0,0,0,Sem_Evento,0,0,0,0,0,0,0,0,0,0,0,0,0,0,0,0,0,0,0,0,0,0,0,0,0,0,0,0
2025-05-13,2025,5,13,terca,20,0,0,0,Sem_Evento,0,0,0,0,0,0,0,0,0,0,0,0,0,0,0,0,0,0,0,0,0,0,0,0,0,0,0,0
2025-05-14,2025,5,14,quarta,20,0,0,0,Sem_Evento,0,0,0,0,0,0,0,0,0,0,0,0,0,0,0,0,0,0,0,0,0,0,0,0,0,0,0,0
2025-05-15,2025,5,15,quinta,20,0,0,0,Sem_Evento,0,0,0,0,0,0,0,0,0,0,0,0,0,0,0,0,0,0,0,0,0,0,0,0,0,0,0,0
2025-05-16,2025,5,16,sexta,20,0,0,0,Sem_Evento,0,0,0,0,0,0,0,0,0,0,0,0,0,0,0,0,0,0,0,0,0,0,0,0,0,0,0,0
2025-05-17,2025,5,17,sabado,20,0,0,0,Sem_Evento,0,0,0,0,0,0,0,0,0,0,0,0,0,0,0,0,0,0,0,0,0,0,0,0,0,0,0,0
2025-05-18,2025,5,18,domingo,20,0,0,0,Sem_Evento,0,0,0,0,0,0,0,0,0,0,0,0,0,0,0,0,0,0,0,0,0,0,0,0,0,0,0,0
2025-05-19,2025,5,19,segunda,21,0,0,0,Sem_Evento,0,0,0,0,0,0,0,0,0,0,0,0,0,0,0,0,0,0,0,0,0,0,0,0,0,0,0,0
2025-05-20,2025,5,20,terca,21,0,0,0,Sem_Evento,0,0,0,0,0,0,0,0,0,0,0,0,0,0,0,0,0,0,0,0,0,0,0,0,0,0,0,0
2025-05-21,2025,5,21,quarta,21,0,0,0,Sem_Evento,0,0,0,0,0,0,0,0,0,0,0,0,0,0,0,0,0,0,0,0,0,0,0,0,0,0,0,0
2025-05-22,2025,5,22,quinta,21,0,0,0,Sem_Evento,0,0,0,0,0,0,0,0,0,0,0,0,0,0,0,0,0,0,0,0,0,0,0,0,0,0,0,0
2025-05-23,2025,5,23,sexta,21,0,0,0,Sem_Evento,0,0,0,0,0,0,0,0,0,0,0,0,0,0,0,0,0,0,0,0,0,0,0,0,0,0,0,0
2025-05-24,2025,5,24,sabado,21,0,0,0,Sem_Evento,0,0,0,0,0,0,0,0,0,0,0,0,0,0,0,0,0,0,0,0,0,0,0,0,0,0,0,0
2025-05-25,2025,5,25,domingo,21,0,0,0,Sem_Evento,0,0,0,0,0,0,0,0,0,0,0,0,0,0,0,0,0,0,0,0,0,0,0,0,0,0,0,0
2025-05-26,2025,5,26,segunda,22,0,0,0,Sem_Evento,0,0,0,0,0,0,0,0,0,0,0,0,0,0,0,0,0,0,0,0,0,0,0,0,0,0,0,0
2025-05-27,2025,5,27,terca,22,0,0,0,Sem_Evento,0,0,0,0,0,0,0,0,0,0,0,0,0,0,0,0,0,0,0,0,0,0,0,0,0,0,0,0
2025-05-28,2025,5,28,quarta,22,0,0,0,Sem_Evento,0,0,0,0,0,0,0,0,0,0,0,0,0,0,0,0,0,0,0,0,0,0,0,0,0,0,0,0
2025-05-29,2025,5,29,quinta,22,0,0,0,Sem_Evento,0,0,0,0,0,0,0,0,0,0,0,0,0,0,0,0,0,0,0,0,0,0,0,0,0,0,0,0
2025-05-30,2025,5,30,sexta,22,0,0,0,Sem_Evento,0,0,0,0,0,0,0,0,0,0,0,0,0,0,0,0,0,0,0,0,0,0,0,0,0,0,0,0
2025-05-31,2025,5,31,sabado,22,0,0,0,Sem_Evento,0,0,0,0,0,0,0,0,0,0,0,0,0,0,0,0,0,0,0,0,0,0,0,0,0,0,0,0
2025-06-01,2025,6,1,domingo,22,0,1,4,Dia_dos_Namorados,0,0,0,0,0,0,0,0,0,0,0,0,1,0,1,0,0,0,0,0,0,0,0,0,0,0,0,0
2025-06-02,2025,6,2,segunda,23,0,1,4,Dia_dos_Namorados,0,0,0,0,0,0,0,0,0,0,0,0,1,0,1,0,0,0,0,0,0,0,0,0,0,0,0,0
2025-06-03,2025,6,3,terca,23,0,1,4,Dia_dos_Namorados,0,0,0,0,0,0,0,0,0,0,0,0,1,0,1,0,0,0,0,0,0,0,0,0,0,0,0,0
2025-06-04,2025,6,4,quarta,23,0,1,4,Dia_dos_Namorados,0,0,0,0,0,0,0,0,0,0,0,0,1,0,1,0,0,0,0,0,0,0,0,0,0,0,0,0
2025-06-05,2025,6,5,quinta,23,0,1,4,Dia_dos_Namorados,0,0,0,0,0,0,0,0,0,0,0,0,1,0,1,0,0,0,0,0,0,0,0,0,0,0,0,0
2025-06-06,2025,6,6,sexta,23,0,1,4,Dia_dos_Namorados,0,0,0,0,0,0,0,0,0,0,0,0,1,0,1,0,0,0,0,0,0,0,0,0,0,0,0,0
2025-06-07,2025,6,7,sabado,23,0,1,4,Dia_dos_Namorados,0,0,0,0,0,0,0,0,0,0,0,0,1,0,1,0,0,0,0,0,0,0,0,0,0,0,0,0
2025-06-08,2025,6,8,domingo,23,0,1,4,Dia_dos_Namorados,0,0,0,0,0,0,0,0,0,0,0,0,1,0,1,0,0,0,0,0,0,0,0,0,0,0,0,0
2025-06-09,2025,6,9,segunda,24,0,1,4,Dia_dos_Namorados,0,0,0,0,0,0,0,0,0,0,0,0,1,0,1,0,0,0,0,0,0,0,0,0,0,0,0,0
2025-06-10,2025,6,10,terca,24,0,1,4,Dia_dos_Namorados,0,0,0,0,0,0,0,0,0,0,0,0,1,0,1,0,0,0,0,0,0,0,0,0,0,0,0,0
2025-06-11,2025,6,11,quarta,24,0,1,4,Dia_dos_Namorados,0,0,0,0,0,0,0,0,0,0,0,0,1,0,1,0,0,0,0,0,0,0,0,0,0,0,0,0
2025-06-12,2025,6,12,quinta,24,0,1,4,Dia_dos_Namorados,0,0,0,0,0,0,0,0,0,0,0,0,1,0,1,0,0,0,0,0,0,0,0,0,0,0,0,0
2025-06-13,2025,6,13,sexta,24,0,1,2,Festas_Juninas,0,0,0,0,0,0,0,0,0,0,0,0,0,0,1,0,0,0,0,0,0,0,0,0,0,0,0,0
2025-06-14,2025,6,14,sabado,24,0,1,2,Festas_Juninas,0,0,0,0,0,0,0,0,0,0,0,0,0,0,1,0,0,0,0,0,0,0,0,0,0,0,0,0
2025-06-15,2025,6,15,domingo,24,0,1,2,Festas_Juninas,0,0,0,0,0,0,0,0,0,0,0,0,0,0,1,0,0,0,0,0,0,0,0,0,0,0,0,0
2025-06-16,2025,6,16,segunda,25,0,1,2,Festas_Juninas,0,0,0,0,0,0,0,0,0,0,0,0,0,0,1,0,0,0,0,0,0,0,0,0,0,0,0,0
2025-06-17,2025,6,17,terca,25,0,1,2,Festas_Juninas,0,0,0,0,0,0,0,0,0,0,0,0,0,0,1,0,0,0,0,0,0,0,0,0,0,0,0,0
2025-06-18,2025,6,18,quarta,25,0,1,2,Festas_Juninas,0,0,0,0,0,0,0,0,0,0,0,0,0,0,1,0,0,0,0,0,0,0,0,0,0,0,0,0
2025-06-19,2025,6,19,quinta,25,1,1,2,Festas_Juninas,0,0,0,0,0,0,1,0,0,0,0,0,0,0,1,0,0,0,0,0,0,0,0,0,0,0,0,0
2025-06-20,2025,6,20,sexta,25,0,1,2,Festas_Juninas,0,0,0,0,0,0,0,0,0,0,0,0,0,0,1,0,0,0,0,0,0,0,0,0,0,0,0,0
2025-06-21,2025,6,21,sabado,25,0,1,2,Festas_Juninas,0,0,0,0,0,0,0,0,0,0,0,0,0,0,1,0,0,0,0,0,0,0,0,0,0,0,0,0
2025-06-22,2025,6,22,domingo,25,0,1,2,Festas_Juninas,0,0,0,0,0,0,0,0,0,0,0,0,0,0,1,0,0,0,0,0,0,0,0,0,0,0,0,0
2025-06-23,2025,6,23,segunda,26,0,1,2,Festas_Juninas,0,0,0,0,0,0,0,0,0,0,0,0,0,0,1,0,0,0,0,0,0,0,0,0,0,0,0,0
2025-06-24,2025,6,24,terca,26,0,1,2,Festas_Juninas,0,0,0,0,0,0,0,0,0,0,0,0,0,0,1,0,0,0,0,0,0,0,0,0,0,0,0,0
2025-06-25,2025,6,25,quarta,26,0,1,2,Festas_Juninas,0,0,0,0,0,0,0,0,0,0,0,0,0,0,1,0,0,0,0,0,0,0,0,0,0,0,0,0
2025-06-26,2025,6,26,quinta,26,0,1,2,Festas_Juninas,0,0,0,0,0,0,0,0,0,0,0,0,0,0,1,0,0,0,0,0,0,0,0,0,0,0,0,0
2025-06-27,2025,6,27,sexta,26,0,1,2,Festas_Juninas,0,0,0,0,0,0,0,0,0,0,0,0,0,0,1,0,0,0,0,0,0,0,0,0,0,0,0,0
2025-06-28,2025,6,28,sabado,26,0,1,2,Festas_Juninas,0,0,0,0,0,0,0,0,0,0,0,0,0,0,1,0,0,0,0,0,0,0,0,0,0,0,0,0
2025-06-29,2025,6,29,domingo,26,0,1,2,Festas_Juninas,0,0,0,0,0,0,0,0,0,0,0,0,0,0,1,0,0,0,0,0,0,0,0,0,0,0,0,0
2025-06-30,2025,6,30,segunda,27,0,1,2,Festas_Juninas,0,0,0,0,0,0,0,0,0,0,0,0,0,0,1,0,0,0,0,0,0,0,0,0,0,0,0,0
2025-07-01,2025,7,1,terca,27,0,0,0,Sem_Evento,0,0,0,0,0,0,0,0,0,0,0,0,0,0,0,0,0,0,0,0,0,0,0,0,0,0,0,0
2025-07-02,2025,7,2,quarta,27,0,0,0,Sem_Evento,0,0,0,0,0,0,0,0,0,0,0,0,0,0,0,0,0,0,0,0,0,0,0,0,0,0,0,0
2025-07-03,2025,7,3,quinta,27,0,0,0,Sem_Evento,0,0,0,0,0,0,0,0,0,0,0,0,0,0,0,0,0,0,0,0,0,0,0,0,0,0,0,0
2025-07-04,2025,7,4,sexta,27,0,0,0,Sem_Evento,0,0,0,0,0,0,0,0,0,0,0,0,0,0,0,0,0,0,0,0,0,0,0,0,0,0,0,0
2025-07-05,2025,7,5,sabado,27,0,0,0,Sem_Evento,0,0,0,0,0,0,0,0,0,0,0,0,0,0,0,0,0,0,0,0,0,0,0,0,0,0,0,0
2025-07-06,2025,7,6,domingo,27,0,0,0,Sem_Evento,0,0,0,0,0,0,0,0,0,0,0,0,0,0,0,0,0,0,0,0,0,0,0,0,0,0,0,0
2025-07-07,2025,7,7,segunda,28,0,0,0,Sem_Evento,0,0,0,0,0,0,0,0,0,0,0,0,0,0,0,0,0,0,0,0,0,0,0,0,0,0,0,0
2025-07-08,2025,7,8,terca,28,0,0,0,Sem_Evento,0,0,0,0,0,0,0,0,0,0,0,0,0,0,0,0,0,0,0,0,0,0,0,0,0,0,0,0
2025-07-09,2025,7,9,quarta,28,0,0,0,Sem_Evento,0,0,0,0,0,0,0,0,0,0,0,0,0,0,0,0,0,0,0,0,0,0,0,0,0,0,0,0
2025-07-10,2025,7,10,quinta,28,0,0,0,Sem_Evento,0,0,0,0,0,0,0,0,0,0,0,0,0,0,0,0,0,0,0,0,0,0,0,0,0,0,0,0
2025-07-11,2025,7,11,sexta,28,0,0,0,Sem_Evento,0,0,0,0,0,0,0,0,0,0,0,0,0,0,0,0,0,0,0,0,0,0,0,0,0,0,0,0
2025-07-12,2025,7,12,sabado,28,0,0,0,Sem_Evento,0,0,0,0,0,0,0,0,0,0,0,0,0,0,0,0,0,0,0,0,0,0,0,0,0,0,0,0
2025-07-13,2025,7,13,domingo,28,0,0,0,Sem_Evento,0,0,0,0,0,0,0,0,0,0,0,0,0,0,0,0,0,0,0,0,0,0,0,0,0,0,0,0
2025-07-14,2025,7,14,segunda,29,0,0,0,Sem_Evento,0,0,0,0,0,0,0,0,0,0,0,0,0,0,0,0,0,0,0,0,0,0,0,0,0,0,0,0
2025-07-15,2025,7,15,terca,29,0,0,0,Sem_Evento,0,0,0,0,0,0,0,0,0,0,0,0,0,0,0,0,0,0,0,0,0,0,0,0,0,0,0,0
2025-07-16,2025,7,16,quarta,29,0,0,0,Sem_Evento,0,0,0,0,0,0,0,0,0,0,0,0,0,0,0,0,0,0,0,0,0,0,0,0,0,0,0,0
2025-07-17,2025,7,17,quinta,29,0,0,0,Sem_Evento,0,0,0,0,0,0,0,0,0,0,0,0,0,0,0,0,0,0,0,0,0,0,0,0,0,0,0,0
2025-07-18,2025,7,18,sexta,29,0,0,0,Sem_Evento,0,0,0,0,0,0,0,0,0,0,0,0,0,0,0,0,0,0,0,0,0,0,0,0,0,0,0,0
2025-07-19,2025,7,19,sabado,29,0,0,0,Sem_Evento,0,0,0,0,0,0,0,0,0,0,0,0,0,0,0,0,0,0,0,0,0,0,0,0,0,0,0,0
2025-07-20,2025,7,20,domingo,29,0,0,0,Sem_Evento,0,0,0,0,0,0,0,0,0,0,0,0,0,0,0,0,0,0,0,0,0,0,0,0,0,0,0,0
2025-07-21,2025,7,21,segunda,30,0,0,0,Sem_Evento,0,0,0,0,0,0,0,0,0,0,0,0,0,0,0,0,0,0,0,0,0,0,0,0,0,0,0,0
2025-07-22,2025,7,22,terca,30,0,0,0,Sem_Evento,0,0,0,0,0,0,0,0,0,0,0,0,0,0,0,0,0,0,0,0,0,0,0,0,0,0,0,0
2025-07-23,2025,7,23,quarta,30,0,0,0,Sem_Evento,0,0,0,0,0,0,0,0,0,0,0,0,0,0,0,0,0,0,0,0,0,0,0,0,0,0,0,0
2025-07-24,2025,7,24,quinta,30,0,1,4,Dia_dos_Pais,0,0,0,0,0,0,0,0,0,0,0,0,0,1,0,0,0,0,0,0,0,0,0,0,0,0,0,0
2025-07-25,2025,7,25,sexta,30,0,1,4,Dia_dos_Pais,0,0,0,0,0,0,0,0,0,0,0,0,0,1,0,0,0,0,0,0,0,0,0,0,0,0,0,0
2025-07-26,2025,7,26,sabado,30,0,1,4,Dia_dos_Pais,0,0,0,0,0,0,0,0,0,0,0,0,0,1,0,0,0,0,0,0,0,0,0,0,0,0,0,0
2025-07-27,2025,7,27,domingo,30,0,1,4,Dia_dos_Pais,0,0,0,0,0,0,0,0,0,0,0,0,0,1,0,0,0,0,0,0,0,0,0,0,0,0,0,0
2025-07-28,2025,7,28,segunda,31,0,1,4,Dia_dos_Pais,0,0,0,0,0,0,0,0,0,0,0,0,0,1,0,0,0,0,0,0,0,0,0,0,0,0,0,0
2025-07-29,2025,7,29,terca,31,0,1,4,Dia_dos_Pais,0,0,0,0,0,0,0,0,0,0,0,0,0,1,0,0,0,0,0,0,0,0,0,0,0,0,0,0
2025-07-30,2025,7,30,quarta,31,0,1,4,Dia_dos_Pais,0,0,0,0,0,0,0,0,0,0,0,0,0,1,0,0,0,0,0,0,0,0,0,0,0,0,0,0
2025-07-31,2025,7,31,quinta,31,0,1,4,Dia_dos_Pais,0,0,0,0,0,0,0,0,0,0,0,0,0,1,0,0,0,0,0,0,0,0,0,0,0,0,0,0
2025-08-01,2025,8,1,sexta,31,0,1,4,Dia_dos_Pais,0,0,0,0,0,0,0,0,0,0,0,0,0,1,0,0,0,0,0,0,0,0,0,0,0,0,0,0
2025-08-02,2025,8,2,sabado,31,0,1,4,Dia_dos_Pais,0,0,0,0,0,0,0,0,0,0,0,0,0,1,0,0,0,0,0,0,0,0,0,0,0,0,0,0
2025-08-03,2025,8,3,domingo,31,0,1,4,Dia_dos_Pais,0,0,0,0,0,0,0,0,0,0,0,0,0,1,0,0,0,0,0,0,0,0,0,0,0,0,0,0
2025-08-04,2025,8,4,segunda,32,0,1,4,Dia_dos_Pais,0,0,0,0,0,0,0,0,0,0,0,0,0,1,0,0,0,0,0,0,0,0,0,0,0,0,0,0
2025-08-05,2025,8,5,terca,32,0,1,4,Dia_dos_Pais,0,0,0,0,0,0,0,0,0,0,0,0,0,1,0,0,0,0,0,0,0,0,0,0,0,0,0,0
2025-08-06,2025,8,6,quarta,32,0,1,4,Dia_dos_Pais,0,0,0,0,0,0,0,0,0,0,0,0,0,1,0,0,0,0,0,0,0,0,0,0,0,0,0,0
2025-08-07,2025,8,7,quinta,32,0,1,4,Dia_dos_Pais,0,0,0,0,0,0,0,0,0,0,0,0,0,1,0,0,0,0,0,0,0,0,0,0,0,0,0,0
2025-08-08,2025,8,8,sexta,32,0,1,4,Dia_dos_Pais,0,0,0,0,0,0,0,0,0,0,0,0,0,1,0,0,0,0,0,0,0,0,0,0,0,0,0,0
2025-08-09,2025,8,9,sabado,32,0,1,4,Dia_dos_Pais,0,0,0,0,0,0,0,0,0,0,0,0,0,1,0,0,0,0,0,0,0,0,0,0,0,0,0,0
2025-08-10,2025,8,10,domingo,32,0,1,4,Dia_dos_Pais,0,0,0,0,0,0,0,0,0,0,0,0,0,1,0,0,0,0,0,0,0,0,0,0,0,0,0,0
2025-08-11,2025,8,11,segunda,33,0,0,0,Sem_Evento,0,0,0,0,0,0,0,0,0,0,0,0,0,0,0,0,0,0,0,0,0,0,0,0,0,0,0,0
2025-08-12,2025,8,12,terca,33,0,0,0,Sem_Evento,0,0,0,0,0,0,0,0,0,0,0,0,0,0,0,0,0,0,0,0,0,0,0,0,0,0,0,0
2025-08-13,2025,8,13,quarta,33,0,0,0,Sem_Evento,0,0,0,0,0,0,0,0,0,0,0,0,0,0,0,0,0,0,0,0,0,0,0,0,0,0,0,0
2025-08-14,2025,8,14,quinta,33,0,0,0,Sem_Evento,0,0,0,0,0,0,0,0,0,0,0,0,0,0,0,0,0,0,0,0,0,0,0,0,0,0,0,0
2025-08-15,2025,8,15,sexta,33,0,0,0,Sem_Evento,0,0,0,0,0,0,0,0,0,0,0,0,0,0,0,0,0,0,0,0,0,0,0,0,0,0,0,0
2025-08-16,2025,8,16,sabado,33,0,0,0,Sem_Evento,0,0,0,0,0,0,0,0,0,0,0,0,0,0,0,0,0,0,0,0,0,0,0,0,0,0,0,0
2025-08-17,2025,8,17,domingo,33,0,0,0,Sem_Evento,0,0,0,0,0,0,0,0,0,0,0,0,0,0,0,0,0,0,0,0,0,0,0,0,0,0,0,0
2025-08-18,2025,8,18,segunda,34,0,0,0,Sem_Evento,0,0,0,0,0,0,0,0,0,0,0,0,0,0,0,0,0,0,0,0,0,0,0,0,0,0,0,0
2025-08-19,2025,8,19,terca,34,0,0,0,Sem_Evento,0,0,0,0,0,0,0,0,0,0,0,0,0,0,0,0,0,0,0,0,0,0,0,0,0,0,0,0
2025-08-20,2025,8,20,quarta,34,0,0,0,Sem_Evento,0,0,0,0,0,0,0,0,0,0,0,0,0,0,0,0,0,0,0,0,0,0,0,0,0,0,0,0
2025-08-21,2025,8,21,quinta,34,0,0,0,Sem_Evento,0,0,0,0,0,0,0,0,0,0,0,0,0,0,0,0,0,0,0,0,0,0,0,0,0,0,0,0
2025-08-22,2025,8,22,sexta,34,0,0,0,Sem_Evento,0,0,0,0,0,0,0,0,0,0,0,0,0,0,0,0,0,0,0,0,0,0,0,0,0,0,0,0
2025-08-23,2025,8,23,sabado,34,0,0,0,Sem_Evento,0,0,0,0,0,0,0,0,0,0,0,0,0,0,0,0,0,0,0,0,0,0,0,0,0,0,0,0
2025-08-24,2025,8,24,domingo,34,0,0,0,Sem_Evento,0,0,0,0,0,0,0,0,0,0,0,0,0,0,0,0,0,0,0,0,0,0,0,0,0,0,0,0
2025-08-25,2025,8,25,segunda,35,0,0,0,Sem_Evento,0,0,0,0,0,0,0,0,0,0,0,0,0,0,0,0,0,0,0,0,0,0,0,0,0,0,0,0
2025-08-26,2025,8,26,terca,35,0,0,0,Sem_Evento,0,0,0,0,0,0,0,0,0,0,0,0,0,0,0,0,0,0,0,0,0,0,0,0,0,0,0,0
2025-08-27,2025,8,27,quarta,35,0,0,0,Sem_Evento,0,0,0,0,0,0,0,0,0,0,0,0,0,0,0,0,0,0,0,0,0,0,0,0,0,0,0,0
2025-08-28,2025,8,28,quinta,35,0,0,0,Sem_Evento,0,0,0,0,0,0,0,0,0,0,0,0,0,0,0,0,0,0,0,0,0,0,0,0,0,0,0,0
2025-08-29,2025,8,29,sexta,35,0,0,0,Sem_Evento,0,0,0,0,0,0,0,0,0,0,0,0,0,0,0,0,0,0,0,0,0,0,0,0,0,0,0,0
2025-08-30,2025,8,30,sabado,35,0,0,0,Sem_Evento,0,0,0,0,0,0,0,0,0,0,0,0,0,0,0,0,0,0,0,0,0,0,0,0,0,0,0,0
2025-08-31,2025,8,31,domingo,35,0,0,0,Sem_Evento,0,0,0,0,0,0,0,0,0,0,0,0,0,0,0,0,0,0,0,0,0,0,0,0,0,0,0,0
2025-09-01,2025,9,1,segunda,36,0,0,0,Sem_Evento,0,0,0,0,0,0,0,0,0,0,0,0,0,0,0,0,0,0,0,0,0,0,0,0,0,0,0,0
2025-09-02,2025,9,2,terca,36,0,0,0,Sem_Evento,0,0,0,0,0,0,0,0,0,0,0,0,0,0,0,0,0,0,0,0,0,0,0,0,0,0,0,0
2025-09-03,2025,9,3,quarta,36,0,0,0,Sem_Evento,0,0,0,0,0,0,0,0,0,0,0,0,0,0,0,0,0,0,0,0,0,0,0,0,0,0,0,0
2025-09-04,2025,9,4,quinta,36,0,0,0,Sem_Evento,0,0,0,0,0,0,0,0,0,0,0,0,0,0,0,0,0,0,0,0,0,0,0,0,0,0,0,0
2025-09-05,2025,9,5,sexta,36,0,0,0,Sem_Evento,0,0,0,0,0,0,0,0,0,0,0,0,0,0,0,0,0,0,0,0,0,0,0,0,0,0,0,0
2025-09-06,2025,9,6,sabado,36,0,0,0,Sem_Evento,0,0,0,0,0,0,0,0,0,0,0,0,0,0,0,0,0,0,0,0,0,0,0,0,0,0,0,0
2025-09-07,2025,9,7,domingo,36,1,0,1,Independencia,0,0,0,0,0,0,0,0,0,0,0,0,0,0,0,0,1,0,0,0,0,0,0,0,0,0,0,0
2025-09-08,2025,9,8,segunda,37,0,0,0,Sem_Evento,0,0,0,0,0,0,0,0,0,0,0,0,0,0,0,0,0,0,0,0,0,0,0,0,0,0,0,0
2025-09-09,2025,9,9,terca,37,0,1,3,Dia_do_Cliente,0,0,0,0,0,0,0,0,0,0,1,0,0,0,0,0,0,0,0,0,0,0,0,0,0,0,0,0
2025-09-10,2025,9,10,quarta,37,0,1,3,Dia_do_Cliente,0,0,0,0,0,0,0,0,0,0,1,0,0,0,0,0,0,0,0,0,0,0,0,0,0,0,0,0
2025-09-11,2025,9,11,quinta,37,0,1,3,Dia_do_Cliente,0,0,0,0,0,0,0,0,0,0,1,0,0,0,0,0,0,0,0,0,0,0,0,0,0,0,0,0
2025-09-12,2025,9,12,sexta,37,0,1,3,Dia_do_Cliente,0,0,0,0,0,0,0,0,0,0,1,0,0,0,0,0,0,0,0,0,0,0,0,0,0,0,0,0
2025-09-13,2025,9,13,sabado,37,0,1,3,Dia_do_Cliente,0,0,0,0,0,0,0,0,0,0,1,0,0,0,0,0,0,0,0,0,0,0,0,0,0,0,0,0
2025-09-14,2025,9,14,domingo,37,0,1,3,Dia_do_Cliente,0,0,0,0,0,0,0,0,0,0,1,0,0,0,0,0,0,0,0,0,0,0,0,0,0,0,0,0
2025-09-15,2025,9,15,segunda,38,0,1,3,Dia_do_Cliente,0,0,0,0,0,0,0,0,0,0,1,0,0,0,0,0,0,0,0,0,0,0,0,0,0,0,0,0
2025-09-16,2025,9,16,terca,38,0,1,3,Dia_do_Cliente,0,0,0,0,0,0,0,0,0,0,1,0,0,0,0,0,0,0,0,0,0,0,0,0,0,0,0,0
2025-09-17,2025,9,17,quarta,38,0,1,3,Dia_do_Cliente,0,0,0,0,0,0,0,0,0,0,1,0,0,0,0,0,0,0,0,0,0,0,0,0,0,0,0,0
2025-09-18,2025,9,18,quinta,38,0,1,3,Dia_do_Cliente,0,0,0,0,0,0,0,0,0,0,1,0,0,0,0,0,0,0,0,0,0,0,0,0,0,0,0,0
2025-09-19,2025,9,19,sexta,38,0,1,3,Dia_do_Cliente,0,0,0,0,0,0,0,0,0,0,1,0,0,0,0,0,0,0,0,0,0,0,0,0,0,0,0,0
2025-09-20,2025,9,20,sabado,38,0,1,3,Dia_do_Cliente,0,0,0,0,0,0,0,0,0,0,1,0,0,0,0,0,0,0,0,0,0,0,0,0,0,0,0,0
2025-09-21,2025,9,21,domingo,38,0,1,3,Dia_do_Cliente,0,0,0,0,0,0,0,0,0,0,1,0,0,0,0,0,0,0,0,0,0,0,0,0,0,0,0,0
2025-09-22,2025,9,22,segunda,39,0,1,3,Dia_do_Cliente,0,0,0,0,0,0,0,0,0,0,1,0,0,0,0,0,0,0,0,0,0,0,0,0,0,0,0,0
2025-09-23,2025,9,23,terca,39,0,0,0,Sem_Evento,0,0,0,0,0,0,0,0,0,0,0,0,0,0,0,0,0,0,0,0,0,0,0,0,0,0,0,0
2025-09-24,2025,9,24,quarta,39,0,0,0,Sem_Evento,0,0,0,0,0,0,0,0,0,0,0,0,0,0,0,0,0,0,0,0,0,0,0,0,0,0,0,0
2025-09-25,2025,9,25,quinta,39,0,0,0,Sem_Evento,0,0,0,0,0,0,0,0,0,0,0,0,0,0,0,0,0,0,0,0,0,0,0,0,0,0,0,0
2025-09-26,2025,9,26,sexta,39,0,0,0,Sem_Evento,0,0,0,0,0,0,0,0,0,0,0,0,0,0,0,0,0,0,0,0,0,0,0,0,0,0,0,0
2025-09-27,2025,9,27,sabado,39,0,0,0,Sem_Evento,0,0,0,0,0,0,0,0,0,0,0,0,0,0,0,0,0,0,0,0,0,0,0,0,0,0,0,0
2025-09-28,2025,9,28,domingo,39,0,0,0,Sem_Evento,0,0,0,0,0,0,0,0,0,0,0,0,0,0,0,0,0,0,0,0,0,0,0,0,0,0,0,0
2025-09-29,2025,9,29,segunda,40,0,0,0,Sem_Evento,0,0,0,0,0,0,0,0,0,0,0,0,0,0,0,0,0,0,0,0,0,0,0,0,0,0,0,0
2025-09-30,2025,9,30,terca,40,0,0,0,Sem_Evento,0,0,0,0,0,0,0,0,0,0,0,0,0,0,0,0,0,0,0,0,0,0,0,0,0,0,0,0
2025-10-01,2025,10,1,quarta,40,0,1,3,Dia_das_Criancas,0,0,0,0,0,0,0,0,1,0,0,0,0,0,0,0,0,0,0,0,0,0,0,0,0,0,0,0
2025-10-02,2025,10,2,quinta,40,0,1,3,Dia_das_Criancas,0,0,0,0,0,0,0,0,1,0,0,0,0,0,0,0,0,0,0,0,0,0,0,0,0,0,0,0
2025-10-03,2025,10,3,sexta,40,0,1,3,Dia_das_Criancas,0,0,0,0,0,0,0,0,1,0,0,0,0,0,0,0,0,0,0,0,0,0,0,0,0,0,0,0
2025-10-04,2025,10,4,sabado,40,0,1,3,Dia_das_Criancas,0,0,0,0,0,0,0,0,1,0,0,0,0,0,0,0,0,0,0,0,0,0,0,0,0,0,0,0
2025-10-05,2025,10,5,domingo,40,0,1,3,Dia_das_Criancas,0,0,0,0,0,0,0,0,1,0,0,0,0,0,0,0,0,0,0,0,0,0,0,0,0,0,0,0
2025-10-06,2025,10,6,segunda,41,0,1,3,Dia_das_Criancas,0,0,0,0,0,0,0,0,1,0,0,0,0,0,0,0,0,0,0,0,0,0,0,0,0,0,0,0
2025-10-07,2025,10,7,terca,41,0,1,3,Dia_das_Criancas,0,0,0,0,0,0,0,0,1,0,0,0,0,0,0,0,0,0,0,0,0,0,0,0,0,0,0,0
2025-10-08,2025,10,8,quarta,41,0,1,3,Dia_das_Criancas,0,0,0,0,0,0,0,0,1,0,0,0,0,0,0,0,0,0,0,0,0,0,0,0,0,0,0,0
2025-10-09,2025,10,9,quinta,41,0,1,3,Dia_das_Criancas,0,0,0,0,0,0,0,0,1,0,0,0,0,0,0,0,0,0,0,0,0,0,0,0,0,0,0,0
2025-10-10,2025,10,10,sexta,41,0,1,3,Dia_das_Criancas,0,0,0,0,0,0,0,0,1,0,0,0,0,0,0,0,0,0,0,0,0,0,0,0,0,0,0,0
2025-10-11,2025,10,11,sabado,41,0,1,3,Dia_das_Criancas,0,0,0,0,0,0,0,0,1,0,0,0,0,0,0,0,0,0,0,0,0,0,0,0,0,0,0,0
2025-10-12,2025,10,12,domingo,41,1,1,3,Dia_das_Criancas,0,0,0,0,0,0,0,0,1,0,0,0,0,0,0,0,0,0,1,0,0,0,0,0,0,0,0,0
2025-10-13,2025,10,13,segunda,42,0,0,0,Sem_Evento,0,0,0,0,0,0,0,0,0,0,0,0,0,0,0,0,0,0,0,0,0,0,0,0,0,0,0,0
2025-10-14,2025,10,14,terca,42,0,0,0,Sem_Evento,0,0,0,0,0,0,0,0,0,0,0,0,0,0,0,0,0,0,0,0,0,0,0,0,0,0,0,0
2025-10-15,2025,10,15,quarta,42,0,0,0,Sem_Evento,0,0,0,0,0,0,0,0,0,0,0,0,0,0,0,0,0,0,0,0,0,0,0,0,0,0,0,0
2025-10-16,2025,10,16,quinta,42,0,0,0,Sem_Evento,0,0,0,0,0,0,0,0,0,0,0,0,0,0,0,0,0,0,0,0,0,0,0,0,0,0,0,0
2025-10-17,2025,10,17,sexta,42,0,0,0,Sem_Evento,0,0,0,0,0,0,0,0,0,0,0,0,0,0,0,0,0,0,0,0,0,0,0,0,0,0,0,0
2025-10-18,2025,10,18,sabado,42,0,0,0,Sem_Evento,0,0,0,0,0,0,0,0,0,0,0,0,0,0,0,0,0,0,0,0,0,0,0,0,0,0,0,0
2025-10-19,2025,10,19,domingo,42,0,0,0,Sem_Evento,0,0,0,0,0,0,0,0,0,0,0,0,0,0,0,0,0,0,0,0,0,0,0,0,0,0,0,0
2025-10-20,2025,10,20,segunda,43,0,0,0,Sem_Evento,0,0,0,0,0,0,0,0,0,0,0,0,0,0,0,0,0,0,0,0,0,0,0,0,0,0,0,0
2025-10-21,2025,10,21,terca,43,0,0,0,Sem_Evento,0,0,0,0,0,0,0,0,0,0,0,0,0,0,0,0,0,0,0,0,0,0,0,0,0,0,0,0
2025-10-22,2025,10,22,quarta,43,0,0,0,Sem_Evento,0,0,0,0,0,0,0,0,0,0,0,0,0,0,0,0,0,0,0,0,0,0,0,0,0,0,0,0
2025-10-23,2025,10,23,quinta,43,0,0,0,Sem_Evento,0,0,0,0,0,0,0,0,0,0,0,0,0,0,0,0,0,0,0,0,0,0,0,0,0,0,0,0
2025-10-24,2025,10,24,sexta,43,0,0,0,Sem_Evento,0,0,0,0,0,0,0,0,0,0,0,0,0,0,0,0,0,0,0,0,0,0,0,0,0,0,0,0
2025-10-25,2025,10,25,sabado,43,0,0,0,Sem_Evento,0,0,0,0,0,0,0,0,0,0,0,0,0,0,0,0,0,0,0,0,0,0,0,0,0,0,0,0
2025-10-26,2025,10,26,domingo,43,0,0,0,Sem_Evento,0,0,0,0,0,0,0,0,0,0,0,0,0,0,0,0,0,0,0,0,0,0,0,0,0,0,0,0
2025-10-27,2025,10,27,segunda,44,0,0,0,Sem_Evento,0,0,0,0,0,0,0,0,0,0,0,0,0,0,0,0,0,0,0,0,0,0,0,0,0,0,0,0
2025-10-28,2025,10,28,terca,44,0,0,0,Sem_Evento,0,0,0,0,0,0,0,0,0,0,0,0,0,0,0,0,0,0,0,0,0,0,0,0,0,0,0,0
2025-10-29,2025,10,29,quarta,44,0,0,0,Sem_Evento,0,0,0,0,0,0,0,0,0,0,0,0,0,0,0,0,0,0,0,0,0,0,0,0,0,0,0,0
2025-10-30,2025,10,30,quinta,44,0,0,0,Sem_Evento,0,0,0,0,0,0,0,0,0,0,0,0,0,0,0,0,0,0,0,0,0,0,0,0,0,0,0,0
2025-10-31,2025,10,31,sexta,44,0,0,0,Sem_Evento,0,0,0,0,0,0,0,0,0,0,0,0,0,0,0,0,0,0,0,0,0,0,0,0,0,0,0,0
2025-11-01,2025,11,1,sabado,44,0,1,3,Black_November_Esquenta,0,1,0,0,0,0,0,0,0,0,0,0,0,0,0,0,0,0,0,0,0,0,0,0,0,0,0,0
2025-11-02,2025,11,2,domingo,44,1,1,3,Black_November_Esquenta,0,1,0,0,0,0,0,0,0,0,0,0,0,0,0,1,0,0,0,0,0,0,0,0,0,0,0,0
2025-11-03,2025,11,3,segunda,45,0,1,3,Black_November_Esquenta,0,1,0,0,0,0,0,0,0,0,0,0,0,0,0,0,0,0,0,0,0,0,0,0,0,0,0,0
2025-11-04,2025,11,4,terca,45,0,1,3,Black_November_Esquenta,0,1,0,0,0,0,0,0,0,0,0,0,0,0,0,0,0,0,0,0,0,0,0,0,0,0,0,0
2025-11-05,2025,11,5,quarta,45,0,1,3,Black_November_Esquenta,0,1,0,0,0,0,0,0,0,0,0,0,0,0,0,0,0,0,0,0,0,0,0,0,0,0,0,0
2025-11-06,2025,11,6,quinta,45,0,1,3,Black_November_Esquenta,0,1,0,0,0,0,0,0,0,0,0,0,0,0,0,0,0,0,0,0,0,0,0,0,0,0,0,0
2025-11-07,2025,11,7,sexta,45,0,1,3,Black_November_Esquenta,0,1,0,0,0,0,0,0,0,0,0,0,0,0,0,0,0,0,0,0,0,0,0,0,0,0,0,0
2025-11-08,2025,11,8,sabado,45,0,1,3,Black_November_Esquenta,0,1,0,0,0,0,0,0,0,0,0,0,0,0,0,0,0,0,0,0,0,0,0,0,0,0,0,0
2025-11-09,2025,11,9,domingo,45,0,1,3,Black_November_Esquenta,0,1,0,0,0,0,0,0,0,0,0,0,0,0,0,0,0,0,0,0,0,0,0,0,0,0,0,0
2025-11-10,2025,11,10,segunda,46,0,1,3,Black_November_Esquenta,0,1,0,0,0,0,0,0,0,0,0,0,0,0,0,0,0,0,0,0,0,0,0,0,0,0,0,0
2025-11-11,2025,11,11,terca,46,0,1,3,Black_November_Esquenta,0,1,0,0,0,0,0,0,0,0,0,0,0,0,0,0,0,0,0,0,0,0,0,0,0,0,0,0
2025-11-12,2025,11,12,quarta,46,0,1,3,Black_November_Esquenta,0,1,0,0,0,0,0,0,0,0,0,0,0,0,0,0,0,0,0,0,0,0,0,0,0,0,0,0
2025-11-13,2025,11,13,quinta,46,0,1,3,Black_November_Esquenta,0,1,0,0,0,0,0,0,0,0,0,0,0,0,0,0,0,0,0,0,0,0,0,0,0,0,0,0
2025-11-14,2025,11,14,sexta,46,0,1,3,Black_November_Esquenta,0,1,0,0,0,0,0,0,0,0,0,0,0,0,0,0,0,0,0,0,0,0,0,0,0,0,0,0
2025-11-15,2025,11,15,sabado,46,1,1,3,Black_November_Esquenta,0,1,0,0,0,0,0,0,0,0,0,0,0,0,0,0,0,0,0,0,0,0,0,1,0,0,0,0
2025-11-16,2025,11,16,domingo,46,0,1,3,Black_November_Esquenta,0,1,0,0,0,0,0,0,0,0,0,0,0,0,0,0,0,0,0,0,0,0,0,0,0,0,0,0
2025-11-17,2025,11,17,segunda,47,0,1,3,Black_November_Esquenta,0,1,0,0,0,0,0,0,0,0,0,0,0,0,0,0,0,0,0,0,0,0,0,0,0,0,0,0
2025-11-18,2025,11,18,terca,47,0,1,3,Black_November_Esquenta,0,1,0,0,0,0,0,0,0,0,0,0,0,0,0,0,0,0,0,0,0,0,0,0,0,0,0,0
2025-11-19,2025,11,19,quarta,47,0,1,3,Black_November_Esquenta,0,1,0,0,0,0,0,0,0,0,0,0,0,0,0,0,0,0,0,0,0,0,0,0,0,0,0,0
2025-11-20,2025,11,20,quinta,47,1,1,3,Black_November_Esquenta,0,1,0,0,1,0,0,0,0,0,0,0,0,0,0,0,0,0,0,0,0,0,0,0,0,0,0,0
2025-11-21,2025,11,21,sexta,47,0,1,3,Black_November_Esquenta,0,1,0,0,0,0,0,0,0,0,0,0,0,0,0,0,0,0,0,0,0,0,0,0,0,0,0,0
2025-11-22,2025,11,22,sabado,47,0,1,3,Black_November_Esquenta,0,1,0,0,0,0,0,0,0,0,0,0,0,0,0,0,0,0,0,0,0,0,0,0,0,0,0,0
2025-11-23,2025,11,23,domingo,47,0,1,3,Black_November_Esquenta,0,1,0,0,0,0,0,0,0,0,0,0,0,0,0,0,0,0,0,0,0,0,0,0,0,0,0,0
2025-11-24,2025,11,24,segunda,48,0,1,5,Black_Friday,1,0,0,0,0,0,0,0,0,0,0,0,0,0,0,0,0,0,0,0,0,0,0,0,0,0,0,0
2025-11-25,2025,11,25,terca,48,0,1,5,Black_Friday,1,0,0,0,0,0,0,0,0,0,0,0,0,0,0,0,0,0,0,0,0,0,0,0,0,0,0,0
2025-11-26,2025,11,26,quarta,48,0,1,5,Black_Friday,1,0,0,0,0,0,0,0,0,0,0,0,0,0,0,0,0,0,0,0,0,0,0,0,0,0,0,0
2025-11-27,2025,11,27,quinta,48,0,1,5,Black_Friday,1,0,0,0,0,0,0,0,0,0,0,0,0,0,0,0,0,0,0,0,0,0,0,0,0,0,0,0
2025-11-28,2025,11,28,sexta,48,0,1,5,Black_Friday,1,0,0,0,0,0,0,0,0,0,0,0,0,0,0,0,0,0,0,0,0,0,0,0,0,0,0,0
2025-11-29,2025,11,29,sabado,48,0,1,5,Black_Friday,1,0,0,0,0,0,0,0,0,0,0,0,0,0,0,0,0,0,0,0,0,0,0,0,0,0,0,0
2025-11-30,2025,11,30,domingo,48,0,1,5,Black_Friday,1,0,0,0,0,0,0,0,0,0,0,0,0,0,0,0,0,0,0,0,0,0,0,0,0,0,0,0
2025-12-01,2025,12,1,segunda,49,0,1,5,Black_Friday,1,0,0,0,0,0,0,1,0,0,0,0,0,0,0,0,0,0,0,1,0,0,0,0,0,0,0,0
2025-12-02,2025,12,2,terca,49,0,1,5,Natal,0,0,0,0,0,0,0,0,0,0,0,0,0,0,0,0,0,0,0,1,0,0,0,0,0,0,0,0
2025-12-03,2025,12,3,quarta,49,0,1,5,Natal,0,0,0,0,0,0,0,0,0,0,0,0,0,0,0,0,0,0,0,1,0,0,0,0,0,0,0,0
2025-12-04,2025,12,4,quinta,49,0,1,5,Natal,0,0,0,0,0,0,0,0,0,0,0,0,0,0,0,0,0,0,0,1,0,0,0,0,0,0,0,0
2025-12-05,2025,12,5,sexta,49,0,1,5,Natal,0,0,0,0,0,0,0,0,0,0,0,0,0,0,0,0,0,0,0,1,0,0,0,0,0,0,0,0
2025-12-06,2025,12,6,sabado,49,0,1,5,Natal,0,0,0,0,0,0,0,0,0,0,0,0,0,0,0,0,0,0,0,1,0,0,0,0,0,0,0,0
2025-12-07,2025,12,7,domingo,49,0,1,5,Natal,0,0,0,0,0,0,0,0,0,0,0,0,0,0,0,0,0,0,0,1,0,0,0,0,0,0,0,0
2025-12-08,2025,12,8,segunda,50,0,1,5,Natal,0,0,0,0,0,0,0,0,0,0,0,0,0,0,0,0,0,0,0,1,0,0,0,0,0,0,0,0
2025-12-09,2025,12,9,terca,50,0,1,5,Natal,0,0,0,0,0,0,0,0,0,0,0,0,0,0,0,0,0,0,0,1,0,0,0,0,0,0,0,0
2025-12-10,2025,12,10,quarta,50,0,1,5,Natal,0,0,0,0,0,0,0,0,0,0,0,0,0,0,0,0,0,0,0,1,0,0,0,0,0,0,0,0
2025-12-11,2025,12,11,quinta,50,0,1,5,Natal,0,0,0,0,0,0,0,0,0,0,0,0,0,0,0,0,0,0,0,1,0,0,0,0,0,0,0,0
2025-12-12,2025,12,12,sexta,50,0,1,5,Natal,0,0,0,0,0,0,0,0,0,0,0,0,0,0,0,0,0,0,0,1,0,0,0,0,0,0,0,0
2025-12-13,2025,12,13,sabado,50,0,1,5,Natal,0,0,0,0,0,0,0,0,0,0,0,0,0,0,0,0,0,0,0,1,0,0,0,0,0,0,0,0
2025-12-14,2025,12,14,domingo,50,0,1,5,Natal,0,0,0,0,0,0,0,0,0,0,0,0,0,0,0,0,0,0,0,1,0,0,0,0,0,0,0,0
2025-12-15,2025,12,15,segunda,51,0,1,5,Natal,0,0,0,0,0,0,0,0,0,0,0,0,0,0,0,0,0,0,0,1,0,0,0,0,0,0,0,0
2025-12-16,2025,12,16,terca,51,0,1,5,Natal,0,0,0,0,0,0,0,0,0,0,0,0,0,0,0,0,0,0,0,1,0,0,0,0,0,0,0,0
2025-12-17,2025,12,17,quarta,51,0,1,5,Natal,0,0,0,0,0,0,0,0,0,0,0,0,0,0,0,0,0,0,0,1,0,0,0,0,0,0,0,0
2025-12-18,2025,12,18,quinta,51,0,1,5,Natal,0,0,0,0,0,0,0,0,0,0,0,0,0,0,0,0,0,0,0,1,0,0,0,0,0,0,0,0
2025-12-19,2025,12,19,sexta,51,0,1,5,Natal,0,0,0,0,0,0,0,0,0,0,0,0,0,0,0,0,0,0,0,1,0,0,0,0,0,0,0,0
2025-12-20,2025,12,20,sabado,51,0,1,5,Natal,0,0,0,0,0,0,0,0,0,0,0,0,0,0,0,0,0,0,0,1,0,0,0,0,0,0,0,0
2025-12-21,2025,12,21,domingo,51,0,1,5,Natal,0,0,0,0,0,0,0,0,0,0,0,0,0,0,0,0,0,0,0,1,0,0,0,0,0,0,0,0
2025-12-22,2025,12,22,segunda,52,0,1,5,Natal,0,0,0,0,0,0,0,0,0,0,0,0,0,0,0,0,0,0,0,1,0,0,0,0,0,0,0,0
2025-12-23,2025,12,23,terca,52,0,1,5,Natal,0,0,0,0,0,0,0,0,0,0,0,0,0,0,0,0,0,0,0,1,0,0,0,0,0,0,0,0
2025-12-24,2025,12,24,quarta,52,0,1,5,Natal,0,0,0,0,0,0,0,0,0,0,0,0,0,0,0,0,0,0,0,1,0,0,0,0,0,0,0,0
2025-12-25,2025,12,25,quinta,52,1,0,1,Natal_Feriado,0,0,0,0,0,0,0,0,0,0,0,0,0,0,0,0,0,0,0,0,1,0,0,0,0,0,0,0
2025-12-26,2025,12,26,sexta,52,0,1,3,Pos_Natal_Saldao,0,0,0,0,0,0,0,0,0,0,0,0,0,0,0,0,0,0,0,0,0,0,1,0,0,0,0,0
2025-12-27,2025,12,27,sabado,52,0,1,3,Pos_Natal_Saldao,0,0,0,0,0,0,0,0,0,0,0,0,0,0,0,0,0,0,0,0,0,0,1,0,0,0,0,0
2025-12-28,2025,12,28,domingo,52,0,1,3,Pos_Natal_Saldao,0,0,0,0,0,0,0,0,0,0,0,0,0,0,0,0,0,0,0,0,0,0,1,0,0,0,0,0
2025-12-29,2025,12,29,segunda,1,0,1,3,Pos_Natal_Saldao,0,0,0,0,0,0,0,0,0,0,0,0,0,0,0,0,0,0,0,0,0,0,1,0,0,0,0,0
2025-12-30,2025,12,30,terca,1,0,1,3,Pos_Natal_Saldao,0,0,0,0,0,0,0,0,0,0,0,0,0,0,0,0,0,0,0,0,0,0,1,0,0,0,0,0
2025-12-31,2025,12,31,quarta,1,0,1,3,Pos_Natal_Saldao,0,0,0,0,0,0,0,0,0,0,0,0,0,0,0,0,0,0,0,0,0,0,1,0,0,0,0,0
2026-01-01,2026,1,1,quinta,1,1,0,1,Confraternizacao_Universal,0,0,0,1,0,0,0,0,0,0,0,0,0,0,0,0,0,0,0,0,0,0,0,0,0,0,0,0
2026-01-02,2026,1,2,sexta,1,0,1,3,Liquida_Inicio_Ano,0,0,0,0,0,0,0,0,0,0,0,0,0,0,0,0,0,1,0,0,0,0,0,0,0,0,0,0
2026-01-03,2026,1,3,sabado,1,0,1,3,Liquida_Inicio_Ano,0,0,0,0,0,0,0,0,0,0,0,0,0,0,0,0,0,1,0,0,0,0,0,0,0,0,0,0
2026-01-04,2026,1,4,domingo,1,0,1,3,Liquida_Inicio_Ano,0,0,0,0,0,0,0,0,0,0,0,0,0,0,0,0,0,1,0,0,0,0,0,0,0,0,0,0
2026-01-05,2026,1,5,segunda,2,0,1,3,Liquida_Inicio_Ano,0,0,0,0,0,0,0,0,0,0,0,0,0,0,0,0,0,1,0,0,0,0,0,0,0,0,0,1
2026-01-06,2026,1,6,terca,2,0,1,3,Liquida_Inicio_Ano,0,0,0,0,0,0,0,0,0,0,0,0,0,0,0,0,0,1,0,0,0,0,0,0,0,0,0,1
2026-01-07,2026,1,7,quarta,2,0,1,3,Liquida_Inicio_Ano,0,0,0,0,0,0,0,0,0,0,0,0,0,0,0,0,0,1,0,0,0,0,0,0,0,0,0,1
2026-01-08,2026,1,8,quinta,2,0,1,3,Liquida_Inicio_Ano,0,0,0,0,0,0,0,0,0,0,0,0,0,0,0,0,0,1,0,0,0,0,0,0,0,0,0,1
2026-01-09,2026,1,9,sexta,2,0,1,3,Liquida_Inicio_Ano,0,0,0,0,0,0,0,0,0,0,0,0,0,0,0,0,0,1,0,0,0,0,0,0,0,0,0,1
2026-01-10,2026,1,10,sabado,2,0,1,3,Liquida_Inicio_Ano,0,0,0,0,0,0,0,0,0,0,0,0,0,0,0,0,0,1,0,0,0,0,0,0,0,0,0,1
2026-01-11,2026,1,11,domingo,2,0,1,3,Liquida_Inicio_Ano,0,0,0,0,0,0,0,0,0,0,0,0,0,0,0,0,0,1,0,0,0,0,0,0,0,0,0,1
2026-01-12,2026,1,12,segunda,3,0,1,3,Liquida_Inicio_Ano,0,0,0,0,0,0,0,0,0,0,0,0,0,0,0,0,0,1,0,0,0,0,0,0,0,0,0,1
2026-01-13,2026,1,13,terca,3,0,1,3,Liquida_Inicio_Ano,0,0,0,0,0,0,0,0,0,0,0,0,0,0,0,0,0,1,0,0,0,0,0,0,0,0,0,1
2026-01-14,2026,1,14,quarta,3,0,1,3,Liquida_Inicio_Ano,0,0,0,0,0,0,0,0,0,0,0,0,0,0,0,0,0,1,0,0,0,0,0,0,0,0,0,1
2026-01-15,2026,1,15,quinta,3,0,1,3,Liquida_Inicio_Ano,0,0,0,0,0,0,0,0,0,0,0,0,0,0,0,0,0,1,0,0,0,0,0,0,0,0,0,1
2026-01-16,2026,1,16,sexta,3,0,1,3,Liquida_Inicio_Ano,0,0,0,0,0,0,0,0,0,0,0,0,0,0,0,0,0,1,0,0,0,0,0,0,0,0,0,1
2026-01-17,2026,1,17,sabado,3,0,1,3,Liquida_Inicio_Ano,0,0,0,0,0,0,0,0,0,0,0,0,0,0,0,0,0,1,0,0,0,0,0,0,0,0,0,1
2026-01-18,2026,1,18,domingo,3,0,1,3,Volta_as_Aulas,0,0,0,0,0,0,0,0,0,0,0,0,0,0,0,0,0,1,0,0,0,0,0,0,0,0,0,1
2026-01-19,2026,1,19,segunda,4,0,1,3,Volta_as_Aulas,0,0,0,0,0,0,0,0,0,0,0,0,0,0,0,0,0,1,0,0,0,0,0,0,0,0,0,1
2026-01-20,2026,1,20,terca,4,0,1,3,Volta_as_Aulas,0,0,0,0,0,0,0,0,0,0,0,0,0,0,0,0,0,1,0,0,0,0,0,0,0,0,0,1
2026-01-21,2026,1,21,quarta,4,0,1,3,Volta_as_Aulas,0,0,0,0,0,0,0,0,0,0,0,0,0,0,0,0,0,1,0,0,0,0,0,0,0,0,0,1
2026-01-22,2026,1,22,quinta,4,0,1,3,Volta_as_Aulas,0,0,0,0,0,0,0,0,0,0,0,0,0,0,0,0,0,1,0,0,0,0,0,0,0,0,0,1
2026-01-23,2026,1,23,sexta,4,0,1,3,Volta_as_Aulas,0,0,0,0,0,0,0,0,0,0,0,0,0,0,0,0,0,1,0,0,0,0,0,0,0,0,0,1
2026-01-24,2026,1,24,sabado,4,0,1,3,Volta_as_Aulas,0,0,0,0,0,0,0,0,0,0,0,0,0,0,0,0,0,1,0,0,0,0,0,0,0,0,0,1
2026-01-25,2026,1,25,domingo,4,0,1,3,Volta_as_Aulas,0,0,0,0,0,0,0,0,0,0,0,0,0,0,0,0,0,1,0,0,0,0,0,0,0,0,0,1
2026-01-26,2026,1,26,segunda,5,0,1,3,Volta_as_Aulas,0,0,0,0,0,0,0,0,0,0,0,0,0,0,0,0,0,1,0,0,0,0,0,0,0,0,0,1
2026-01-27,2026,1,27,terca,5,0,1,3,Volta_as_Aulas,0,0,0,0,0,0,0,0,0,0,0,0,0,0,0,0,0,1,0,0,0,0,0,0,0,0,0,1
2026-01-28,2026,1,28,quarta,5,0,1,3,Volta_as_Aulas,0,0,0,0,0,0,0,0,0,0,0,0,0,0,0,0,0,1,0,0,0,0,0,0,0,0,0,1
2026-01-29,2026,1,29,quinta,5,0,1,3,Volta_as_Aulas,0,0,0,0,0,0,0,0,0,0,0,0,0,0,0,0,0,1,0,0,0,0,0,0,0,0,0,1
2026-01-30,2026,1,30,sexta,5,0,1,3,Volta_as_Aulas,0,0,0,0,0,0,0,0,0,0,0,0,0,0,0,0,0,1,0,0,0,0,0,0,0,0,0,1
2026-01-31,2026,1,31,sabado,5,0,1,3,Volta_as_Aulas,0,0,0,0,0,0,0,0,0,0,0,0,0,0,0,0,0,1,0,0,0,0,0,0,0,0,0,1
2026-02-01,2026,2,1,domingo,5,0,1,3,Volta_as_Aulas,0,0,0,0,0,0,0,0,0,0,0,0,0,0,0,0,0,0,0,0,0,0,0,0,0,0,0,1
2026-02-02,2026,2,2,segunda,6,0,1,3,Volta_as_Aulas,0,0,0,0,0,0,0,0,0,0,0,0,0,0,0,0,0,0,0,0,0,0,0,0,0,0,0,1
2026-02-03,2026,2,3,terca,6,0,1,3,Volta_as_Aulas,0,0,0,0,0,0,0,0,0,0,0,0,0,0,0,0,0,0,0,0,0,0,0,0,0,0,0,1
2026-02-04,2026,2,4,quarta,6,0,1,3,Volta_as_Aulas,0,0,0,0,0,0,0,0,0,0,0,0,0,0,0,0,0,0,0,0,0,0,0,0,0,0,0,1
2026-02-05,2026,2,5,quinta,6,0,1,3,Volta_as_Aulas,0,0,0,0,0,0,0,0,0,0,0,0,0,0,0,0,0,0,0,0,0,0,0,0,0,0,0,1
2026-02-06,2026,2,6,sexta,6,0,1,3,Volta_as_Aulas,0,0,0,0,0,0,0,0,0,0,0,0,0,0,0,0,0,0,0,0,0,0,0,0,0,0,0,1
2026-02-07,2026,2,7,sabado,6,0,1,3,Volta_as_Aulas,0,0,0,0,0,0,0,0,0,0,0,0,0,0,0,0,0,0,0,0,0,0,0,0,0,0,0,1
2026-02-08,2026,2,8,domingo,6,0,1,3,Volta_as_Aulas,0,0,0,0,0,0,0,0,0,0,0,0,0,0,0,0,0,0,0,0,0,0,0,0,0,0,0,1
2026-02-09,2026,2,9,segunda,7,0,1,3,Volta_as_Aulas,0,0,0,0,0,0,0,0,0,0,0,0,0,0,0,0,0,0,0,0,0,0,0,0,0,0,0,1
2026-02-10,2026,2,10,terca,7,0,1,3,Volta_as_Aulas,0,0,0,0,0,0,0,0,0,0,0,0,0,0,0,0,0,0,0,0,0,0,0,0,0,0,0,1
2026-02-11,2026,2,11,quarta,7,0,1,3,Volta_as_Aulas,0,0,0,0,0,0,0,0,0,0,0,0,0,0,0,0,0,0,0,0,0,0,0,0,0,0,0,1
2026-02-12,2026,2,12,quinta,7,0,1,3,Volta_as_Aulas,0,0,1,0,0,0,0,0,0,0,0,0,0,0,0,0,0,0,0,0,0,0,0,0,0,0,0,1
2026-02-13,2026,2,13,sexta,7,0,1,3,Volta_as_Aulas,0,0,1,0,0,0,0,0,0,0,0,0,0,0,0,0,0,0,0,0,0,0,0,0,0,0,0,1
2026-02-14,2026,2,14,sabado,7,0,1,3,Volta_as_Aulas,0,0,1,0,0,0,0,0,0,0,0,0,0,0,0,0,0,0,0,0,0,0,0,0,0,0,0,1
2026-02-15,2026,2,15,domingo,7,0,1,3,Volta_as_Aulas,0,0,1,0,0,0,0,0,0,0,0,0,0,0,0,0,0,0,0,0,0,0,0,0,0,0,0,1
2026-02-16,2026,2,16,segunda,8,0,0,2,Carnaval,0,0,1,0,0,0,0,0,0,0,0,0,0,0,0,0,0,0,0,0,0,0,0,0,0,0,0,0
2026-02-17,2026,2,17,terca,8,0,0,2,Carnaval,0,0,1,0,0,0,0,0,0,0,0,0,0,0,0,0,0,0,0,0,0,0,0,0,0,0,0,0
2026-02-18,2026,2,18,quarta,8,0,0,2,Carnaval,0,0,1,0,0,0,0,0,0,0,0,0,0,0,0,0,0,0,0,0,0,0,0,0,0,0,0,0
2026-02-19,2026,2,19,quinta,8,0,0,0,Sem_Evento,0,0,0,0,0,0,0,0,0,0,0,0,0,0,0,0,0,0,0,0,0,0,0,0,0,0,0,0
2026-02-20,2026,2,20,sexta,8,0,0,0,Sem_Evento,0,0,0,0,0,0,0,0,0,0,0,0,0,0,0,0,0,0,0,0,0,0,0,0,0,0,0,0
2026-02-21,2026,2,21,sabado,8,0,0,0,Sem_Evento,0,0,0,0,0,0,0,0,0,0,0,0,0,0,0,0,0,0,0,0,0,0,0,0,0,0,0,0
2026-02-22,2026,2,22,domingo,8,0,0,0,Sem_Evento,0,0,0,0,0,0,0,0,0,0,0,0,0,0,0,0,0,0,0,0,0,0,0,0,0,0,0,0
2026-02-23,2026,2,23,segunda,9,0,0,0,Sem_Evento,0,0,0,0,0,0,0,0,0,0,0,0,0,0,0,0,0,0,0,0,0,0,0,0,0,0,0,0
2026-02-24,2026,2,24,terca,9,0,0,0,Sem_Evento,0,0,0,0,0,0,0,0,0,0,0,0,0,0,0,0,0,0,0,0,0,0,0,0,0,0,0,0
2026-02-25,2026,2,25,quarta,9,0,0,0,Sem_Evento,0,0,0,0,0,0,0,0,0,0,0,0,0,0,0,0,0,0,0,0,0,0,0,0,0,0,0,0
2026-02-26,2026,2,26,quinta,9,0,0,0,Sem_Evento,0,0,0,0,0,0,0,0,0,0,0,0,0,0,0,0,0,0,0,0,0,0,0,0,0,0,0,0
2026-02-27,2026,2,27,sexta,9,0,0,0,Sem_Evento,0,0,0,0,0,0,0,0,0,0,0,0,0,0,0,0,0,0,0,0,0,0,0,0,0,0,0,0
2026-02-28,2026,2,28,sabado,9,0,0,0,Sem_Evento,0,0,0,0,0,0,0,0,0,0,0,0,0,0,0,0,0,0,0,0,0,0,0,0,0,0,0,0
2026-03-01,2026,3,1,domingo,9,0,0,0,Sem_Evento,0,0,0,0,0,0,0,0,0,0,0,0,0,0,0,0,0,0,0,0,0,0,0,0,0,0,0,0
2026-03-02,2026,3,2,segunda,10,0,0,0,Sem_Evento,0,0,0,0,0,0,0,0,0,0,0,0,0,0,0,0,0,0,0,0,0,0,0,0,0,0,0,0
2026-03-03,2026,3,3,terca,10,0,0,0,Sem_Evento,0,0,0,0,0,0,0,0,0,0,0,0,0,0,0,0,0,0,0,0,0,0,0,0,0,0,0,0
2026-03-04,2026,3,4,quarta,10,0,0,0,Sem_Evento,0,0,0,0,0,0,0,0,0,0,0,0,0,0,0,0,0,0,0,0,0,0,0,0,0,0,0,0
2026-03-05,2026,3,5,quinta,10,0,0,0,Sem_Evento,0,0,0,0,0,0,0,0,0,0,0,0,0,0,0,0,0,0,0,0,0,0,0,0,0,0,0,0
2026-03-06,2026,3,6,sexta,10,0,0,0,Sem_Evento,0,0,0,0,0,0,0,0,0,0,0,0,0,0,0,0,0,0,0,0,0,0,0,0,0,0,0,0
2026-03-07,2026,3,7,sabado,10,0,0,0,Sem_Evento,0,0,0,0,0,0,0,0,0,0,0,0,0,0,0,0,0,0,0,0,0,0,0,0,0,0,0,0
2026-03-08,2026,3,8,domingo,10,0,0,0,Sem_Evento,0,0,0,0,0,0,0,0,0,0,0,0,0,0,0,0,0,0,0,0,0,0,0,0,0,0,0,0
2026-03-09,2026,3,9,segunda,11,0,1,4,Semana_do_Consumidor,0,0,0,0,0,0,0,0,0,0,0,0,0,0,0,0,0,0,0,0,0,0,0,0,1,0,0,0
2026-03-10,2026,3,10,terca,11,0,1,4,Semana_do_Consumidor,0,0,0,0,0,0,0,0,0,0,0,0,0,0,0,0,0,0,0,0,0,0,0,0,1,0,0,0
2026-03-11,2026,3,11,quarta,11,0,1,4,Semana_do_Consumidor,0,0,0,0,0,0,0,0,0,0,0,0,0,0,0,0,0,0,0,0,0,0,0,0,1,0,0,0
2026-03-12,2026,3,12,quinta,11,0,1,4,Semana_do_Consumidor,0,0,0,0,0,0,0,0,0,0,0,0,0,0,0,0,0,0,0,0,0,0,0,0,1,0,0,0
2026-03-13,2026,3,13,sexta,11,0,1,4,Semana_do_Consumidor,0,0,0,0,0,0,0,0,0,0,0,0,0,0,0,0,0,0,0,0,0,0,0,0,1,0,0,0
2026-03-14,2026,3,14,sabado,11,0,1,4,Semana_do_Consumidor,0,0,0,0,0,0,0,0,0,0,0,0,0,0,0,0,0,0,0,0,0,0,0,0,1,0,0,0
2026-03-15,2026,3,15,domingo,11,0,1,4,Semana_do_Consumidor,0,0,0,0,0,0,0,0,0,0,0,0,0,0,0,0,0,0,0,0,0,1,0,0,1,0,0,0
2026-03-16,2026,3,16,segunda,12,0,1,4,Semana_do_Consumidor,0,0,0,0,0,0,0,0,0,0,0,0,0,0,0,0,0,0,0,0,0,1,0,0,1,0,0,0
2026-03-17,2026,3,17,terca,12,0,1,4,Semana_do_Consumidor,0,0,0,0,0,0,0,0,0,0,0,0,0,0,0,0,0,0,0,0,0,1,0,0,1,0,0,0
2026-03-18,2026,3,18,quarta,12,0,1,4,Semana_do_Consumidor,0,0,0,0,0,0,0,0,0,0,0,0,0,0,0,0,0,0,0,0,0,1,0,0,1,0,0,0
2026-03-19,2026,3,19,quinta,12,0,1,4,Semana_do_Consumidor,0,0,0,0,0,0,0,0,0,0,0,0,0,0,0,0,0,0,0,0,0,1,0,0,1,0,0,0
2026-03-20,2026,3,20,sexta,12,0,1,4,Semana_do_Consumidor,0,0,0,0,0,0,0,0,0,0,0,0,0,0,0,0,0,0,0,0,0,1,0,0,1,0,0,0
2026-03-21,2026,3,21,sabado,12,0,1,4,Semana_do_Consumidor,0,0,0,0,0,0,0,0,0,0,0,0,0,0,0,0,0,0,0,0,0,1,0,0,1,0,0,0
2026-03-22,2026,3,22,domingo,12,0,1,4,Semana_do_Consumidor,0,0,0,0,0,0,0,0,0,0,0,0,0,0,0,0,0,0,0,0,0,1,0,0,1,0,0,0
2026-03-23,2026,3,23,segunda,13,0,0,3,Pascoa,0,0,0,0,0,0,0,0,0,0,0,0,0,0,0,0,0,0,0,0,0,1,0,0,0,0,0,0
2026-03-24,2026,3,24,terca,13,0,0,3,Pascoa,0,0,0,0,0,0,0,0,0,0,0,0,0,0,0,0,0,0,0,0,0,1,0,0,0,0,0,0
2026-03-25,2026,3,25,quarta,13,0,0,3,Pascoa,0,0,0,0,0,0,0,0,0,0,0,0,0,0,0,0,0,0,0,0,0,1,0,0,0,0,0,0
2026-03-26,2026,3,26,quinta,13,0,0,3,Pascoa,0,0,0,0,0,0,0,0,0,0,0,0,0,0,0,0,0,0,0,0,0,1,0,0,0,0,0,0
2026-03-27,2026,3,27,sexta,13,0,0,3,Pascoa,0,0,0,0,0,0,0,0,0,0,0,0,0,0,0,0,0,0,0,0,0,1,0,0,0,0,0,0
2026-03-28,2026,3,28,sabado,13,0,0,3,Pascoa,0,0,0,0,0,0,0,0,0,0,0,0,0,0,0,0,0,0,0,0,0,1,0,0,0,0,0,0
2026-03-29,2026,3,29,domingo,13,0,0,3,Pascoa,0,0,0,0,0,0,0,0,0,0,0,0,0,0,0,0,0,0,0,0,0,1,0,0,0,0,0,0
2026-03-30,2026,3,30,segunda,14,0,0,3,Pascoa,0,0,0,0,0,0,0,0,0,0,0,0,0,0,0,0,0,0,0,0,0,1,0,0,0,0,0,0
2026-03-31,2026,3,31,terca,14,0,0,3,Pascoa,0,0,0,0,0,0,0,0,0,0,0,0,0,0,0,0,0,0,0,0,0,1,0,0,0,0,0,0
2026-04-01,2026,4,1,quarta,14,0,0,3,Pascoa,0,0,0,0,0,0,0,0,0,0,0,0,0,0,0,0,0,0,0,0,0,1,0,0,0,0,0,0
2026-04-02,2026,4,2,quinta,14,0,0,3,Pascoa,0,0,0,0,0,0,0,0,0,0,0,0,0,0,0,0,0,0,0,0,0,1,0,0,0,0,0,0
2026-04-03,2026,4,3,sexta,14,1,0,3,Pascoa,0,0,0,0,0,0,0,0,0,0,0,0,0,0,0,0,0,0,0,0,0,1,0,0,0,1,0,0
2026-04-04,2026,4,4,sabado,14,0,0,3,Pascoa,0,0,0,0,0,0,0,0,0,0,0,0,0,0,0,0,0,0,0,0,0,1,0,0,0,0,0,0
2026-04-05,2026,4,5,domingo,14,0,0,3,Pascoa,0,0,0,0,0,0,0,0,0,0,0,0,0,0,0,0,0,0,0,0,0,1,0,0,0,0,0,0
2026-04-06,2026,4,6,segunda,15,0,0,0,Sem_Evento,0,0,0,0,0,0,0,0,0,0,0,0,0,0,0,0,0,0,0,0,0,0,0,0,0,0,0,0
2026-04-07,2026,4,7,terca,15,0,0,0,Sem_Evento,0,0,0,0,0,0,0,0,0,0,0,0,0,0,0,0,0,0,0,0,0,0,0,0,0,0,0,0
2026-04-08,2026,4,8,quarta,15,0,0,0,Sem_Evento,0,0,0,0,0,0,0,0,0,0,0,0,0,0,0,0,0,0,0,0,0,0,0,0,0,0,0,0
2026-04-09,2026,4,9,quinta,15,0,0,0,Sem_Evento,0,0,0,0,0,0,0,0,0,0,0,0,0,0,0,0,0,0,0,0,0,0,0,0,0,0,0,0
2026-04-10,2026,4,10,sexta,15,0,0,0,Sem_Evento,0,0,0,0,0,0,0,0,0,0,0,0,0,0,0,0,0,0,0,0,0,0,0,0,0,0,0,0
2026-04-11,2026,4,11,sabado,15,0,0,0,Sem_Evento,0,0,0,0,0,0,0,0,0,0,0,0,0,0,0,0,0,0,0,0,0,0,0,0,0,0,0,0
2026-04-12,2026,4,12,domingo,15,0,0,0,Sem_Evento,0,0,0,0,0,0,0,0,0,0,0,0,0,0,0,0,0,0,0,0,0,0,0,0,0,0,0,0
2026-04-13,2026,4,13,segunda,16,0,0,0,Sem_Evento,0,0,0,0,0,0,0,0,0,0,0,0,0,0,0,0,0,0,0,0,0,0,0,0,0,0,0,0
2026-04-14,2026,4,14,terca,16,0,0,0,Sem_Evento,0,0,0,0,0,0,0,0,0,0,0,0,0,0,0,0,0,0,0,0,0,0,0,0,0,0,0,0
2026-04-15,2026,4,15,quarta,16,0,0,0,Sem_Evento,0,0,0,0,0,0,0,0,0,0,0,0,0,0,0,0,0,0,0,0,0,0,0,0,0,0,0,0
2026-04-16,2026,4,16,quinta,16,0,0,0,Sem_Evento,0,0,0,0,0,0,0,0,0,0,0,0,0,0,0,0,0,0,0,0,0,0,0,0,0,0,0,0
2026-04-17,2026,4,17,sexta,16,0,0,0,Sem_Evento,0,0,0,0,0,0,0,0,0,0,0,0,0,0,0,0,0,0,0,0,0,0,0,0,0,0,0,0
2026-04-18,2026,4,18,sabado,16,0,0,0,Sem_Evento,0,0,0,0,0,0,0,0,0,0,0,0,0,0,0,0,0,0,0,0,0,0,0,0,0,0,0,0
2026-04-19,2026,4,19,domingo,16,0,0,0,Sem_Evento,0,0,0,0,0,0,0,0,0,0,0,0,0,0,0,0,0,0,0,0,0,0,0,0,0,0,0,0
2026-04-20,2026,4,20,segunda,17,0,0,0,Sem_Evento,0,0,0,0,0,0,0,0,0,0,0,0,0,0,0,0,0,0,0,0,0,0,0,0,0,0,0,0
2026-04-21,2026,4,21,terca,17,1,0,1,Tiradentes,0,0,0,0,0,0,0,0,0,0,0,0,0,0,0,0,0,0,0,0,0,0,0,0,0,0,1,0
2026-04-22,2026,4,22,quarta,17,0,0,0,Sem_Evento,0,0,0,0,0,0,0,0,0,0,0,0,0,0,0,0,0,0,0,0,0,0,0,0,0,0,0,0
2026-04-23,2026,4,23,quinta,17,0,1,5,Dia_das_Maes,0,0,0,0,0,0,0,0,0,1,0,0,0,0,0,0,0,0,0,0,0,0,0,0,0,0,0,0
2026-04-24,2026,4,24,sexta,17,0,1,5,Dia_das_Maes,0,0,0,0,0,0,0,0,0,1,0,0,0,0,0,0,0,0,0,0,0,0,0,0,0,0,0,0
2026-04-25,2026,4,25,sabado,17,0,1,5,Dia_das_Maes,0,0,0,0,0,0,0,0,0,1,0,0,0,0,0,0,0,0,0,0,0,0,0,0,0,0,0,0
2026-04-26,2026,4,26,domingo,17,0,1,5,Dia_das_Maes,0,0,0,0,0,0,0,0,0,1,0,0,0,0,0,0,0,0,0,0,0,0,0,0,0,0,0,0
2026-04-27,2026,4,27,segunda,18,0,1,5,Dia_das_Maes,0,0,0,0,0,0,0,0,0,1,0,0,0,0,0,0,0,0,0,0,0,0,0,0,0,0,0,0
2026-04-28,2026,4,28,terca,18,0,1,5,Dia_das_Maes,0,0,0,0,0,0,0,0,0,1,0,0,0,0,0,0,0,0,0,0,0,0,0,0,0,0,0,0
2026-04-29,2026,4,29,quarta,18,0,1,5,Dia_das_Maes,0,0,0,0,0,0,0,0,0,1,0,0,0,0,0,0,0,0,0,0,0,0,0,0,0,0,0,0
2026-04-30,2026,4,30,quinta,18,0,1,5,Dia_das_Maes,0,0,0,0,0,0,0,0,0,1,0,0,0,0,0,0,0,0,0,0,0,0,0,0,0,0,0,0
2026-05-01,2026,5,1,sexta,18,1,1,5,Dia_das_Maes,0,0,0,0,0,0,0,0,0,1,0,1,0,0,0,0,0,0,0,0,0,0,0,0,0,0,0,0
2026-05-02,2026,5,2,sabado,18,0,1,5,Dia_das_Maes,0,0,0,0,0,0,0,0,0,1,0,0,0,0,0,0,0,0,0,0,0,0,0,0,0,0,0,0
2026-05-03,2026,5,3,domingo,18,0,1,5,Dia_das_Maes,0,0,0,0,0,0,0,0,0,1,0,0,0,0,0,0,0,0,0,0,0,0,0,0,0,0,0,0
2026-05-04,2026,5,4,segunda,19,0,1,5,Dia_das_Maes,0,0,0,0,0,0,0,0,0,1,0,0,0,0,0,0,0,0,0,0,0,0,0,0,0,0,0,0
2026-05-05,2026,5,5,terca,19,0,1,5,Dia_das_Maes,0,0,0,0,0,0,0,0,0,1,0,0,0,0,0,0,0,0,0,0,0,0,0,0,0,0,0,0
2026-05-06,2026,5,6,quarta,19,0,1,5,Dia_das_Maes,0,0,0,0,0,0,0,0,0,1,0,0,0,0,0,0,0,0,0,0,0,0,0,0,0,0,0,0
2026-05-07,2026,5,7,quinta,19,0,1,5,Dia_das_Maes,0,0,0,0,0,0,0,0,0,1,0,0,0,0,0,0,0,0,0,0,0,0,0,0,0,0,0,0
2026-05-08,2026,5,8,sexta,19,0,1,5,Dia_das_Maes,0,0,0,0,0,0,0,0,0,1,0,0,0,0,0,0,0,0,0,0,0,0,0,0,0,0,0,0
2026-05-09,2026,5,9,sabado,19,0,1,5,Dia_das_Maes,0,0,0,0,0,0,0,0,0,1,0,0,0,0,0,0,0,0,0,0,0,0,0,0,0,0,0,0
2026-05-10,2026,5,10,domingo,19,0,1,5,Dia_das_Maes,0,0,0,0,0,0,0,0,0,1,0,0,0,0,0,0,0,0,0,0,0,0,0,0,0,0,0,0
2026-05-11,2026,5,11,segunda,20,0,1,3,Copa_do_Mundo,0,0,0,0,0,1,0,0,0,0,0,0,0,0,0,0,0,0,0,0,0,0,0,0,0,0,0,0
2026-05-12,2026,5,12,terca,20,0,1,3,Copa_do_Mundo,0,0,0,0,0,1,0,0,0,0,0,0,0,0,0,0,0,0,0,0,0,0,0,0,0,0,0,0
2026-05-13,2026,5,13,quarta,20,0,1,3,Copa_do_Mundo,0,0,0,0,0,1,0,0,0,0,0,0,0,0,0,0,0,0,0,0,0,0,0,0,0,0,0,0
2026-05-14,2026,5,14,quinta,20,0,1,3,Copa_do_Mundo,0,0,0,0,0,1,0,0,0,0,0,0,0,0,0,0,0,0,0,0,0,0,0,0,0,0,0,0
2026-05-15,2026,5,15,sexta,20,0,1,3,Copa_do_Mundo,0,0,0,0,0,1,0,0,0,0,0,0,0,0,0,0,0,0,0,0,0,0,0,0,0,0,0,0
2026-05-16,2026,5,16,sabado,20,0,1,3,Copa_do_Mundo,0,0,0,0,0,1,0,0,0,0,0,0,0,0,0,0,0,0,0,0,0,0,0,0,0,0,0,0
2026-05-17,2026,5,17,domingo,20,0,1,3,Copa_do_Mundo,0,0,0,0,0,1,0,0,0,0,0,0,0,0,0,0,0,0,0,0,0,0,0,0,0,0,0,0
2026-05-18,2026,5,18,segunda,21,0,1,3,Copa_do_Mundo,0,0,0,0,0,1,0,0,0,0,0,0,0,0,0,0,0,0,0,0,0,0,0,0,0,0,0,0
2026-05-19,2026,5,19,terca,21,0,1,3,Copa_do_Mundo,0,0,0,0,0,1,0,0,0,0,0,0,0,0,0,0,0,0,0,0,0,0,0,0,0,0,0,0
2026-05-20,2026,5,20,quarta,21,0,1,3,Copa_do_Mundo,0,0,0,0,0,1,0,0,0,0,0,0,0,0,0,0,0,0,0,0,0,0,0,0,0,0,0,0
2026-05-21,2026,5,21,quinta,21,0,1,3,Copa_do_Mundo,0,0,0,0,0,1,0,0,0,0,0,0,0,0,0,0,0,0,0,0,0,0,0,0,0,0,0,0
2026-05-22,2026,5,22,sexta,21,0,1,3,Copa_do_Mundo,0,0,0,0,0,1,0,0,0,0,0,0,0,0,0,0,0,0,0,0,0,0,0,0,0,0,0,0
2026-05-23,2026,5,23,sabado,21,0,1,3,Copa_do_Mundo,0,0,0,0,0,1,0,0,0,0,0,0,0,0,0,0,0,0,0,0,0,0,0,0,0,0,0,0
2026-05-24,2026,5,24,domingo,21,0,1,3,Copa_do_Mundo,0,0,0,0,0,1,0,0,0,0,0,0,0,0,0,0,0,0,0,0,0,0,0,0,0,0,0,0
2026-05-25,2026,5,25,segunda,22,0,1,3,Copa_do_Mundo,0,0,0,0,0,1,0,0,0,0,0,0,0,0,0,0,0,0,0,0,0,0,0,0,0,0,0,0
2026-05-26,2026,5,26,terca,22,0,1,3,Copa_do_Mundo,0,0,0,0,0,1,0,0,0,0,0,0,0,0,0,0,0,0,0,0,0,0,0,0,0,0,0,0
2026-05-27,2026,5,27,quarta,22,0,1,3,Copa_do_Mundo,0,0,0,0,0,1,0,0,0,0,0,0,0,0,0,0,0,0,0,0,0,0,0,0,0,0,0,0
2026-05-28,2026,5,28,quinta,22,0,1,3,Copa_do_Mundo,0,0,0,0,0,1,0,0,0,0,0,0,0,0,0,0,0,0,0,0,0,0,0,0,0,0,0,0
2026-05-29,2026,5,29,sexta,22,0,1,3,Copa_do_Mundo,0,0,0,0,0,1,0,0,0,0,0,0,0,0,0,0,0,0,0,0,0,0,0,0,0,0,0,0
2026-05-30,2026,5,30,sabado,22,0,1,3,Copa_do_Mundo,0,0,0,0,0,1,0,0,0,0,0,0,0,0,0,0,0,0,0,0,0,0,0,0,0,0,0,0
2026-05-31,2026,5,31,domingo,22,0,1,3,Copa_do_Mundo,0,0,0,0,0,1,0,0,0,0,0,0,0,0,0,0,0,0,0,0,0,0,0,0,0,0,0,0
2026-06-01,2026,6,1,segunda,23,0,1,4,Dia_dos_Namorados,0,0,0,0,0,1,0,0,0,0,0,0,1,0,1,0,0,0,0,0,0,0,0,0,0,0,0,0
2026-06-02,2026,6,2,terca,23,0,1,4,Dia_dos_Namorados,0,0,0,0,0,1,0,0,0,0,0,0,1,0,1,0,0,0,0,0,0,0,0,0,0,0,0,0
2026-06-03,2026,6,3,quarta,23,0,1,4,Dia_dos_Namorados,0,0,0,0,0,1,0,0,0,0,0,0,1,0,1,0,0,0,0,0,0,0,0,0,0,0,0,0
2026-06-04,2026,6,4,quinta,23,1,1,4,Dia_dos_Namorados,0,0,0,0,0,1,1,0,0,0,0,0,1,0,1,0,0,0,0,0,0,0,0,0,0,0,0,0
2026-06-05,2026,6,5,sexta,23,0,1,4,Dia_dos_Namorados,0,0,0,0,0,1,0,0,0,0,0,0,1,0,1,0,0,0,0,0,0,0,0,0,0,0,0,0
2026-06-06,2026,6,6,sabado,23,0,1,4,Dia_dos_Namorados,0,0,0,0,0,1,0,0,0,0,0,0,1,0,1,0,0,0,0,0,0,0,0,0,0,0,0,0
2026-06-07,2026,6,7,domingo,23,0,1,4,Dia_dos_Namorados,0,0,0,0,0,1,0,0,0,0,0,0,1,0,1,0,0,0,0,0,0,0,0,0,0,0,0,0
2026-06-08,2026,6,8,segunda,24,0,1,4,Dia_dos_Namorados,0,0,0,0,0,1,0,0,0,0,0,0,1,0,1,0,0,0,0,0,0,0,0,0,0,0,0,0
2026-06-09,2026,6,9,terca,24,0,1,4,Dia_dos_Namorados,0,0,0,0,0,1,0,0,0,0,0,0,1,0,1,0,0,0,0,0,0,0,0,0,0,0,0,0
2026-06-10,2026,6,10,quarta,24,0,1,4,Dia_dos_Namorados,0,0,0,0,0,1,0,0,0,0,0,0,1,0,1,0,0,0,0,0,0,0,0,0,0,0,0,0
2026-06-11,2026,6,11,quinta,24,0,1,4,Dia_dos_Namorados,0,0,0,0,0,1,0,0,0,0,0,0,1,0,1,0,0,0,0,0,0,0,0,0,0,0,0,0
2026-06-12,2026,6,12,sexta,24,0,1,4,Dia_dos_Namorados,0,0,0,0,0,1,0,0,0,0,0,0,1,0,1,0,0,0,0,0,0,0,0,0,0,0,0,0
2026-06-13,2026,6,13,sabado,24,0,1,3,Copa_do_Mundo,0,0,0,0,0,1,0,0,0,0,0,0,0,0,1,0,0,0,0,0,0,0,0,0,0,0,0,0
2026-06-14,2026,6,14,domingo,24,0,1,3,Copa_do_Mundo,0,0,0,0,0,1,0,0,0,0,0,0,0,0,1,0,0,0,0,0,0,0,0,0,0,0,0,0
2026-06-15,2026,6,15,segunda,25,0,1,3,Copa_do_Mundo,0,0,0,0,0,1,0,0,0,0,0,0,0,0,1,0,0,0,0,0,0,0,0,0,0,0,0,0
2026-06-16,2026,6,16,terca,25,0,1,3,Copa_do_Mundo,0,0,0,0,0,1,0,0,0,0,0,0,0,0,1,0,0,0,0,0,0,0,0,0,0,0,0,0
2026-06-17,2026,6,17,quarta,25,0,1,3,Copa_do_Mundo,0,0,0,0,0,1,0,0,0,0,0,0,0,0,1,0,0,0,0,0,0,0,0,0,0,0,0,0
2026-06-18,2026,6,18,quinta,25,0,1,3,Copa_do_Mundo,0,0,0,0,0,1,0,0,0,0,0,0,0,0,1,0,0,0,0,0,0,0,0,0,0,0,0,0
2026-06-19,2026,6,19,sexta,25,0,1,3,Copa_do_Mundo,0,0,0,0,0,1,0,0,0,0,0,0,0,0,1,0,0,0,0,0,0,0,0,0,0,0,0,0
2026-06-20,2026,6,20,sabado,25,0,1,3,Copa_do_Mundo,0,0,0,0,0,1,0,0,0,0,0,0,0,0,1,0,0,0,0,0,0,0,0,0,0,0,0,0
2026-06-21,2026,6,21,domingo,25,0,1,3,Copa_do_Mundo,0,0,0,0,0,1,0,0,0,0,0,0,0,0,1,0,0,0,0,0,0,0,0,0,0,0,0,0
2026-06-22,2026,6,22,segunda,26,0,1,3,Copa_do_Mundo,0,0,0,0,0,1,0,0,0,0,0,0,0,0,1,0,0,0,0,0,0,0,0,0,0,0,0,0
2026-06-23,2026,6,23,terca,26,0,1,3,Copa_do_Mundo,0,0,0,0,0,1,0,0,0,0,0,0,0,0,1,0,0,0,0,0,0,0,0,0,0,0,0,0
2026-06-24,2026,6,24,quarta,26,0,1,3,Copa_do_Mundo,0,0,0,0,0,1,0,0,0,0,0,0,0,0,1,0,0,0,0,0,0,0,0,0,0,0,0,0
2026-06-25,2026,6,25,quinta,26,0,1,3,Copa_do_Mundo,0,0,0,0,0,1,0,0,0,0,0,0,0,0,1,0,0,0,0,0,0,0,0,0,0,0,0,0
2026-06-26,2026,6,26,sexta,26,0,1,3,Copa_do_Mundo,0,0,0,0,0,1,0,0,0,0,0,0,0,0,1,0,0,0,0,0,0,0,0,0,0,0,0,0
2026-06-27,2026,6,27,sabado,26,0,1,3,Copa_do_Mundo,0,0,0,0,0,1,0,0,0,0,0,0,0,0,1,0,0,0,0,0,0,0,0,0,0,0,0,0
2026-06-28,2026,6,28,domingo,26,0,1,3,Copa_do_Mundo,0,0,0,0,0,1,0,0,0,0,0,0,0,0,1,0,0,0,0,0,0,0,0,0,0,0,0,0
2026-06-29,2026,6,29,segunda,27,0,1,3,Copa_do_Mundo,0,0,0,0,0,1,0,0,0,0,0,0,0,0,1,0,0,0,0,0,0,0,0,0,0,0,0,0
2026-06-30,2026,6,30,terca,27,0,1,3,Copa_do_Mundo,0,0,0,0,0,1,0,0,0,0,0,0,0,0,1,0,0,0,0,0,0,0,0,0,0,0,0,0
2026-07-01,2026,7,1,quarta,27,0,1,3,Copa_do_Mundo,0,0,0,0,0,1,0,0,0,0,0,0,0,0,0,0,0,0,0,0,0,0,0,0,0,0,0,0
2026-07-02,2026,7,2,quinta,27,0,1,3,Copa_do_Mundo,0,0,0,0,0,1,0,0,0,0,0,0,0,0,0,0,0,0,0,0,0,0,0,0,0,0,0,0
2026-07-03,2026,7,3,sexta,27,0,1,3,Copa_do_Mundo,0,0,0,0,0,1,0,0,0,0,0,0,0,0,0,0,0,0,0,0,0,0,0,0,0,0,0,0
2026-07-04,2026,7,4,sabado,27,0,1,3,Copa_do_Mundo,0,0,0,0,0,1,0,0,0,0,0,0,0,0,0,0,0,0,0,0,0,0,0,0,0,0,0,0
2026-07-05,2026,7,5,domingo,27,0,1,3,Copa_do_Mundo,0,0,0,0,0,1,0,0,0,0,0,0,0,0,0,0,0,0,0,0,0,0,0,0,0,0,0,0
2026-07-06,2026,7,6,segunda,28,0,1,3,Copa_do_Mundo,0,0,0,0,0,1,0,0,0,0,0,0,0,0,0,0,0,0,0,0,0,0,0,0,0,0,0,0
2026-07-07,2026,7,7,terca,28,0,1,3,Copa_do_Mundo,0,0,0,0,0,1,0,0,0,0,0,0,0,0,0,0,0,0,0,0,0,0,0,0,0,0,0,0
2026-07-08,2026,7,8,quarta,28,0,1,3,Copa_do_Mundo,0,0,0,0,0,1,0,0,0,0,0,0,0,0,0,0,0,0,0,0,0,0,0,0,0,0,0,0
2026-07-09,2026,7,9,quinta,28,0,1,3,Copa_do_Mundo,0,0,0,0,0,1,0,0,0,0,0,0,0,0,0,0,0,0,0,0,0,0,0,0,0,0,0,0
2026-07-10,2026,7,10,sexta,28,0,1,3,Copa_do_Mundo,0,0,0,0,0,1,0,0,0,0,0,0,0,0,0,0,0,0,0,0,0,0,0,0,0,0,0,0
2026-07-11,2026,7,11,sabado,28,0,1,3,Copa_do_Mundo,0,0,0,0,0,1,0,0,0,0,0,0,0,0,0,0,0,0,0,0,0,0,0,0,0,0,0,0
2026-07-12,2026,7,12,domingo,28,0,1,3,Copa_do_Mundo,0,0,0,0,0,1,0,0,0,0,0,0,0,0,0,0,0,0,0,0,0,0,0,0,0,0,0,0
2026-07-13,2026,7,13,segunda,29,0,1,3,Copa_do_Mundo,0,0,0,0,0,1,0,0,0,0,0,0,0,0,0,0,0,0,0,0,0,0,0,0,0,0,0,0
2026-07-14,2026,7,14,terca,29,0,1,3,Copa_do_Mundo,0,0,0,0,0,1,0,0,0,0,0,0,0,0,0,0,0,0,0,0,0,0,0,0,0,0,0,0
2026-07-15,2026,7,15,quarta,29,0,1,3,Copa_do_Mundo,0,0,0,0,0,1,0,0,0,0,0,0,0,0,0,0,0,0,0,0,0,0,0,0,0,0,0,0
2026-07-16,2026,7,16,quinta,29,0,1,3,Copa_do_Mundo,0,0,0,0,0,1,0,0,0,0,0,0,0,0,0,0,0,0,0,0,0,0,0,0,0,0,0,0
2026-07-17,2026,7,17,sexta,29,0,1,3,Copa_do_Mundo,0,0,0,0,0,1,0,0,0,0,0,0,0,0,0,0,0,0,0,0,0,0,0,0,0,0,0,0
2026-07-18,2026,7,18,sabado,29,0,1,3,Copa_do_Mundo,0,0,0,0,0,1,0,0,0,0,0,0,0,0,0,0,0,0,0,0,0,0,0,0,0,0,0,0
2026-07-19,2026,7,19,domingo,29,0,1,3,Copa_do_Mundo,0,0,0,0,0,1,0,0,0,0,0,0,0,0,0,0,0,0,0,0,0,0,0,0,0,0,0,0
2026-07-20,2026,7,20,segunda,30,0,0,0,Sem_Evento,0,0,0,0,0,0,0,0,0,0,0,0,0,0,0,0,0,0,0,0,0,0,0,0,0,0,0,0
2026-07-21,2026,7,21,terca,30,0,0,0,Sem_Evento,0,0,0,0,0,0,0,0,0,0,0,0,0,0,0,0,0,0,0,0,0,0,0,0,0,0,0,0
2026-07-22,2026,7,22,quarta,30,0,0,0,Sem_Evento,0,0,0,0,0,0,0,0,0,0,0,0,0,0,0,0,0,0,0,0,0,0,0,0,0,0,0,0
2026-07-23,2026,7,23,quinta,30,0,1,4,Dia_dos_Pais,0,0,0,0,0,0,0,0,0,0,0,0,0,1,0,0,0,0,0,0,0,0,0,0,0,0,0,0
2026-07-24,2026,7,24,sexta,30,0,1,4,Dia_dos_Pais,0,0,0,0,0,0,0,0,0,0,0,0,0,1,0,0,0,0,0,0,0,0,0,0,0,0,0,0
2026-07-25,2026,7,25,sabado,30,0,1,4,Dia_dos_Pais,0,0,0,0,0,0,0,0,0,0,0,0,0,1,0,0,0,0,0,0,0,0,0,0,0,0,0,0
2026-07-26,2026,7,26,domingo,30,0,1,4,Dia_dos_Pais,0,0,0,0,0,0,0,0,0,0,0,0,0,1,0,0,0,0,0,0,0,0,0,0,0,0,0,0
2026-07-27,2026,7,27,segunda,31,0,1,4,Dia_dos_Pais,0,0,0,0,0,0,0,0,0,0,0,0,0,1,0,0,0,0,0,0,0,0,0,0,0,0,0,0
2026-07-28,2026,7,28,terca,31,0,1,4,Dia_dos_Pais,0,0,0,0,0,0,0,0,0,0,0,0,0,1,0,0,0,0,0,0,0,0,0,0,0,0,0,0
2026-07-29,2026,7,29,quarta,31,0,1,4,Dia_dos_Pais,0,0,0,0,0,0,0,0,0,0,0,0,0,1,0,0,0,0,0,0,0,0,0,0,0,0,0,0
2026-07-30,2026,7,30,quinta,31,0,1,4,Dia_dos_Pais,0,0,0,0,0,0,0,0,0,0,0,0,0,1,0,0,0,0,0,0,0,0,0,0,0,0,0,0
2026-07-31,2026,7,31,sexta,31,0,1,4,Dia_dos_Pais,0,0,0,0,0,0,0,0,0,0,0,0,0,1,0,0,0,0,0,0,0,0,0,0,0,0,0,0
2026-08-01,2026,8,1,sabado,31,0,1,4,Dia_dos_Pais,0,0,0,0,0,0,0,0,0,0,0,0,0,1,0,0,0,0,0,0,0,0,0,0,0,0,0,0
2026-08-02,2026,8,2,domingo,31,0,1,4,Dia_dos_Pais,0,0,0,0,0,0,0,0,0,0,0,0,0,1,0,0,0,0,0,0,0,0,0,0,0,0,0,0
2026-08-03,2026,8,3,segunda,32,0,1,4,Dia_dos_Pais,0,0,0,0,0,0,0,0,0,0,0,0,0,1,0,0,0,0,0,0,0,0,0,0,0,0,0,0
2026-08-04,2026,8,4,terca,32,0,1,4,Dia_dos_Pais,0,0,0,0,0,0,0,0,0,0,0,0,0,1,0,0,0,0,0,0,0,0,0,0,0,0,0,0
2026-08-05,2026,8,5,quarta,32,0,1,4,Dia_dos_Pais,0,0,0,0,0,0,0,0,0,0,0,0,0,1,0,0,0,0,0,0,0,0,0,0,0,0,0,0
2026-08-06,2026,8,6,quinta,32,0,1,4,Dia_dos_Pais,0,0,0,0,0,0,0,0,0,0,0,0,0,1,0,0,0,0,0,0,0,0,0,0,0,0,0,0
2026-08-07,2026,8,7,sexta,32,0,1,4,Dia_dos_Pais,0,0,0,0,0,0,0,0,0,0,0,0,0,1,0,0,0,0,0,0,0,0,0,0,0,0,0,0
2026-08-08,2026,8,8,sabado,32,0,1,4,Dia_dos_Pais,0,0,0,0,0,0,0,0,0,0,0,0,0,1,0,0,0,0,0,0,0,0,0,0,0,0,0,0
2026-08-09,2026,8,9,domingo,32,0,1,4,Dia_dos_Pais,0,0,0,0,0,0,0,0,0,0,0,0,0,1,0,0,0,0,0,0,0,0,0,0,0,0,0,0
2026-08-10,2026,8,10,segunda,33,0,0,0,Sem_Evento,0,0,0,0,0,0,0,0,0,0,0,0,0,0,0,0,0,0,0,0,0,0,0,0,0,0,0,0
2026-08-11,2026,8,11,terca,33,0,0,0,Sem_Evento,0,0,0,0,0,0,0,0,0,0,0,0,0,0,0,0,0,0,0,0,0,0,0,0,0,0,0,0
2026-08-12,2026,8,12,quarta,33,0,0,0,Sem_Evento,0,0,0,0,0,0,0,0,0,0,0,0,0,0,0,0,0,0,0,0,0,0,0,0,0,0,0,0
2026-08-13,2026,8,13,quinta,33,0,0,0,Sem_Evento,0,0,0,0,0,0,0,0,0,0,0,0,0,0,0,0,0,0,0,0,0,0,0,0,0,0,0,0
2026-08-14,2026,8,14,sexta,33,0,0,0,Sem_Evento,0,0,0,0,0,0,0,0,0,0,0,0,0,0,0,0,0,0,0,0,0,0,0,0,0,0,0,0
2026-08-15,2026,8,15,sabado,33,0,0,0,Sem_Evento,0,0,0,0,0,0,0,0,0,0,0,0,0,0,0,0,0,0,0,0,0,0,0,0,0,0,0,0
2026-08-16,2026,8,16,domingo,33,0,0,0,Sem_Evento,0,0,0,0,0,0,0,0,0,0,0,0,0,0,0,0,0,0,0,0,0,0,0,0,0,0,0,0
2026-08-17,2026,8,17,segunda,34,0,0,0,Sem_Evento,0,0,0,0,0,0,0,0,0,0,0,0,0,0,0,0,0,0,0,0,0,0,0,0,0,0,0,0
2026-08-18,2026,8,18,terca,34,0,0,0,Sem_Evento,0,0,0,0,0,0,0,0,0,0,0,0,0,0,0,0,0,0,0,0,0,0,0,0,0,0,0,0
2026-08-19,2026,8,19,quarta,34,0,0,0,Sem_Evento,0,0,0,0,0,0,0,0,0,0,0,0,0,0,0,0,0,0,0,0,0,0,0,0,0,0,0,0
2026-08-20,2026,8,20,quinta,34,0,0,0,Sem_Evento,0,0,0,0,0,0,0,0,0,0,0,0,0,0,0,0,0,0,0,0,0,0,0,0,0,0,0,0
2026-08-21,2026,8,21,sexta,34,0,0,0,Sem_Evento,0,0,0,0,0,0,0,0,0,0,0,0,0,0,0,0,0,0,0,0,0,0,0,0,0,0,0,0
2026-08-22,2026,8,22,sabado,34,0,0,0,Sem_Evento,0,0,0,0,0,0,0,0,0,0,0,0,0,0,0,0,0,0,0,0,0,0,0,0,0,0,0,0
2026-08-23,2026,8,23,domingo,34,0,0,0,Sem_Evento,0,0,0,0,0,0,0,0,0,0,0,0,0,0,0,0,0,0,0,0,0,0,0,0,0,0,0,0
2026-08-24,2026,8,24,segunda,35,0,0,0,Sem_Evento,0,0,0,0,0,0,0,0,0,0,0,0,0,0,0,0,0,0,0,0,0,0,0,0,0,0,0,0
2026-08-25,2026,8,25,terca,35,0,0,0,Sem_Evento,0,0,0,0,0,0,0,0,0,0,0,0,0,0,0,0,0,0,0,0,0,0,0,0,0,0,0,0
2026-08-26,2026,8,26,quarta,35,0,0,0,Sem_Evento,0,0,0,0,0,0,0,0,0,0,0,0,0,0,0,0,0,0,0,0,0,0,0,0,0,0,0,0
2026-08-27,2026,8,27,quinta,35,0,0,0,Sem_Evento,0,0,0,0,0,0,0,0,0,0,0,0,0,0,0,0,0,0,0,0,0,0,0,0,0,0,0,0
2026-08-28,2026,8,28,sexta,35,0,0,0,Sem_Evento,0,0,0,0,0,0,0,0,0,0,0,0,0,0,0,0,0,0,0,0,0,0,0,0,0,0,0,0
2026-08-29,2026,8,29,sabado,35,0,0,0,Sem_Evento,0,0,0,0,0,0,0,0,0,0,0,0,0,0,0,0,0,0,0,0,0,0,0,0,0,0,0,0
2026-08-30,2026,8,30,domingo,35,0,0,0,Sem_Evento,0,0,0,0,0,0,0,0,0,0,0,0,0,0,0,0,0,0,0,0,0,0,0,0,0,0,0,0
2026-08-31,2026,8,31,segunda,36,0,0,0,Sem_Evento,0,0,0,0,0,0,0,0,0,0,0,0,0,0,0,0,0,0,0,0,0,0,0,0,0,0,0,0
2026-09-01,2026,9,1,terca,36,0,0,0,Sem_Evento,0,0,0,0,0,0,0,0,0,0,0,0,0,0,0,0,0,0,0,0,0,0,0,0,0,0,0,0
2026-09-02,2026,9,2,quarta,36,0,0,0,Sem_Evento,0,0,0,0,0,0,0,0,0,0,0,0,0,0,0,0,0,0,0,0,0,0,0,0,0,0,0,0
2026-09-03,2026,9,3,quinta,36,0,0,0,Sem_Evento,0,0,0,0,0,0,0,0,0,0,0,0,0,0,0,0,0,0,0,0,0,0,0,0,0,0,0,0
2026-09-04,2026,9,4,sexta,36,0,0,0,Sem_Evento,0,0,0,0,0,0,0,0,0,0,0,0,0,0,0,0,0,0,0,0,0,0,0,0,0,0,0,0
2026-09-05,2026,9,5,sabado,36,0,0,0,Sem_Evento,0,0,0,0,0,0,0,0,0,0,0,0,0,0,0,0,0,0,0,0,0,0,0,0,0,0,0,0
2026-09-06,2026,9,6,domingo,36,0,0,0,Sem_Evento,0,0,0,0,0,0,0,0,0,0,0,0,0,0,0,0,0,0,0,0,0,0,0,0,0,0,0,0
2026-09-07,2026,9,7,segunda,37,1,0,1,Independencia,0,0,0,0,0,0,0,0,0,0,0,0,0,0,0,0,1,0,0,0,0,0,0,0,0,0,0,0
2026-09-08,2026,9,8,terca,37,0,0,0,Sem_Evento,0,0,0,0,0,0,0,0,0,0,0,0,0,0,0,0,0,0,0,0,0,0,0,0,0,0,0,0
2026-09-09,2026,9,9,quarta,37,0,1,3,Dia_do_Cliente,0,0,0,0,0,0,0,0,0,0,1,0,0,0,0,0,0,0,0,0,0,0,0,0,0,0,0,0
2026-09-10,2026,9,10,quinta,37,0,1,3,Dia_do_Cliente,0,0,0,0,0,0,0,0,0,0,1,0,0,0,0,0,0,0,0,0,0,0,0,0,0,0,0,0
2026-09-11,2026,9,11,sexta,37,0,1,3,Dia_do_Cliente,0,0,0,0,0,0,0,0,0,0,1,0,0,0,0,0,0,0,0,0,0,0,0,0,0,0,0,0
2026-09-12,2026,9,12,sabado,37,0,1,3,Dia_do_Cliente,0,0,0,0,0,0,0,0,0,0,1,0,0,0,0,0,0,0,0,0,0,0,0,0,0,0,0,0
2026-09-13,2026,9,13,domingo,37,0,1,3,Dia_do_Cliente,0,0,0,0,0,0,0,0,0,0,1,0,0,0,0,0,0,0,0,0,0,0,0,0,0,0,0,0
2026-09-14,2026,9,14,segunda,38,0,1,3,Dia_do_Cliente,0,0,0,0,0,0,0,0,0,0,1,0,0,0,0,0,0,0,0,0,0,0,0,0,0,0,0,0
2026-09-15,2026,9,15,terca,38,0,1,3,Dia_do_Cliente,0,0,0,0,0,0,0,0,0,0,1,0,0,0,0,0,0,0,0,0,0,0,0,0,0,0,0,0
2026-09-16,2026,9,16,quarta,38,0,1,3,Dia_do_Cliente,0,0,0,0,0,0,0,0,0,0,1,0,0,0,0,0,0,0,0,0,0,0,0,0,0,0,0,0
2026-09-17,2026,9,17,quinta,38,0,1,3,Dia_do_Cliente,0,0,0,0,0,0,0,0,0,0,1,0,0,0,0,0,0,0,0,0,0,0,0,0,0,0,0,0
2026-09-18,2026,9,18,sexta,38,0,1,3,Dia_do_Cliente,0,0,0,0,0,0,0,0,0,0,1,0,0,0,0,0,0,0,0,0,0,0,0,0,0,0,0,0
2026-09-19,2026,9,19,sabado,38,0,1,3,Dia_do_Cliente,0,0,0,0,0,0,0,0,0,0,1,0,0,0,0,0,0,0,0,0,0,0,0,0,0,0,0,0
2026-09-20,2026,9,20,domingo,38,0,1,3,Dia_do_Cliente,0,0,0,0,0,0,0,0,0,0,1,0,0,0,0,0,0,0,0,0,0,0,0,0,0,0,0,0
2026-09-21,2026,9,21,segunda,39,0,1,3,Dia_do_Cliente,0,0,0,0,0,0,0,0,0,0,1,0,0,0,0,0,0,0,0,0,0,0,0,0,0,0,0,0
2026-09-22,2026,9,22,terca,39,0,1,3,Dia_do_Cliente,0,0,0,0,0,0,0,0,0,0,1,0,0,0,0,0,0,0,0,0,0,0,0,0,0,0,0,0
2026-09-23,2026,9,23,quarta,39,0,0,0,Sem_Evento,0,0,0,0,0,0,0,0,0,0,0,0,0,0,0,0,0,0,0,0,0,0,0,0,0,0,0,0
2026-09-24,2026,9,24,quinta,39,0,0,0,Sem_Evento,0,0,0,0,0,0,0,0,0,0,0,0,0,0,0,0,0,0,0,0,0,0,0,0,0,0,0,0
2026-09-25,2026,9,25,sexta,39,0,0,0,Sem_Evento,0,0,0,0,0,0,0,0,0,0,0,0,0,0,0,0,0,0,0,0,0,0,0,0,0,0,0,0
2026-09-26,2026,9,26,sabado,39,0,0,0,Sem_Evento,0,0,0,0,0,0,0,0,0,0,0,0,0,0,0,0,0,0,0,0,0,0,0,0,0,0,0,0
2026-09-27,2026,9,27,domingo,39,0,0,0,Sem_Evento,0,0,0,0,0,0,0,0,0,0,0,0,0,0,0,0,0,0,0,0,0,0,0,0,0,0,0,0
2026-09-28,2026,9,28,segunda,40,0,0,0,Sem_Evento,0,0,0,0,0,0,0,0,0,0,0,0,0,0,0,0,0,0,0,0,0,0,0,0,0,0,0,0
2026-09-29,2026,9,29,terca,40,0,0,0,Sem_Evento,0,0,0,0,0,0,0,0,0,0,0,0,0,0,0,0,0,0,0,0,0,0,0,0,0,0,0,0
2026-09-30,2026,9,30,quarta,40,0,0,0,Sem_Evento,0,0,0,0,0,0,0,0,0,0,0,0,0,0,0,0,0,0,0,0,0,0,0,0,0,0,0,0
2026-10-01,2026,10,1,quinta,40,0,1,3,Dia_das_Criancas,0,0,0,0,0,0,0,0,1,0,0,0,0,0,0,0,0,0,0,0,0,0,0,0,0,0,0,0
2026-10-02,2026,10,2,sexta,40,0,1,3,Dia_das_Criancas,0,0,0,0,0,0,0,0,1,0,0,0,0,0,0,0,0,0,0,0,0,0,0,0,0,0,0,0
2026-10-03,2026,10,3,sabado,40,0,1,3,Dia_das_Criancas,0,0,0,0,0,0,0,0,1,0,0,0,0,0,0,0,0,0,0,0,0,0,0,0,0,0,0,0
2026-10-04,2026,10,4,domingo,40,0,1,3,Dia_das_Criancas,0,0,0,0,0,0,0,0,1,0,0,0,0,0,0,0,0,0,0,0,0,0,0,0,0,0,0,0
2026-10-05,2026,10,5,segunda,41,0,1,3,Dia_das_Criancas,0,0,0,0,0,0,0,0,1,0,0,0,0,0,0,0,0,0,0,0,0,0,0,0,0,0,0,0
2026-10-06,2026,10,6,terca,41,0,1,3,Dia_das_Criancas,0,0,0,0,0,0,0,0,1,0,0,0,0,0,0,0,0,0,0,0,0,0,0,0,0,0,0,0
2026-10-07,2026,10,7,quarta,41,0,1,3,Dia_das_Criancas,0,0,0,0,0,0,0,0,1,0,0,0,0,0,0,0,0,0,0,0,0,0,0,0,0,0,0,0
2026-10-08,2026,10,8,quinta,41,0,1,3,Dia_das_Criancas,0,0,0,0,0,0,0,0,1,0,0,0,0,0,0,0,0,0,0,0,0,0,0,0,0,0,0,0
2026-10-09,2026,10,9,sexta,41,0,1,3,Dia_das_Criancas,0,0,0,0,0,0,0,0,1,0,0,0,0,0,0,0,0,0,0,0,0,0,0,0,0,0,0,0
2026-10-10,2026,10,10,sabado,41,0,1,3,Dia_das_Criancas,0,0,0,0,0,0,0,0,1,0,0,0,0,0,0,0,0,0,0,0,0,0,0,0,0,0,0,0
2026-10-11,2026,10,11,domingo,41,0,1,3,Dia_das_Criancas,0,0,0,0,0,0,0,0,1,0,0,0,0,0,0,0,0,0,0,0,0,0,0,0,0,0,0,0
2026-10-12,2026,10,12,segunda,42,1,1,3,Dia_das_Criancas,0,0,0,0,0,0,0,0,1,0,0,0,0,0,0,0,0,0,1,0,0,0,0,0,0,0,0,0
2026-10-13,2026,10,13,terca,42,0,0,0,Sem_Evento,0,0,0,0,0,0,0,0,0,0,0,0,0,0,0,0,0,0,0,0,0,0,0,0,0,0,0,0
2026-10-14,2026,10,14,quarta,42,0,0,0,Sem_Evento,0,0,0,0,0,0,0,0,0,0,0,0,0,0,0,0,0,0,0,0,0,0,0,0,0,0,0,0
2026-10-15,2026,10,15,quinta,42,0,0,0,Sem_Evento,0,0,0,0,0,0,0,0,0,0,0,0,0,0,0,0,0,0,0,0,0,0,0,0,0,0,0,0
2026-10-16,2026,10,16,sexta,42,0,0,0,Sem_Evento,0,0,0,0,0,0,0,0,0,0,0,0,0,0,0,0,0,0,0,0,0,0,0,0,0,0,0,0
2026-10-17,2026,10,17,sabado,42,0,0,0,Sem_Evento,0,0,0,0,0,0,0,0,0,0,0,0,0,0,0,0,0,0,0,0,0,0,0,0,0,0,0,0
2026-10-18,2026,10,18,domingo,42,0,0,0,Sem_Evento,0,0,0,0,0,0,0,0,0,0,0,0,0,0,0,0,0,0,0,0,0,0,0,0,0,0,0,0
2026-10-19,2026,10,19,segunda,43,0,0,0,Sem_Evento,0,0,0,0,0,0,0,0,0,0,0,0,0,0,0,0,0,0,0,0,0,0,0,0,0,0,0,0
2026-10-20,2026,10,20,terca,43,0,0,0,Sem_Evento,0,0,0,0,0,0,0,0,0,0,0,0,0,0,0,0,0,0,0,0,0,0,0,0,0,0,0,0
2026-10-21,2026,10,21,quarta,43,0,0,0,Sem_Evento,0,0,0,0,0,0,0,0,0,0,0,0,0,0,0,0,0,0,0,0,0,0,0,0,0,0,0,0
2026-10-22,2026,10,22,quinta,43,0,0,0,Sem_Evento,0,0,0,0,0,0,0,0,0,0,0,0,0,0,0,0,0,0,0,0,0,0,0,0,0,0,0,0
2026-10-23,2026,10,23,sexta,43,0,0,0,Sem_Evento,0,0,0,0,0,0,0,0,0,0,0,0,0,0,0,0,0,0,0,0,0,0,0,0,0,0,0,0
2026-10-24,2026,10,24,sabado,43,0,0,0,Sem_Evento,0,0,0,0,0,0,0,0,0,0,0,0,0,0,0,0,0,0,0,0,0,0,0,0,0,0,0,0
2026-10-25,2026,10,25,domingo,43,0,0,0,Sem_Evento,0,0,0,0,0,0,0,0,0,0,0,0,0,0,0,0,0,0,0,0,0,0,0,0,0,0,0,0
2026-10-26,2026,10,26,segunda,44,0,0,0,Sem_Evento,0,0,0,0,0,0,0,0,0,0,0,0,0,0,0,0,0,0,0,0,0,0,0,0,0,0,0,0
2026-10-27,2026,10,27,terca,44,0,0,0,Sem_Evento,0,0,0,0,0,0,0,0,0,0,0,0,0,0,0,0,0,0,0,0,0,0,0,0,0,0,0,0
2026-10-28,2026,10,28,quarta,44,0,0,0,Sem_Evento,0,0,0,0,0,0,0,0,0,0,0,0,0,0,0,0,0,0,0,0,0,0,0,0,0,0,0,0
2026-10-29,2026,10,29,quinta,44,0,0,0,Sem_Evento,0,0,0,0,0,0,0,0,0,0,0,0,0,0,0,0,0,0,0,0,0,0,0,0,0,0,0,0
2026-10-30,2026,10,30,sexta,44,0,0,0,Sem_Evento,0,0,0,0,0,0,0,0,0,0,0,0,0,0,0,0,0,0,0,0,0,0,0,0,0,0,0,0
2026-10-31,2026,10,31,sabado,44,0,0,0,Sem_Evento,0,0,0,0,0,0,0,0,0,0,0,0,0,0,0,0,0,0,0,0,0,0,0,0,0,0,0,0
2026-11-01,2026,11,1,domingo,44,0,1,3,Black_November_Esquenta,0,1,0,0,0,0,0,0,0,0,0,0,0,0,0,0,0,0,0,0,0,0,0,0,0,0,0,0
2026-11-02,2026,11,2,segunda,45,1,1,3,Black_November_Esquenta,0,1,0,0,0,0,0,0,0,0,0,0,0,0,0,1,0,0,0,0,0,0,0,0,0,0,0,0
2026-11-03,2026,11,3,terca,45,0,1,3,Black_November_Esquenta,0,1,0,0,0,0,0,0,0,0,0,0,0,0,0,0,0,0,0,0,0,0,0,0,0,0,0,0
2026-11-04,2026,11,4,quarta,45,0,1,3,Black_November_Esquenta,0,1,0,0,0,0,0,0,0,0,0,0,0,0,0,0,0,0,0,0,0,0,0,0,0,0,0,0
2026-11-05,2026,11,5,quinta,45,0,1,3,Black_November_Esquenta,0,1,0,0,0,0,0,0,0,0,0,0,0,0,0,0,0,0,0,0,0,0,0,0,0,0,0,0
2026-11-06,2026,11,6,sexta,45,0,1,3,Black_November_Esquenta,0,1,0,0,0,0,0,0,0,0,0,0,0,0,0,0,0,0,0,0,0,0,0,0,0,0,0,0
2026-11-07,2026,11,7,sabado,45,0,1,3,Black_November_Esquenta,0,1,0,0,0,0,0,0,0,0,0,0,0,0,0,0,0,0,0,0,0,0,0,0,0,0,0,0
2026-11-08,2026,11,8,domingo,45,0,1,3,Black_November_Esquenta,0,1,0,0,0,0,0,0,0,0,0,0,0,0,0,0,0,0,0,0,0,0,0,0,0,0,0,0
2026-11-09,2026,11,9,segunda,46,0,1,3,Black_November_Esquenta,0,1,0,0,0,0,0,0,0,0,0,0,0,0,0,0,0,0,0,0,0,0,0,0,0,0,0,0
2026-11-10,2026,11,10,terca,46,0,1,3,Black_November_Esquenta,0,1,0,0,0,0,0,0,0,0,0,0,0,0,0,0,0,0,0,0,0,0,0,0,0,0,0,0
2026-11-11,2026,11,11,quarta,46,0,1,3,Black_November_Esquenta,0,1,0,0,0,0,0,0,0,0,0,0,0,0,0,0,0,0,0,0,0,0,0,0,0,0,0,0
2026-11-12,2026,11,12,quinta,46,0,1,3,Black_November_Esquenta,0,1,0,0,0,0,0,0,0,0,0,0,0,0,0,0,0,0,0,0,0,0,0,0,0,0,0,0
2026-11-13,2026,11,13,sexta,46,0,1,3,Black_November_Esquenta,0,1,0,0,0,0,0,0,0,0,0,0,0,0,0,0,0,0,0,0,0,0,0,0,0,0,0,0
2026-11-14,2026,11,14,sabado,46,0,1,3,Black_November_Esquenta,0,1,0,0,0,0,0,0,0,0,0,0,0,0,0,0,0,0,0,0,0,0,0,0,0,0,0,0
2026-11-15,2026,11,15,domingo,46,1,1,3,Black_November_Esquenta,0,1,0,0,0,0,0,0,0,0,0,0,0,0,0,0,0,0,0,0,0,0,0,1,0,0,0,0
2026-11-16,2026,11,16,segunda,47,0,1,3,Black_November_Esquenta,0,1,0,0,0,0,0,0,0,0,0,0,0,0,0,0,0,0,0,0,0,0,0,0,0,0,0,0
2026-11-17,2026,11,17,terca,47,0,1,3,Black_November_Esquenta,0,1,0,0,0,0,0,0,0,0,0,0,0,0,0,0,0,0,0,0,0,0,0,0,0,0,0,0
2026-11-18,2026,11,18,quarta,47,0,1,3,Black_November_Esquenta,0,1,0,0,0,0,0,0,0,0,0,0,0,0,0,0,0,0,0,0,0,0,0,0,0,0,0,0
2026-11-19,2026,11,19,quinta,47,0,1,3,Black_November_Esquenta,0,1,0,0,0,0,0,0,0,0,0,0,0,0,0,0,0,0,0,0,0,0,0,0,0,0,0,0
2026-11-20,2026,11,20,sexta,47,1,1,3,Black_November_Esquenta,0,1,0,0,1,0,0,0,0,0,0,0,0,0,0,0,0,0,0,0,0,0,0,0,0,0,0,0
2026-11-21,2026,11,21,sabado,47,0,1,3,Black_November_Esquenta,0,1,0,0,0,0,0,0,0,0,0,0,0,0,0,0,0,0,0,0,0,0,0,0,0,0,0,0
2026-11-22,2026,11,22,domingo,47,0,1,3,Black_November_Esquenta,0,1,0,0,0,0,0,0,0,0,0,0,0,0,0,0,0,0,0,0,0,0,0,0,0,0,0,0
2026-11-23,2026,11,23,segunda,48,0,1,5,Black_Friday,1,0,0,0,0,0,0,0,0,0,0,0,0,0,0,0,0,0,0,0,0,0,0,0,0,0,0,0
2026-11-24,2026,11,24,terca,48,0,1,5,Black_Friday,1,0,0,0,0,0,0,0,0,0,0,0,0,0,0,0,0,0,0,0,0,0,0,0,0,0,0,0
2026-11-25,2026,11,25,quarta,48,0,1,5,Black_Friday,1,0,0,0,0,0,0,0,0,0,0,0,0,0,0,0,0,0,0,0,0,0,0,0,0,0,0,0
2026-11-26,2026,11,26,quinta,48,0,1,5,Black_Friday,1,0,0,0,0,0,0,0,0,0,0,0,0,0,0,0,0,0,0,0,0,0,0,0,0,0,0,0
2026-11-27,2026,11,27,sexta,48,0,1,5,Black_Friday,1,0,0,0,0,0,0,0,0,0,0,0,0,0,0,0,0,0,0,0,0,0,0,0,0,0,0,0
2026-11-28,2026,11,28,sabado,48,0,1,5,Black_Friday,1,0,0,0,0,0,0,0,0,0,0,0,0,0,0,0,0,0,0,0,0,0,0,0,0,0,0,0
2026-11-29,2026,11,29,domingo,48,0,1,5,Black_Friday,1,0,0,0,0,0,0,0,0,0,0,0,0,0,0,0,0,0,0,0,0,0,0,0,0,0,0,0
2026-11-30,2026,11,30,segunda,49,0,1,5,Black_Friday,1,0,0,0,0,0,0,1,0,0,0,0,0,0,0,0,0,0,0,0,0,0,0,0,0,0,0,0
2026-12-01,2026,12,1,terca,49,0,1,5,Natal,0,0,0,0,0,0,0,0,0,0,0,0,0,0,0,0,0,0,0,1,0,0,0,0,0,0,0,0
2026-12-02,2026,12,2,quarta,49,0,1,5,Natal,0,0,0,0,0,0,0,0,0,0,0,0,0,0,0,0,0,0,0,1,0,0,0,0,0,0,0,0
2026-12-03,2026,12,3,quinta,49,0,1,5,Natal,0,0,0,0,0,0,0,0,0,0,0,0,0,0,0,0,0,0,0,1,0,0,0,0,0,0,0,0
2026-12-04,2026,12,4,sexta,49,0,1,5,Natal,0,0,0,0,0,0,0,0,0,0,0,0,0,0,0,0,0,0,0,1,0,0,0,0,0,0,0,0
2026-12-05,2026,12,5,sabado,49,0,1,5,Natal,0,0,0,0,0,0,0,0,0,0,0,0,0,0,0,0,0,0,0,1,0,0,0,0,0,0,0,0
2026-12-06,2026,12,6,domingo,49,0,1,5,Natal,0,0,0,0,0,0,0,0,0,0,0,0,0,0,0,0,0,0,0,1,0,0,0,0,0,0,0,0
2026-12-07,2026,12,7,segunda,50,0,1,5,Natal,0,0,0,0,0,0,0,0,0,0,0,0,0,0,0,0,0,0,0,1,0,0,0,0,0,0,0,0
2026-12-08,2026,12,8,terca,50,0,1,5,Natal,0,0,0,0,0,0,0,0,0,0,0,0,0,0,0,0,0,0,0,1,0,0,0,0,0,0,0,0
2026-12-09,2026,12,9,quarta,50,0,1,5,Natal,0,0,0,0,0,0,0,0,0,0,0,0,0,0,0,0,0,0,0,1,0,0,0,0,0,0,0,0
2026-12-10,2026,12,10,quinta,50,0,1,5,Natal,0,0,0,0,0,0,0,0,0,0,0,0,0,0,0,0,0,0,0,1,0,0,0,0,0,0,0,0
2026-12-11,2026,12,11,sexta,50,0,1,5,Natal,0,0,0,0,0,0,0,0,0,0,0,0,0,0,0,0,0,0,0,1,0,0,0,0,0,0,0,0
2026-12-12,2026,12,12,sabado,50,0,1,5,Natal,0,0,0,0,0,0,0,0,0,0,0,0,0,0,0,0,0,0,0,1,0,0,0,0,0,0,0,0
2026-12-13,2026,12,13,domingo,50,0,1,5,Natal,0,0,0,0,0,0,0,0,0,0,0,0,0,0,0,0,0,0,0,1,0,0,0,0,0,0,0,0
2026-12-14,2026,12,14,segunda,51,0,1,5,Natal,0,0,0,0,0,0,0,0,0,0,0,0,0,0,0,0,0,0,0,1,0,0,0,0,0,0,0,0
2026-12-15,2026,12,15,terca,51,0,1,5,Natal,0,0,0,0,0,0,0,0,0,0,0,0,0,0,0,0,0,0,0,1,0,0,0,0,0,0,0,0
2026-12-16,2026,12,16,quarta,51,0,1,5,Natal,0,0,0,0,0,0,0,0,0,0,0,0,0,0,0,0,0,0,0,1,0,0,0,0,0,0,0,0
2026-12-17,2026,12,17,quinta,51,0,1,5,Natal,0,0,0,0,0,0,0,0,0,0,0,0,0,0,0,0,0,0,0,1,0,0,0,0,0,0,0,0
2026-12-18,2026,12,18,sexta,51,0,1,5,Natal,0,0,0,0,0,0,0,0,0,0,0,0,0,0,0,0,0,0,0,1,0,0,0,0,0,0,0,0
2026-12-19,2026,12,19,sabado,51,0,1,5,Natal,0,0,0,0,0,0,0,0,0,0,0,0,0,0,0,0,0,0,0,1,0,0,0,0,0,0,0,0
2026-12-20,2026,12,20,domingo,51,0,1,5,Natal,0,0,0,0,0,0,0,0,0,0,0,0,0,0,0,0,0,0,0,1,0,0,0,0,0,0,0,0
2026-12-21,2026,12,21,segunda,52,0,1,5,Natal,0,0,0,0,0,0,0,0,0,0,0,0,0,0,0,0,0,0,0,1,0,0,0,0,0,0,0,0
2026-12-22,2026,12,22,terca,52,0,1,5,Natal,0,0,0,0,0,0,0,0,0,0,0,0,0,0,0,0,0,0,0,1,0,0,0,0,0,0,0,0
2026-12-23,2026,12,23,quarta,52,0,1,5,Natal,0,0,0,0,0,0,0,0,0,0,0,0,0,0,0,0,0,0,0,1,0,0,0,0,0,0,0,0
2026-12-24,2026,12,24,quinta,52,0,1,5,Natal,0,0,0,0,0,0,0,0,0,0,0,0,0,0,0,0,0,0,0,1,0,0,0,0,0,0,0,0
2026-12-25,2026,12,25,sexta,52,1,0,1,Natal_Feriado,0,0,0,0,0,0,0,0,0,0,0,0,0,0,0,0,0,0,0,0,1,0,0,0,0,0,0,0
2026-12-26,2026,12,26,sabado,52,0,1,3,Pos_Natal_Saldao,0,0,0,0,0,0,0,0,0,0,0,0,0,0,0,0,0,0,0,0,0,0,1,0,0,0,0,0
2026-12-27,2026,12,27,domingo,52,0,1,3,Pos_Natal_Saldao,0,0,0,0,0,0,0,0,0,0,0,0,0,0,0,0,0,0,0,0,0,0,1,0,0,0,0,0
2026-12-28,2026,12,28,segunda,53,0,1,3,Pos_Natal_Saldao,0,0,0,0,0,0,0,0,0,0,0,0,0,0,0,0,0,0,0,0,0,0,1,0,0,0,0,0
2026-12-29,2026,12,29,terca,53,0,1,3,Pos_Natal_Saldao,0,0,0,0,0,0,0,0,0,0,0,0,0,0,0,0,0,0,0,0,0,0,1,0,0,0,0,0
2026-12-30,2026,12,30,quarta,53,0,1,3,Pos_Natal_Saldao,0,0,0,0,0,0,0,0,0,0,0,0,0,0,0,0,0,0,0,0,0,0,1,0,0,0,0,0
2026-12-31,2026,12,31,quinta,53,0,1,3,Pos_Natal_Saldao,0,0,0,0,0,0,0,0,0,0,0,0,0,0,0,0,0,0,0,0,0,0,1,0,0,0,0,0
2027-01-01,2027,1,1,sexta,53,1,0,1,Confraternizacao_Universal,0,0,0,1,0,0,0,0,0,0,0,0,0,0,0,0,0,0,0,0,0,0,0,0,0,0,0,0
2027-01-02,2027,1,2,sabado,53,0,1,3,Liquida_Inicio_Ano,0,0,0,0,0,0,0,0,0,0,0,0,0,0,0,0,0,1,0,0,0,0,0,0,0,0,0,0
2027-01-03,2027,1,3,domingo,53,0,1,3,Liquida_Inicio_Ano,0,0,0,0,0,0,0,0,0,0,0,0,0,0,0,0,0,1,0,0,0,0,0,0,0,0,0,0
2027-01-04,2027,1,4,segunda,1,0,1,3,Liquida_Inicio_Ano,0,0,0,0,0,0,0,0,0,0,0,0,0,0,0,0,0,1,0,0,0,0,0,0,0,0,0,0
2027-01-05,2027,1,5,terca,1,0,1,3,Liquida_Inicio_Ano,0,0,0,0,0,0,0,0,0,0,0,0,0,0,0,0,0,1,0,0,0,0,0,0,0,0,0,1
2027-01-06,2027,1,6,quarta,1,0,1,3,Liquida_Inicio_Ano,0,0,0,0,0,0,0,0,0,0,0,0,0,0,0,0,0,1,0,0,0,0,0,0,0,0,0,1
2027-01-07,2027,1,7,quinta,1,0,1,3,Liquida_Inicio_Ano,0,0,0,0,0,0,0,0,0,0,0,0,0,0,0,0,0,1,0,0,0,0,0,0,0,0,0,1
2027-01-08,2027,1,8,sexta,1,0,1,3,Liquida_Inicio_Ano,0,0,0,0,0,0,0,0,0,0,0,0,0,0,0,0,0,1,0,0,0,0,0,0,0,0,0,1
2027-01-09,2027,1,9,sabado,1,0,1,3,Liquida_Inicio_Ano,0,0,0,0,0,0,0,0,0,0,0,0,0,0,0,0,0,1,0,0,0,0,0,0,0,0,0,1
2027-01-10,2027,1,10,domingo,1,0,1,3,Liquida_Inicio_Ano,0,0,0,0,0,0,0,0,0,0,0,0,0,0,0,0,0,1,0,0,0,0,0,0,0,0,0,1
2027-01-11,2027,1,11,segunda,2,0,1,3,Liquida_Inicio_Ano,0,0,0,0,0,0,0,0,0,0,0,0,0,0,0,0,0,1,0,0,0,0,0,0,0,0,0,1
2027-01-12,2027,1,12,terca,2,0,1,3,Liquida_Inicio_Ano,0,0,0,0,0,0,0,0,0,0,0,0,0,0,0,0,0,1,0,0,0,0,0,0,0,0,0,1
2027-01-13,2027,1,13,quarta,2,0,1,3,Liquida_Inicio_Ano,0,0,0,0,0,0,0,0,0,0,0,0,0,0,0,0,0,1,0,0,0,0,0,0,0,0,0,1
2027-01-14,2027,1,14,quinta,2,0,1,3,Liquida_Inicio_Ano,0,0,0,0,0,0,0,0,0,0,0,0,0,0,0,0,0,1,0,0,0,0,0,0,0,0,0,1
2027-01-15,2027,1,15,sexta,2,0,1,3,Liquida_Inicio_Ano,0,0,0,0,0,0,0,0,0,0,0,0,0,0,0,0,0,1,0,0,0,0,0,0,0,0,0,1
2027-01-16,2027,1,16,sabado,2,0,1,3,Liquida_Inicio_Ano,0,0,0,0,0,0,0,0,0,0,0,0,0,0,0,0,0,1,0,0,0,0,0,0,0,0,0,1
2027-01-17,2027,1,17,domingo,2,0,1,3,Liquida_Inicio_Ano,0,0,0,0,0,0,0,0,0,0,0,0,0,0,0,0,0,1,0,0,0,0,0,0,0,0,0,1
2027-01-18,2027,1,18,segunda,3,0,1,3,Volta_as_Aulas,0,0,0,0,0,0,0,0,0,0,0,0,0,0,0,0,0,1,0,0,0,0,0,0,0,0,0,1
2027-01-19,2027,1,19,terca,3,0,1,3,Volta_as_Aulas,0,0,0,0,0,0,0,0,0,0,0,0,0,0,0,0,0,1,0,0,0,0,0,0,0,0,0,1
2027-01-20,2027,1,20,quarta,3,0,1,3,Volta_as_Aulas,0,0,0,0,0,0,0,0,0,0,0,0,0,0,0,0,0,1,0,0,0,0,0,0,0,0,0,1
2027-01-21,2027,1,21,quinta,3,0,1,3,Volta_as_Aulas,0,0,0,0,0,0,0,0,0,0,0,0,0,0,0,0,0,1,0,0,0,0,0,0,0,0,0,1
2027-01-22,2027,1,22,sexta,3,0,1,3,Volta_as_Aulas,0,0,0,0,0,0,0,0,0,0,0,0,0,0,0,0,0,1,0,0,0,0,0,0,0,0,0,1
2027-01-23,2027,1,23,sabado,3,0,1,3,Volta_as_Aulas,0,0,0,0,0,0,0,0,0,0,0,0,0,0,0,0,0,1,0,0,0,0,0,0,0,0,0,1
2027-01-24,2027,1,24,domingo,3,0,1,3,Volta_as_Aulas,0,0,0,0,0,0,0,0,0,0,0,0,0,0,0,0,0,1,0,0,0,0,0,0,0,0,0,1
2027-01-25,2027,1,25,segunda,4,0,1,3,Volta_as_Aulas,0,0,0,0,0,0,0,0,0,0,0,0,0,0,0,0,0,1,0,0,0,0,0,0,0,0,0,1
2027-01-26,2027,1,26,terca,4,0,1,3,Volta_as_Aulas,0,0,0,0,0,0,0,0,0,0,0,0,0,0,0,0,0,1,0,0,0,0,0,0,0,0,0,1
2027-01-27,2027,1,27,quarta,4,0,1,3,Volta_as_Aulas,0,0,0,0,0,0,0,0,0,0,0,0,0,0,0,0,0,1,0,0,0,0,0,0,0,0,0,1
2027-01-28,2027,1,28,quinta,4,0,1,3,Volta_as_Aulas,0,0,0,0,0,0,0,0,0,0,0,0,0,0,0,0,0,1,0,0,0,0,0,0,0,0,0,1
2027-01-29,2027,1,29,sexta,4,0,1,3,Volta_as_Aulas,0,0,0,0,0,0,0,0,0,0,0,0,0,0,0,0,0,1,0,0,0,0,0,0,0,0,0,1
2027-01-30,2027,1,30,sabado,4,0,1,3,Volta_as_Aulas,0,0,0,0,0,0,0,0,0,0,0,0,0,0,0,0,0,1,0,0,0,0,0,0,0,0,0,1
2027-01-31,2027,1,31,domingo,4,0,1,3,Volta_as_Aulas,0,0,0,0,0,0,0,0,0,0,0,0,0,0,0,0,0,1,0,0,0,0,0,0,0,0,0,1
2027-02-01,2027,2,1,segunda,5,0,1,3,Volta_as_Aulas,0,0,0,0,0,0,0,0,0,0,0,0,0,0,0,0,0,0,0,0,0,0,0,0,0,0,0,1
2027-02-02,2027,2,2,terca,5,0,1,3,Volta_as_Aulas,0,0,0,0,0,0,0,0,0,0,0,0,0,0,0,0,0,0,0,0,0,0,0,0,0,0,0,1
2027-02-03,2027,2,3,quarta,5,0,1,3,Volta_as_Aulas,0,0,0,0,0,0,0,0,0,0,0,0,0,0,0,0,0,0,0,0,0,0,0,0,0,0,0,1
2027-02-04,2027,2,4,quinta,5,0,1,3,Volta_as_Aulas,0,0,1,0,0,0,0,0,0,0,0,0,0,0,0,0,0,0,0,0,0,0,0,0,0,0,0,1
2027-02-05,2027,2,5,sexta,5,0,1,3,Volta_as_Aulas,0,0,1,0,0,0,0,0,0,0,0,0,0,0,0,0,0,0,0,0,0,0,0,0,0,0,0,1
2027-02-06,2027,2,6,sabado,5,0,1,3,Volta_as_Aulas,0,0,1,0,0,0,0,0,0,0,0,0,0,0,0,0,0,0,0,0,0,0,0,0,0,0,0,1
2027-02-07,2027,2,7,domingo,5,0,1,3,Volta_as_Aulas,0,0,1,0,0,0,0,0,0,0,0,0,0,0,0,0,0,0,0,0,0,0,0,0,0,0,0,1
2027-02-08,2027,2,8,segunda,6,0,1,3,Volta_as_Aulas,0,0,1,0,0,0,0,0,0,0,0,0,0,0,0,0,0,0,0,0,0,0,0,0,0,0,0,1
2027-02-09,2027,2,9,terca,6,0,1,3,Volta_as_Aulas,0,0,1,0,0,0,0,0,0,0,0,0,0,0,0,0,0,0,0,0,0,0,0,0,0,0,0,1
2027-02-10,2027,2,10,quarta,6,0,1,3,Volta_as_Aulas,0,0,1,0,0,0,0,0,0,0,0,0,0,0,0,0,0,0,0,0,0,0,0,0,0,0,0,1
2027-02-11,2027,2,11,quinta,6,0,1,3,Volta_as_Aulas,0,0,0,0,0,0,0,0,0,0,0,0,0,0,0,0,0,0,0,0,0,0,0,0,0,0,0,1
2027-02-12,2027,2,12,sexta,6,0,1,3,Volta_as_Aulas,0,0,0,0,0,0,0,0,0,0,0,0,0,0,0,0,0,0,0,0,0,0,0,0,0,0,0,1
2027-02-13,2027,2,13,sabado,6,0,1,3,Volta_as_Aulas,0,0,0,0,0,0,0,0,0,0,0,0,0,0,0,0,0,0,0,0,0,0,0,0,0,0,0,1
2027-02-14,2027,2,14,domingo,6,0,1,3,Volta_as_Aulas,0,0,0,0,0,0,0,0,0,0,0,0,0,0,0,0,0,0,0,0,0,0,0,0,0,0,0,1
2027-02-15,2027,2,15,segunda,7,0,1,3,Volta_as_Aulas,0,0,0,0,0,0,0,0,0,0,0,0,0,0,0,0,0,0,0,0,0,0,0,0,0,0,0,1
2027-02-16,2027,2,16,terca,7,0,0,0,Sem_Evento,0,0,0,0,0,0,0,0,0,0,0,0,0,0,0,0,0,0,0,0,0,0,0,0,0,0,0,0
2027-02-17,2027,2,17,quarta,7,0,0,0,Sem_Evento,0,0,0,0,0,0,0,0,0,0,0,0,0,0,0,0,0,0,0,0,0,0,0,0,0,0,0,0
2027-02-18,2027,2,18,quinta,7,0,0,0,Sem_Evento,0,0,0,0,0,0,0,0,0,0,0,0,0,0,0,0,0,0,0,0,0,0,0,0,0,0,0,0
2027-02-19,2027,2,19,sexta,7,0,0,0,Sem_Evento,0,0,0,0,0,0,0,0,0,0,0,0,0,0,0,0,0,0,0,0,0,0,0,0,0,0,0,0
2027-02-20,2027,2,20,sabado,7,0,0,0,Sem_Evento,0,0,0,0,0,0,0,0,0,0,0,0,0,0,0,0,0,0,0,0,0,0,0,0,0,0,0,0
2027-02-21,2027,2,21,domingo,7,0,0,0,Sem_Evento,0,0,0,0,0,0,0,0,0,0,0,0,0,0,0,0,0,0,0,0,0,0,0,0,0,0,0,0
2027-02-22,2027,2,22,segunda,8,0,0,0,Sem_Evento,0,0,0,0,0,0,0,0,0,0,0,0,0,0,0,0,0,0,0,0,0,0,0,0,0,0,0,0
2027-02-23,2027,2,23,terca,8,0,0,0,Sem_Evento,0,0,0,0,0,0,0,0,0,0,0,0,0,0,0,0,0,0,0,0,0,0,0,0,0,0,0,0
2027-02-24,2027,2,24,quarta,8,0,0,0,Sem_Evento,0,0,0,0,0,0,0,0,0,0,0,0,0,0,0,0,0,0,0,0,0,0,0,0,0,0,0,0
2027-02-25,2027,2,25,quinta,8,0,0,0,Sem_Evento,0,0,0,0,0,0,0,0,0,0,0,0,0,0,0,0,0,0,0,0,0,0,0,0,0,0,0,0
2027-02-26,2027,2,26,sexta,8,0,0,0,Sem_Evento,0,0,0,0,0,0,0,0,0,0,0,0,0,0,0,0,0,0,0,0,0,0,0,0,0,0,0,0
2027-02-27,2027,2,27,sabado,8,0,0,0,Sem_Evento,0,0,0,0,0,0,0,0,0,0,0,0,0,0,0,0,0,0,0,0,0,0,0,0,0,0,0,0
2027-02-28,2027,2,28,domingo,8,0,0,0,Sem_Evento,0,0,0,0,0,0,0,0,0,0,0,0,0,0,0,0,0,0,0,0,0,0,0,0,0,0,0,0
2027-03-01,2027,3,1,segunda,9,0,0,0,Sem_Evento,0,0,0,0,0,0,0,0,0,0,0,0,0,0,0,0,0,0,0,0,0,0,0,0,0,0,0,0
2027-03-02,2027,3,2,terca,9,0,0,0,Sem_Evento,0,0,0,0,0,0,0,0,0,0,0,0,0,0,0,0,0,0,0,0,0,0,0,0,0,0,0,0
2027-03-03,2027,3,3,quarta,9,0,0,0,Sem_Evento,0,0,0,0,0,0,0,0,0,0,0,0,0,0,0,0,0,0,0,0,0,0,0,0,0,0,0,0
2027-03-04,2027,3,4,quinta,9,0,0,0,Sem_Evento,0,0,0,0,0,0,0,0,0,0,0,0,0,0,0,0,0,0,0,0,0,0,0,0,0,0,0,0
2027-03-05,2027,3,5,sexta,9,0,0,0,Sem_Evento,0,0,0,0,0,0,0,0,0,0,0,0,0,0,0,0,0,0,0,0,0,0,0,0,0,0,0,0
2027-03-06,2027,3,6,sabado,9,0,0,0,Sem_Evento,0,0,0,0,0,0,0,0,0,0,0,0,0,0,0,0,0,0,0,0,0,0,0,0,0,0,0,0
2027-03-07,2027,3,7,domingo,9,0,0,3,Pascoa,0,0,0,0,0,0,0,0,0,0,0,0,0,0,0,0,0,0,0,0,0,1,0,0,0,0,0,0
2027-03-08,2027,3,8,segunda,10,0,0,3,Pascoa,0,0,0,0,0,0,0,0,0,0,0,0,0,0,0,0,0,0,0,0,0,1,0,0,0,0,0,0
2027-03-09,2027,3,9,terca,10,0,1,4,Semana_do_Consumidor,0,0,0,0,0,0,0,0,0,0,0,0,0,0,0,0,0,0,0,0,0,1,0,0,1,0,0,0
2027-03-10,2027,3,10,quarta,10,0,1,4,Semana_do_Consumidor,0,0,0,0,0,0,0,0,0,0,0,0,0,0,0,0,0,0,0,0,0,1,0,0,1,0,0,0
2027-03-11,2027,3,11,quinta,10,0,1,4,Semana_do_Consumidor,0,0,0,0,0,0,0,0,0,0,0,0,0,0,0,0,0,0,0,0,0,1,0,0,1,0,0,0
2027-03-12,2027,3,12,sexta,10,0,1,4,Semana_do_Consumidor,0,0,0,0,0,0,0,0,0,0,0,0,0,0,0,0,0,0,0,0,0,1,0,0,1,0,0,0
2027-03-13,2027,3,13,sabado,10,0,1,4,Semana_do_Consumidor,0,0,0,0,0,0,0,0,0,0,0,0,0,0,0,0,0,0,0,0,0,1,0,0,1,0,0,0
2027-03-14,2027,3,14,domingo,10,0,1,4,Semana_do_Consumidor,0,0,0,0,0,0,0,0,0,0,0,0,0,0,0,0,0,0,0,0,0,1,0,0,1,0,0,0
2027-03-15,2027,3,15,segunda,11,0,1,4,Semana_do_Consumidor,0,0,0,0,0,0,0,0,0,0,0,0,0,0,0,0,0,0,0,0,0,1,0,0,1,0,0,0
2027-03-16,2027,3,16,terca,11,0,1,4,Semana_do_Consumidor,0,0,0,0,0,0,0,0,0,0,0,0,0,0,0,0,0,0,0,0,0,1,0,0,1,0,0,0
2027-03-17,2027,3,17,quarta,11,0,1,4,Semana_do_Consumidor,0,0,0,0,0,0,0,0,0,0,0,0,0,0,0,0,0,0,0,0,0,1,0,0,1,0,0,0
2027-03-18,2027,3,18,quinta,11,0,1,4,Semana_do_Consumidor,0,0,0,0,0,0,0,0,0,0,0,0,0,0,0,0,0,0,0,0,0,1,0,0,1,0,0,0
2027-03-19,2027,3,19,sexta,11,0,1,4,Semana_do_Consumidor,0,0,0,0,0,0,0,0,0,0,0,0,0,0,0,0,0,0,0,0,0,1,0,0,1,0,0,0
2027-03-20,2027,3,20,sabado,11,0,1,4,Semana_do_Consumidor,0,0,0,0,0,0,0,0,0,0,0,0,0,0,0,0,0,0,0,0,0,1,0,0,1,0,0,0
2027-03-21,2027,3,21,domingo,11,0,1,4,Semana_do_Consumidor,0,0,0,0,0,0,0,0,0,0,0,0,0,0,0,0,0,0,0,0,0,1,0,0,1,0,0,0
2027-03-22,2027,3,22,segunda,12,0,1,4,Semana_do_Consumidor,0,0,0,0,0,0,0,0,0,0,0,0,0,0,0,0,0,0,0,0,0,1,0,0,1,0,0,0
2027-03-23,2027,3,23,terca,12,0,0,3,Pascoa,0,0,0,0,0,0,0,0,0,0,0,0,0,0,0,0,0,0,0,0,0,1,0,0,0,0,0,0
2027-03-24,2027,3,24,quarta,12,0,0,3,Pascoa,0,0,0,0,0,0,0,0,0,0,0,0,0,0,0,0,0,0,0,0,0,1,0,0,0,0,0,0
2027-03-25,2027,3,25,quinta,12,0,0,3,Pascoa,0,0,0,0,0,0,0,0,0,0,0,0,0,0,0,0,0,0,0,0,0,1,0,0,0,0,0,0
2027-03-26,2027,3,26,sexta,12,1,0,3,Pascoa,0,0,0,0,0,0,0,0,0,0,0,0,0,0,0,0,0,0,0,0,0,1,0,0,0,1,0,0
2027-03-27,2027,3,27,sabado,12,0,0,3,Pascoa,0,0,0,0,0,0,0,0,0,0,0,0,0,0,0,0,0,0,0,0,0,1,0,0,0,0,0,0
2027-03-28,2027,3,28,domingo,12,0,0,3,Pascoa,0,0,0,0,0,0,0,0,0,0,0,0,0,0,0,0,0,0,0,0,0,1,0,0,0,0,0,0
2027-03-29,2027,3,29,segunda,13,0,0,0,Sem_Evento,0,0,0,0,0,0,0,0,0,0,0,0,0,0,0,0,0,0,0,0,0,0,0,0,0,0,0,0
2027-03-30,2027,3,30,terca,13,0,0,0,Sem_Evento,0,0,0,0,0,0,0,0,0,0,0,0,0,0,0,0,0,0,0,0,0,0,0,0,0,0,0,0
2027-03-31,2027,3,31,quarta,13,0,0,0,Sem_Evento,0,0,0,0,0,0,0,0,0,0,0,0,0,0,0,0,0,0,0,0,0,0,0,0,0,0,0,0
2027-04-01,2027,4,1,quinta,13,0,0,0,Sem_Evento,0,0,0,0,0,0,0,0,0,0,0,0,0,0,0,0,0,0,0,0,0,0,0,0,0,0,0,0
2027-04-02,2027,4,2,sexta,13,0,0,0,Sem_Evento,0,0,0,0,0,0,0,0,0,0,0,0,0,0,0,0,0,0,0,0,0,0,0,0,0,0,0,0
2027-04-03,2027,4,3,sabado,13,0,0,0,Sem_Evento,0,0,0,0,0,0,0,0,0,0,0,0,0,0,0,0,0,0,0,0,0,0,0,0,0,0,0,0
2027-04-04,2027,4,4,domingo,13,0,0,0,Sem_Evento,0,0,0,0,0,0,0,0,0,0,0,0,0,0,0,0,0,0,0,0,0,0,0,0,0,0,0,0
2027-04-05,2027,4,5,segunda,14,0,0,0,Sem_Evento,0,0,0,0,0,0,0,0,0,0,0,0,0,0,0,0,0,0,0,0,0,0,0,0,0,0,0,0
2027-04-06,2027,4,6,terca,14,0,0,0,Sem_Evento,0,0,0,0,0,0,0,0,0,0,0,0,0,0,0,0,0,0,0,0,0,0,0,0,0,0,0,0
2027-04-07,2027,4,7,quarta,14,0,0,0,Sem_Evento,0,0,0,0,0,0,0,0,0,0,0,0,0,0,0,0,0,0,0,0,0,0,0,0,0,0,0,0
2027-04-08,2027,4,8,quinta,14,0,0,0,Sem_Evento,0,0,0,0,0,0,0,0,0,0,0,0,0,0,0,0,0,0,0,0,0,0,0,0,0,0,0,0
2027-04-09,2027,4,9,sexta,14,0,0,0,Sem_Evento,0,0,0,0,0,0,0,0,0,0,0,0,0,0,0,0,0,0,0,0,0,0,0,0,0,0,0,0
2027-04-10,2027,4,10,sabado,14,0,0,0,Sem_Evento,0,0,0,0,0,0,0,0,0,0,0,0,0,0,0,0,0,0,0,0,0,0,0,0,0,0,0,0
2027-04-11,2027,4,11,domingo,14,0,0,0,Sem_Evento,0,0,0,0,0,0,0,0,0,0,0,0,0,0,0,0,0,0,0,0,0,0,0,0,0,0,0,0
2027-04-12,2027,4,12,segunda,15,0,0,0,Sem_Evento,0,0,0,0,0,0,0,0,0,0,0,0,0,0,0,0,0,0,0,0,0,0,0,0,0,0,0,0
2027-04-13,2027,4,13,terca,15,0,0,0,Sem_Evento,0,0,0,0,0,0,0,0,0,0,0,0,0,0,0,0,0,0,0,0,0,0,0,0,0,0,0,0
2027-04-14,2027,4,14,quarta,15,0,0,0,Sem_Evento,0,0,0,0,0,0,0,0,0,0,0,0,0,0,0,0,0,0,0,0,0,0,0,0,0,0,0,0
2027-04-15,2027,4,15,quinta,15,0,0,0,Sem_Evento,0,0,0,0,0,0,0,0,0,0,0,0,0,0,0,0,0,0,0,0,0,0,0,0,0,0,0,0
2027-04-16,2027,4,16,sexta,15,0,0,0,Sem_Evento,0,0,0,0,0,0,0,0,0,0,0,0,0,0,0,0,0,0,0,0,0,0,0,0,0,0,0,0
2027-04-17,2027,4,17,sabado,15,0,0,0,Sem_Evento,0,0,0,0,0,0,0,0,0,0,0,0,0,0,0,0,0,0,0,0,0,0,0,0,0,0,0,0
2027-04-18,2027,4,18,domingo,15,0,0,0,Sem_Evento,0,0,0,0,0,0,0,0,0,0,0,0,0,0,0,0,0,0,0,0,0,0,0,0,0,0,0,0
2027-04-19,2027,4,19,segunda,16,0,0,0,Sem_Evento,0,0,0,0,0,0,0,0,0,0,0,0,0,0,0,0,0,0,0,0,0,0,0,0,0,0,0,0
2027-04-20,2027,4,20,terca,16,0,0,0,Sem_Evento,0,0,0,0,0,0,0,0,0,0,0,0,0,0,0,0,0,0,0,0,0,0,0,0,0,0,0,0
2027-04-21,2027,4,21,quarta,16,1,0,1,Tiradentes,0,0,0,0,0,0,0,0,0,0,0,0,0,0,0,0,0,0,0,0,0,0,0,0,0,0,1,0
2027-04-22,2027,4,22,quinta,16,0,1,5,Dia_das_Maes,0,0,0,0,0,0,0,0,0,1,0,0,0,0,0,0,0,0,0,0,0,0,0,0,0,0,0,0
2027-04-23,2027,4,23,sexta,16,0,1,5,Dia_das_Maes,0,0,0,0,0,0,0,0,0,1,0,0,0,0,0,0,0,0,0,0,0,0,0,0,0,0,0,0
2027-04-24,2027,4,24,sabado,16,0,1,5,Dia_das_Maes,0,0,0,0,0,0,0,0,0,1,0,0,0,0,0,0,0,0,0,0,0,0,0,0,0,0,0,0
2027-04-25,2027,4,25,domingo,16,0,1,5,Dia_das_Maes,0,0,0,0,0,0,0,0,0,1,0,0,0,0,0,0,0,0,0,0,0,0,0,0,0,0,0,0
2027-04-26,2027,4,26,segunda,17,0,1,5,Dia_das_Maes,0,0,0,0,0,0,0,0,0,1,0,0,0,0,0,0,0,0,0,0,0,0,0,0,0,0,0,0
2027-04-27,2027,4,27,terca,17,0,1,5,Dia_das_Maes,0,0,0,0,0,0,0,0,0,1,0,0,0,0,0,0,0,0,0,0,0,0,0,0,0,0,0,0
2027-04-28,2027,4,28,quarta,17,0,1,5,Dia_das_Maes,0,0,0,0,0,0,0,0,0,1,0,0,0,0,0,0,0,0,0,0,0,0,0,0,0,0,0,0
2027-04-29,2027,4,29,quinta,17,0,1,5,Dia_das_Maes,0,0,0,0,0,0,0,0,0,1,0,0,0,0,0,0,0,0,0,0,0,0,0,0,0,0,0,0
2027-04-30,2027,4,30,sexta,17,0,1,5,Dia_das_Maes,0,0,0,0,0,0,0,0,0,1,0,0,0,0,0,0,0,0,0,0,0,0,0,0,0,0,0,0
2027-05-01,2027,5,1,sabado,17,1,1,5,Dia_das_Maes,0,0,0,0,0,0,0,0,0,1,0,1,0,0,0,0,0,0,0,0,0,0,0,0,0,0,0,0
2027-05-02,2027,5,2,domingo,17,0,1,5,Dia_das_Maes,0,0,0,0,0,0,0,0,0,1,0,0,0,0,0,0,0,0,0,0,0,0,0,0,0,0,0,0
2027-05-03,2027,5,3,segunda,18,0,1,5,Dia_das_Maes,0,0,0,0,0,0,0,0,0,1,0,0,0,0,0,0,0,0,0,0,0,0,0,0,0,0,0,0
2027-05-04,2027,5,4,terca,18,0,1,5,Dia_das_Maes,0,0,0,0,0,0,0,0,0,1,0,0,0,0,0,0,0,0,0,0,0,0,0,0,0,0,0,0
2027-05-05,2027,5,5,quarta,18,0,1,5,Dia_das_Maes,0,0,0,0,0,0,0,0,0,1,0,0,0,0,0,0,0,0,0,0,0,0,0,0,0,0,0,0
2027-05-06,2027,5,6,quinta,18,0,1,5,Dia_das_Maes,0,0,0,0,0,0,0,0,0,1,0,0,0,0,0,0,0,0,0,0,0,0,0,0,0,0,0,0
2027-05-07,2027,5,7,sexta,18,0,1,5,Dia_das_Maes,0,0,0,0,0,0,0,0,0,1,0,0,0,0,0,0,0,0,0,0,0,0,0,0,0,0,0,0
2027-05-08,2027,5,8,sabado,18,0,1,5,Dia_das_Maes,0,0,0,0,0,0,0,0,0,1,0,0,0,0,0,0,0,0,0,0,0,0,0,0,0,0,0,0
2027-05-09,2027,5,9,domingo,18,0,1,5,Dia_das_Maes,0,0,0,0,0,0,0,0,0,1,0,0,0,0,0,0,0,0,0,0,0,0,0,0,0,0,0,0
2027-05-10,2027,5,10,segunda,19,0,0,0,Sem_Evento,0,0,0,0,0,0,0,0,0,0,0,0,0,0,0,0,0,0,0,0,0,0,0,0,0,0,0,0
2027-05-11,2027,5,11,terca,19,0,0,0,Sem_Evento,0,0,0,0,0,0,0,0,0,0,0,0,0,0,0,0,0,0,0,0,0,0,0,0,0,0,0,0
2027-05-12,2027,5,12,quarta,19,0,0,0,Sem_Evento,0,0,0,0,0,0,0,0,0,0,0,0,0,0,0,0,0,0,0,0,0,0,0,0,0,0,0,0
2027-05-13,2027,5,13,quinta,19,0,0,0,Sem_Evento,0,0,0,0,0,0,0,0,0,0,0,0,0,0,0,0,0,0,0,0,0,0,0,0,0,0,0,0
2027-05-14,2027,5,14,sexta,19,0,0,0,Sem_Evento,0,0,0,0,0,0,0,0,0,0,0,0,0,0,0,0,0,0,0,0,0,0,0,0,0,0,0,0
2027-05-15,2027,5,15,sabado,19,0,0,0,Sem_Evento,0,0,0,0,0,0,0,0,0,0,0,0,0,0,0,0,0,0,0,0,0,0,0,0,0,0,0,0
2027-05-16,2027,5,16,domingo,19,0,0,0,Sem_Evento,0,0,0,0,0,0,0,0,0,0,0,0,0,0,0,0,0,0,0,0,0,0,0,0,0,0,0,0
2027-05-17,2027,5,17,segunda,20,0,0,0,Sem_Evento,0,0,0,0,0,0,0,0,0,0,0,0,0,0,0,0,0,0,0,0,0,0,0,0,0,0,0,0
2027-05-18,2027,5,18,terca,20,0,0,0,Sem_Evento,0,0,0,0,0,0,0,0,0,0,0,0,0,0,0,0,0,0,0,0,0,0,0,0,0,0,0,0
2027-05-19,2027,5,19,quarta,20,0,0,0,Sem_Evento,0,0,0,0,0,0,0,0,0,0,0,0,0,0,0,0,0,0,0,0,0,0,0,0,0,0,0,0
2027-05-20,2027,5,20,quinta,20,0,0,0,Sem_Evento,0,0,0,0,0,0,0,0,0,0,0,0,0,0,0,0,0,0,0,0,0,0,0,0,0,0,0,0
2027-05-21,2027,5,21,sexta,20,0,0,0,Sem_Evento,0,0,0,0,0,0,0,0,0,0,0,0,0,0,0,0,0,0,0,0,0,0,0,0,0,0,0,0
2027-05-22,2027,5,22,sabado,20,0,0,0,Sem_Evento,0,0,0,0,0,0,0,0,0,0,0,0,0,0,0,0,0,0,0,0,0,0,0,0,0,0,0,0
2027-05-23,2027,5,23,domingo,20,0,0,0,Sem_Evento,0,0,0,0,0,0,0,0,0,0,0,0,0,0,0,0,0,0,0,0,0,0,0,0,0,0,0,0
2027-05-24,2027,5,24,segunda,21,0,0,0,Sem_Evento,0,0,0,0,0,0,0,0,0,0,0,0,0,0,0,0,0,0,0,0,0,0,0,0,0,0,0,0
2027-05-25,2027,5,25,terca,21,0,0,0,Sem_Evento,0,0,0,0,0,0,0,0,0,0,0,0,0,0,0,0,0,0,0,0,0,0,0,0,0,0,0,0
2027-05-26,2027,5,26,quarta,21,0,0,0,Sem_Evento,0,0,0,0,0,0,0,0,0,0,0,0,0,0,0,0,0,0,0,0,0,0,0,0,0,0,0,0
2027-05-27,2027,5,27,quinta,21,1,0,1,Corpus_Christi,0,0,0,0,0,0,1,0,0,0,0,0,0,0,0,0,0,0,0,0,0,0,0,0,0,0,0,0
2027-05-28,2027,5,28,sexta,21,0,0,0,Sem_Evento,0,0,0,0,0,0,0,0,0,0,0,0,0,0,0,0,0,0,0,0,0,0,0,0,0,0,0,0
2027-05-29,2027,5,29,sabado,21,0,0,0,Sem_Evento,0,0,0,0,0,0,0,0,0,0,0,0,0,0,0,0,0,0,0,0,0,0,0,0,0,0,0,0
2027-05-30,2027,5,30,domingo,21,0,0,0,Sem_Evento,0,0,0,0,0,0,0,0,0,0,0,0,0,0,0,0,0,0,0,0,0,0,0,0,0,0,0,0
2027-05-31,2027,5,31,segunda,22,0,0,0,Sem_Evento,0,0,0,0,0,0,0,0,0,0,0,0,0,0,0,0,0,0,0,0,0,0,0,0,0,0,0,0
2027-06-01,2027,6,1,terca,22,0,1,4,Dia_dos_Namorados,0,0,0,0,0,0,0,0,0,0,0,0,1,0,1,0,0,0,0,0,0,0,0,0,0,0,0,0
2027-06-02,2027,6,2,quarta,22,0,1,4,Dia_dos_Namorados,0,0,0,0,0,0,0,0,0,0,0,0,1,0,1,0,0,0,0,0,0,0,0,0,0,0,0,0
2027-06-03,2027,6,3,quinta,22,0,1,4,Dia_dos_Namorados,0,0,0,0,0,0,0,0,0,0,0,0,1,0,1,0,0,0,0,0,0,0,0,0,0,0,0,0
2027-06-04,2027,6,4,sexta,22,0,1,4,Dia_dos_Namorados,0,0,0,0,0,0,0,0,0,0,0,0,1,0,1,0,0,0,0,0,0,0,0,0,0,0,0,0
2027-06-05,2027,6,5,sabado,22,0,1,4,Dia_dos_Namorados,0,0,0,0,0,0,0,0,0,0,0,0,1,0,1,0,0,0,0,0,0,0,0,0,0,0,0,0
2027-06-06,2027,6,6,domingo,22,0,1,4,Dia_dos_Namorados,0,0,0,0,0,0,0,0,0,0,0,0,1,0,1,0,0,0,0,0,0,0,0,0,0,0,0,0
2027-06-07,2027,6,7,segunda,23,0,1,4,Dia_dos_Namorados,0,0,0,0,0,0,0,0,0,0,0,0,1,0,1,0,0,0,0,0,0,0,0,0,0,0,0,0
2027-06-08,2027,6,8,terca,23,0,1,4,Dia_dos_Namorados,0,0,0,0,0,0,0,0,0,0,0,0,1,0,1,0,0,0,0,0,0,0,0,0,0,0,0,0
2027-06-09,2027,6,9,quarta,23,0,1,4,Dia_dos_Namorados,0,0,0,0,0,0,0,0,0,0,0,0,1,0,1,0,0,0,0,0,0,0,0,0,0,0,0,0
2027-06-10,2027,6,10,quinta,23,0,1,4,Dia_dos_Namorados,0,0,0,0,0,0,0,0,0,0,0,0,1,0,1,0,0,0,0,0,0,0,0,0,0,0,0,0
2027-06-11,2027,6,11,sexta,23,0,1,4,Dia_dos_Namorados,0,0,0,0,0,0,0,0,0,0,0,0,1,0,1,0,0,0,0,0,0,0,0,0,0,0,0,0
2027-06-12,2027,6,12,sabado,23,0,1,4,Dia_dos_Namorados,0,0,0,0,0,0,0,0,0,0,0,0,1,0,1,0,0,0,0,0,0,0,0,0,0,0,0,0
2027-06-13,2027,6,13,domingo,23,0,1,2,Festas_Juninas,0,0,0,0,0,0,0,0,0,0,0,0,0,0,1,0,0,0,0,0,0,0,0,0,0,0,0,0
2027-06-14,2027,6,14,segunda,24,0,1,2,Festas_Juninas,0,0,0,0,0,0,0,0,0,0,0,0,0,0,1,0,0,0,0,0,0,0,0,0,0,0,0,0
2027-06-15,2027,6,15,terca,24,0,1,2,Festas_Juninas,0,0,0,0,0,0,0,0,0,0,0,0,0,0,1,0,0,0,0,0,0,0,0,0,0,0,0,0
2027-06-16,2027,6,16,quarta,24,0,1,2,Festas_Juninas,0,0,0,0,0,0,0,0,0,0,0,0,0,0,1,0,0,0,0,0,0,0,0,0,0,0,0,0
2027-06-17,2027,6,17,quinta,24,0,1,2,Festas_Juninas,0,0,0,0,0,0,0,0,0,0,0,0,0,0,1,0,0,0,0,0,0,0,0,0,0,0,0,0
2027-06-18,2027,6,18,sexta,24,0,1,2,Festas_Juninas,0,0,0,0,0,0,0,0,0,0,0,0,0,0,1,0,0,0,0,0,0,0,0,0,0,0,0,0
2027-06-19,2027,6,19,sabado,24,0,1,2,Festas_Juninas,0,0,0,0,0,0,0,0,0,0,0,0,0,0,1,0,0,0,0,0,0,0,0,0,0,0,0,0
2027-06-20,2027,6,20,domingo,24,0,1,2,Festas_Juninas,0,0,0,0,0,0,0,0,0,0,0,0,0,0,1,0,0,0,0,0,0,0,0,0,0,0,0,0
2027-06-21,2027,6,21,segunda,25,0,1,2,Festas_Juninas,0,0,0,0,0,0,0,0,0,0,0,0,0,0,1,0,0,0,0,0,0,0,0,0,0,0,0,0
2027-06-22,2027,6,22,terca,25,0,1,2,Festas_Juninas,0,0,0,0,0,0,0,0,0,0,0,0,0,0,1,0,0,0,0,0,0,0,0,0,0,0,0,0
2027-06-23,2027,6,23,quarta,25,0,1,2,Festas_Juninas,0,0,0,0,0,0,0,0,0,0,0,0,0,0,1,0,0,0,0,0,0,0,0,0,0,0,0,0
2027-06-24,2027,6,24,quinta,25,0,1,2,Festas_Juninas,0,0,0,0,0,0,0,0,0,0,0,0,0,0,1,0,0,0,0,0,0,0,0,0,0,0,0,0
2027-06-25,2027,6,25,sexta,25,0,1,2,Festas_Juninas,0,0,0,0,0,0,0,0,0,0,0,0,0,0,1,0,0,0,0,0,0,0,0,0,0,0,0,0
2027-06-26,2027,6,26,sabado,25,0,1,2,Festas_Juninas,0,0,0,0,0,0,0,0,0,0,0,0,0,0,1,0,0,0,0,0,0,0,0,0,0,0,0,0
2027-06-27,2027,6,27,domingo,25,0,1,2,Festas_Juninas,0,0,0,0,0,0,0,0,0,0,0,0,0,0,1,0,0,0,0,0,0,0,0,0,0,0,0,0
2027-06-28,2027,6,28,segunda,26,0,1,2,Festas_Juninas,0,0,0,0,0,0,0,0,0,0,0,0,0,0,1,0,0,0,0,0,0,0,0,0,0,0,0,0
2027-06-29,2027,6,29,terca,26,0,1,2,Festas_Juninas,0,0,0,0,0,0,0,0,0,0,0,0,0,0,1,0,0,0,0,0,0,0,0,0,0,0,0,0
2027-06-30,2027,6,30,quarta,26,0,1,2,Festas_Juninas,0,0,0,0,0,0,0,0,0,0,0,0,0,0,1,0,0,0,0,0,0,0,0,0,0,0,0,0
2027-07-01,2027,7,1,quinta,26,0,0,0,Sem_Evento,0,0,0,0,0,0,0,0,0,0,0,0,0,0,0,0,0,0,0,0,0,0,0,0,0,0,0,0
2027-07-02,2027,7,2,sexta,26,0,0,0,Sem_Evento,0,0,0,0,0,0,0,0,0,0,0,0,0,0,0,0,0,0,0,0,0,0,0,0,0,0,0,0
2027-07-03,2027,7,3,sabado,26,0,0,0,Sem_Evento,0,0,0,0,0,0,0,0,0,0,0,0,0,0,0,0,0,0,0,0,0,0,0,0,0,0,0,0
2027-07-04,2027,7,4,domingo,26,0,0,0,Sem_Evento,0,0,0,0,0,0,0,0,0,0,0,0,0,0,0,0,0,0,0,0,0,0,0,0,0,0,0,0
2027-07-05,2027,7,5,segunda,27,0,0,0,Sem_Evento,0,0,0,0,0,0,0,0,0,0,0,0,0,0,0,0,0,0,0,0,0,0,0,0,0,0,0,0
2027-07-06,2027,7,6,terca,27,0,0,0,Sem_Evento,0,0,0,0,0,0,0,0,0,0,0,0,0,0,0,0,0,0,0,0,0,0,0,0,0,0,0,0
2027-07-07,2027,7,7,quarta,27,0,0,0,Sem_Evento,0,0,0,0,0,0,0,0,0,0,0,0,0,0,0,0,0,0,0,0,0,0,0,0,0,0,0,0
2027-07-08,2027,7,8,quinta,27,0,0,0,Sem_Evento,0,0,0,0,0,0,0,0,0,0,0,0,0,0,0,0,0,0,0,0,0,0,0,0,0,0,0,0
2027-07-09,2027,7,9,sexta,27,0,0,0,Sem_Evento,0,0,0,0,0,0,0,0,0,0,0,0,0,0,0,0,0,0,0,0,0,0,0,0,0,0,0,0
2027-07-10,2027,7,10,sabado,27,0,0,0,Sem_Evento,0,0,0,0,0,0,0,0,0,0,0,0,0,0,0,0,0,0,0,0,0,0,0,0,0,0,0,0
2027-07-11,2027,7,11,domingo,27,0,0,0,Sem_Evento,0,0,0,0,0,0,0,0,0,0,0,0,0,0,0,0,0,0,0,0,0,0,0,0,0,0,0,0
2027-07-12,2027,7,12,segunda,28,0,0,0,Sem_Evento,0,0,0,0,0,0,0,0,0,0,0,0,0,0,0,0,0,0,0,0,0,0,0,0,0,0,0,0
2027-07-13,2027,7,13,terca,28,0,0,0,Sem_Evento,0,0,0,0,0,0,0,0,0,0,0,0,0,0,0,0,0,0,0,0,0,0,0,0,0,0,0,0
2027-07-14,2027,7,14,quarta,28,0,0,0,Sem_Evento,0,0,0,0,0,0,0,0,0,0,0,0,0,0,0,0,0,0,0,0,0,0,0,0,0,0,0,0
2027-07-15,2027,7,15,quinta,28,0,0,0,Sem_Evento,0,0,0,0,0,0,0,0,0,0,0,0,0,0,0,0,0,0,0,0,0,0,0,0,0,0,0,0
2027-07-16,2027,7,16,sexta,28,0,0,0,Sem_Evento,0,0,0,0,0,0,0,0,0,0,0,0,0,0,0,0,0,0,0,0,0,0,0,0,0,0,0,0
2027-07-17,2027,7,17,sabado,28,0,0,0,Sem_Evento,0,0,0,0,0,0,0,0,0,0,0,0,0,0,0,0,0,0,0,0,0,0,0,0,0,0,0,0
2027-07-18,2027,7,18,domingo,28,0,0,0,Sem_Evento,0,0,0,0,0,0,0,0,0,0,0,0,0,0,0,0,0,0,0,0,0,0,0,0,0,0,0,0
2027-07-19,2027,7,19,segunda,29,0,0,0,Sem_Evento,0,0,0,0,0,0,0,0,0,0,0,0,0,0,0,0,0,0,0,0,0,0,0,0,0,0,0,0
2027-07-20,2027,7,20,terca,29,0,0,0,Sem_Evento,0,0,0,0,0,0,0,0,0,0,0,0,0,0,0,0,0,0,0,0,0,0,0,0,0,0,0,0
2027-07-21,2027,7,21,quarta,29,0,0,0,Sem_Evento,0,0,0,0,0,0,0,0,0,0,0,0,0,0,0,0,0,0,0,0,0,0,0,0,0,0,0,0
2027-07-22,2027,7,22,quinta,29,0,1,4,Dia_dos_Pais,0,0,0,0,0,0,0,0,0,0,0,0,0,1,0,0,0,0,0,0,0,0,0,0,0,0,0,0
2027-07-23,2027,7,23,sexta,29,0,1,4,Dia_dos_Pais,0,0,0,0,0,0,0,0,0,0,0,0,0,1,0,0,0,0,0,0,0,0,0,0,0,0,0,0
2027-07-24,2027,7,24,sabado,29,0,1,4,Dia_dos_Pais,0,0,0,0,0,0,0,0,0,0,0,0,0,1,0,0,0,0,0,0,0,0,0,0,0,0,0,0
2027-07-25,2027,7,25,domingo,29,0,1,4,Dia_dos_Pais,0,0,0,0,0,0,0,0,0,0,0,0,0,1,0,0,0,0,0,0,0,0,0,0,0,0,0,0
2027-07-26,2027,7,26,segunda,30,0,1,4,Dia_dos_Pais,0,0,0,0,0,0,0,0,0,0,0,0,0,1,0,0,0,0,0,0,0,0,0,0,0,0,0,0
2027-07-27,2027,7,27,terca,30,0,1,4,Dia_dos_Pais,0,0,0,0,0,0,0,0,0,0,0,0,0,1,0,0,0,0,0,0,0,0,0,0,0,0,0,0
2027-07-28,2027,7,28,quarta,30,0,1,4,Dia_dos_Pais,0,0,0,0,0,0,0,0,0,0,0,0,0,1,0,0,0,0,0,0,0,0,0,0,0,0,0,0
2027-07-29,2027,7,29,quinta,30,0,1,4,Dia_dos_Pais,0,0,0,0,0,0,0,0,0,0,0,0,0,1,0,0,0,0,0,0,0,0,0,0,0,0,0,0
2027-07-30,2027,7,30,sexta,30,0,1,4,Dia_dos_Pais,0,0,0,0,0,0,0,0,0,0,0,0,0,1,0,0,0,0,0,0,0,0,0,0,0,0,0,0
2027-07-31,2027,7,31,sabado,30,0,1,4,Dia_dos_Pais,0,0,0,0,0,0,0,0,0,0,0,0,0,1,0,0,0,0,0,0,0,0,0,0,0,0,0,0
2027-08-01,2027,8,1,domingo,30,0,1,4,Dia_dos_Pais,0,0,0,0,0,0,0,0,0,0,0,0,0,1,0,0,0,0,0,0,0,0,0,0,0,0,0,0
2027-08-02,2027,8,2,segunda,31,0,1,4,Dia_dos_Pais,0,0,0,0,0,0,0,0,0,0,0,0,0,1,0,0,0,0,0,0,0,0,0,0,0,0,0,0
2027-08-03,2027,8,3,terca,31,0,1,4,Dia_dos_Pais,0,0,0,0,0,0,0,0,0,0,0,0,0,1,0,0,0,0,0,0,0,0,0,0,0,0,0,0
2027-08-04,2027,8,4,quarta,31,0,1,4,Dia_dos_Pais,0,0,0,0,0,0,0,0,0,0,0,0,0,1,0,0,0,0,0,0,0,0,0,0,0,0,0,0
2027-08-05,2027,8,5,quinta,31,0,1,4,Dia_dos_Pais,0,0,0,0,0,0,0,0,0,0,0,0,0,1,0,0,0,0,0,0,0,0,0,0,0,0,0,0
2027-08-06,2027,8,6,sexta,31,0,1,4,Dia_dos_Pais,0,0,0,0,0,0,0,0,0,0,0,0,0,1,0,0,0,0,0,0,0,0,0,0,0,0,0,0
2027-08-07,2027,8,7,sabado,31,0,1,4,Dia_dos_Pais,0,0,0,0,0,0,0,0,0,0,0,0,0,1,0,0,0,0,0,0,0,0,0,0,0,0,0,0
2027-08-08,2027,8,8,domingo,31,0,1,4,Dia_dos_Pais,0,0,0,0,0,0,0,0,0,0,0,0,0,1,0,0,0,0,0,0,0,0,0,0,0,0,0,0
2027-08-09,2027,8,9,segunda,32,0,0,0,Sem_Evento,0,0,0,0,0,0,0,0,0,0,0,0,0,0,0,0,0,0,0,0,0,0,0,0,0,0,0,0
2027-08-10,2027,8,10,terca,32,0,0,0,Sem_Evento,0,0,0,0,0,0,0,0,0,0,0,0,0,0,0,0,0,0,0,0,0,0,0,0,0,0,0,0
2027-08-11,2027,8,11,quarta,32,0,0,0,Sem_Evento,0,0,0,0,0,0,0,0,0,0,0,0,0,0,0,0,0,0,0,0,0,0,0,0,0,0,0,0
2027-08-12,2027,8,12,quinta,32,0,0,0,Sem_Evento,0,0,0,0,0,0,0,0,0,0,0,0,0,0,0,0,0,0,0,0,0,0,0,0,0,0,0,0
2027-08-13,2027,8,13,sexta,32,0,0,0,Sem_Evento,0,0,0,0,0,0,0,0,0,0,0,0,0,0,0,0,0,0,0,0,0,0,0,0,0,0,0,0
2027-08-14,2027,8,14,sabado,32,0,0,0,Sem_Evento,0,0,0,0,0,0,0,0,0,0,0,0,0,0,0,0,0,0,0,0,0,0,0,0,0,0,0,0
2027-08-15,2027,8,15,domingo,32,0,0,0,Sem_Evento,0,0,0,0,0,0,0,0,0,0,0,0,0,0,0,0,0,0,0,0,0,0,0,0,0,0,0,0
2027-08-16,2027,8,16,segunda,33,0,0,0,Sem_Evento,0,0,0,0,0,0,0,0,0,0,0,0,0,0,0,0,0,0,0,0,0,0,0,0,0,0,0,0
2027-08-17,2027,8,17,terca,33,0,0,0,Sem_Evento,0,0,0,0,0,0,0,0,0,0,0,0,0,0,0,0,0,0,0,0,0,0,0,0,0,0,0,0
2027-08-18,2027,8,18,quarta,33,0,0,0,Sem_Evento,0,0,0,0,0,0,0,0,0,0,0,0,0,0,0,0,0,0,0,0,0,0,0,0,0,0,0,0
2027-08-19,2027,8,19,quinta,33,0,0,0,Sem_Evento,0,0,0,0,0,0,0,0,0,0,0,0,0,0,0,0,0,0,0,0,0,0,0,0,0,0,0,0
2027-08-20,2027,8,20,sexta,33,0,0,0,Sem_Evento,0,0,0,0,0,0,0,0,0,0,0,0,0,0,0,0,0,0,0,0,0,0,0,0,0,0,0,0
2027-08-21,2027,8,21,sabado,33,0,0,0,Sem_Evento,0,0,0,0,0,0,0,0,0,0,0,0,0,0,0,0,0,0,0,0,0,0,0,0,0,0,0,0
2027-08-22,2027,8,22,domingo,33,0,0,0,Sem_Evento,0,0,0,0,0,0,0,0,0,0,0,0,0,0,0,0,0,0,0,0,0,0,0,0,0,0,0,0
2027-08-23,2027,8,23,segunda,34,0,0,0,Sem_Evento,0,0,0,0,0,0,0,0,0,0,0,0,0,0,0,0,0,0,0,0,0,0,0,0,0,0,0,0
2027-08-24,2027,8,24,terca,34,0,0,0,Sem_Evento,0,0,0,0,0,0,0,0,0,0,0,0,0,0,0,0,0,0,0,0,0,0,0,0,0,0,0,0
2027-08-25,2027,8,25,quarta,34,0,0,0,Sem_Evento,0,0,0,0,0,0,0,0,0,0,0,0,0,0,0,0,0,0,0,0,0,0,0,0,0,0,0,0
2027-08-26,2027,8,26,quinta,34,0,0,0,Sem_Evento,0,0,0,0,0,0,0,0,0,0,0,0,0,0,0,0,0,0,0,0,0,0,0,0,0,0,0,0
2027-08-27,2027,8,27,sexta,34,0,0,0,Sem_Evento,0,0,0,0,0,0,0,0,0,0,0,0,0,0,0,0,0,0,0,0,0,0,0,0,0,0,0,0
2027-08-28,2027,8,28,sabado,34,0,0,0,Sem_Evento,0,0,0,0,0,0,0,0,0,0,0,0,0,0,0,0,0,0,0,0,0,0,0,0,0,0,0,0
2027-08-29,2027,8,29,domingo,34,0,0,0,Sem_Evento,0,0,0,0,0,0,0,0,0,0,0,0,0,0,0,0,0,0,0,0,0,0,0,0,0,0,0,0
2027-08-30,2027,8,30,segunda,35,0,0,0,Sem_Evento,0,0,0,0,0,0,0,0,0,0,0,0,0,0,0,0,0,0,0,0,0,0,0,0,0,0,0,0
2027-08-31,2027,8,31,terca,35,0,0,0,Sem_Evento,0,0,0,0,0,0,0,0,0,0,0,0,0,0,0,0,0,0,0,0,0,0,0,0,0,0,0,0
2027-09-01,2027,9,1,quarta,35,0,0,0,Sem_Evento,0,0,0,0,0,0,0,0,0,0,0,0,0,0,0,0,0,0,0,0,0,0,0,0,0,0,0,0
2027-09-02,2027,9,2,quinta,35,0,0,0,Sem_Evento,0,0,0,0,0,0,0,0,0,0,0,0,0,0,0,0,0,0,0,0,0,0,0,0,0,0,0,0
2027-09-03,2027,9,3,sexta,35,0,0,0,Sem_Evento,0,0,0,0,0,0,0,0,0,0,0,0,0,0,0,0,0,0,0,0,0,0,0,0,0,0,0,0
2027-09-04,2027,9,4,sabado,35,0,0,0,Sem_Evento,0,0,0,0,0,0,0,0,0,0,0,0,0,0,0,0,0,0,0,0,0,0,0,0,0,0,0,0
2027-09-05,2027,9,5,domingo,35,0,0,0,Sem_Evento,0,0,0,0,0,0,0,0,0,0,0,0,0,0,0,0,0,0,0,0,0,0,0,0,0,0,0,0
2027-09-06,2027,9,6,segunda,36,0,0,0,Sem_Evento,0,0,0,0,0,0,0,0,0,0,0,0,0,0,0,0,0,0,0,0,0,0,0,0,0,0,0,0
2027-09-07,2027,9,7,terca,36,1,0,1,Independencia,0,0,0,0,0,0,0,0,0,0,0,0,0,0,0,0,1,0,0,0,0,0,0,0,0,0,0,0
2027-09-08,2027,9,8,quarta,36,0,0,0,Sem_Evento,0,0,0,0,0,0,0,0,0,0,0,0,0,0,0,0,0,0,0,0,0,0,0,0,0,0,0,0
2027-09-09,2027,9,9,quinta,36,0,1,3,Dia_do_Cliente,0,0,0,0,0,0,0,0,0,0,1,0,0,0,0,0,0,0,0,0,0,0,0,0,0,0,0,0
2027-09-10,2027,9,10,sexta,36,0,1,3,Dia_do_Cliente,0,0,0,0,0,0,0,0,0,0,1,0,0,0,0,0,0,0,0,0,0,0,0,0,0,0,0,0
2027-09-11,2027,9,11,sabado,36,0,1,3,Dia_do_Cliente,0,0,0,0,0,0,0,0,0,0,1,0,0,0,0,0,0,0,0,0,0,0,0,0,0,0,0,0
2027-09-12,2027,9,12,domingo,36,0,1,3,Dia_do_Cliente,0,0,0,0,0,0,0,0,0,0,1,0,0,0,0,0,0,0,0,0,0,0,0,0,0,0,0,0
2027-09-13,2027,9,13,segunda,37,0,1,3,Dia_do_Cliente,0,0,0,0,0,0,0,0,0,0,1,0,0,0,0,0,0,0,0,0,0,0,0,0,0,0,0,0
2027-09-14,2027,9,14,terca,37,0,1,3,Dia_do_Cliente,0,0,0,0,0,0,0,0,0,0,1,0,0,0,0,0,0,0,0,0,0,0,0,0,0,0,0,0
2027-09-15,2027,9,15,quarta,37,0,1,3,Dia_do_Cliente,0,0,0,0,0,0,0,0,0,0,1,0,0,0,0,0,0,0,0,0,0,0,0,0,0,0,0,0
2027-09-16,2027,9,16,quinta,37,0,1,3,Dia_do_Cliente,0,0,0,0,0,0,0,0,0,0,1,0,0,0,0,0,0,0,0,0,0,0,0,0,0,0,0,0
2027-09-17,2027,9,17,sexta,37,0,1,3,Dia_do_Cliente,0,0,0,0,0,0,0,0,0,0,1,0,0,0,0,0,0,0,0,0,0,0,0,0,0,0,0,0
2027-09-18,2027,9,18,sabado,37,0,1,3,Dia_do_Cliente,0,0,0,0,0,0,0,0,0,0,1,0,0,0,0,0,0,0,0,0,0,0,0,0,0,0,0,0
2027-09-19,2027,9,19,domingo,37,0,1,3,Dia_do_Cliente,0,0,0,0,0,0,0,0,0,0,1,0,0,0,0,0,0,0,0,0,0,0,0,0,0,0,0,0
2027-09-20,2027,9,20,segunda,38,0,1,3,Dia_do_Cliente,0,0,0,0,0,0,0,0,0,0,1,0,0,0,0,0,0,0,0,0,0,0,0,0,0,0,0,0
2027-09-21,2027,9,21,terca,38,0,1,3,Dia_do_Cliente,0,0,0,0,0,0,0,0,0,0,1,0,0,0,0,0,0,0,0,0,0,0,0,0,0,0,0,0
2027-09-22,2027,9,22,quarta,38,0,1,3,Dia_do_Cliente,0,0,0,0,0,0,0,0,0,0,1,0,0,0,0,0,0,0,0,0,0,0,0,0,0,0,0,0
2027-09-23,2027,9,23,quinta,38,0,0,0,Sem_Evento,0,0,0,0,0,0,0,0,0,0,0,0,0,0,0,0,0,0,0,0,0,0,0,0,0,0,0,0
2027-09-24,2027,9,24,sexta,38,0,0,0,Sem_Evento,0,0,0,0,0,0,0,0,0,0,0,0,0,0,0,0,0,0,0,0,0,0,0,0,0,0,0,0
2027-09-25,2027,9,25,sabado,38,0,0,0,Sem_Evento,0,0,0,0,0,0,0,0,0,0,0,0,0,0,0,0,0,0,0,0,0,0,0,0,0,0,0,0
2027-09-26,2027,9,26,domingo,38,0,0,0,Sem_Evento,0,0,0,0,0,0,0,0,0,0,0,0,0,0,0,0,0,0,0,0,0,0,0,0,0,0,0,0
2027-09-27,2027,9,27,segunda,39,0,0,0,Sem_Evento,0,0,0,0,0,0,0,0,0,0,0,0,0,0,0,0,0,0,0,0,0,0,0,0,0,0,0,0
2027-09-28,2027,9,28,terca,39,0,0,0,Sem_Evento,0,0,0,0,0,0,0,0,0,0,0,0,0,0,0,0,0,0,0,0,0,0,0,0,0,0,0,0
2027-09-29,2027,9,29,quarta,39,0,0,0,Sem_Evento,0,0,0,0,0,0,0,0,0,0,0,0,0,0,0,0,0,0,0,0,0,0,0,0,0,0,0,0
2027-09-30,2027,9,30,quinta,39,0,0,0,Sem_Evento,0,0,0,0,0,0,0,0,0,0,0,0,0,0,0,0,0,0,0,0,0,0,0,0,0,0,0,0
2027-10-01,2027,10,1,sexta,39,0,1,3,Dia_das_Criancas,0,0,0,0,0,0,0,0,1,0,0,0,0,0,0,0,0,0,0,0,0,0,0,0,0,0,0,0
2027-10-02,2027,10,2,sabado,39,0,1,3,Dia_das_Criancas,0,0,0,0,0,0,0,0,1,0,0,0,0,0,0,0,0,0,0,0,0,0,0,0,0,0,0,0
2027-10-03,2027,10,3,domingo,39,0,1,3,Dia_das_Criancas,0,0,0,0,0,0,0,0,1,0,0,0,0,0,0,0,0,0,0,0,0,0,0,0,0,0,0,0
2027-10-04,2027,10,4,segunda,40,0,1,3,Dia_das_Criancas,0,0,0,0,0,0,0,0,1,0,0,0,0,0,0,0,0,0,0,0,0,0,0,0,0,0,0,0
2027-10-05,2027,10,5,terca,40,0,1,3,Dia_das_Criancas,0,0,0,0,0,0,0,0,1,0,0,0,0,0,0,0,0,0,0,0,0,0,0,0,0,0,0,0
2027-10-06,2027,10,6,quarta,40,0,1,3,Dia_das_Criancas,0,0,0,0,0,0,0,0,1,0,0,0,0,0,0,0,0,0,0,0,0,0,0,0,0,0,0,0
2027-10-07,2027,10,7,quinta,40,0,1,3,Dia_das_Criancas,0,0,0,0,0,0,0,0,1,0,0,0,0,0,0,0,0,0,0,0,0,0,0,0,0,0,0,0
2027-10-08,2027,10,8,sexta,40,0,1,3,Dia_das_Criancas,0,0,0,0,0,0,0,0,1,0,0,0,0,0,0,0,0,0,0,0,0,0,0,0,0,0,0,0
2027-10-09,2027,10,9,sabado,40,0,1,3,Dia_das_Criancas,0,0,0,0,0,0,0,0,1,0,0,0,0,0,0,0,0,0,0,0,0,0,0,0,0,0,0,0
2027-10-10,2027,10,10,domingo,40,0,1,3,Dia_das_Criancas,0,0,0,0,0,0,0,0,1,0,0,0,0,0,0,0,0,0,0,0,0,0,0,0,0,0,0,0
2027-10-11,2027,10,11,segunda,41,0,1,3,Dia_das_Criancas,0,0,0,0,0,0,0,0,1,0,0,0,0,0,0,0,0,0,0,0,0,0,0,0,0,0,0,0
2027-10-12,2027,10,12,terca,41,1,1,3,Dia_das_Criancas,0,0,0,0,0,0,0,0,1,0,0,0,0,0,0,0,0,0,1,0,0,0,0,0,0,0,0,0
2027-10-13,2027,10,13,quarta,41,0,0,0,Sem_Evento,0,0,0,0,0,0,0,0,0,0,0,0,0,0,0,0,0,0,0,0,0,0,0,0,0,0,0,0
2027-10-14,2027,10,14,quinta,41,0,0,0,Sem_Evento,0,0,0,0,0,0,0,0,0,0,0,0,0,0,0,0,0,0,0,0,0,0,0,0,0,0,0,0
2027-10-15,2027,10,15,sexta,41,0,0,0,Sem_Evento,0,0,0,0,0,0,0,0,0,0,0,0,0,0,0,0,0,0,0,0,0,0,0,0,0,0,0,0
2027-10-16,2027,10,16,sabado,41,0,0,0,Sem_Evento,0,0,0,0,0,0,0,0,0,0,0,0,0,0,0,0,0,0,0,0,0,0,0,0,0,0,0,0
2027-10-17,2027,10,17,domingo,41,0,0,0,Sem_Evento,0,0,0,0,0,0,0,0,0,0,0,0,0,0,0,0,0,0,0,0,0,0,0,0,0,0,0,0
2027-10-18,2027,10,18,segunda,42,0,0,0,Sem_Evento,0,0,0,0,0,0,0,0,0,0,0,0,0,0,0,0,0,0,0,0,0,0,0,0,0,0,0,0
2027-10-19,2027,10,19,terca,42,0,0,0,Sem_Evento,0,0,0,0,0,0,0,0,0,0,0,0,0,0,0,0,0,0,0,0,0,0,0,0,0,0,0,0
2027-10-20,2027,10,20,quarta,42,0,0,0,Sem_Evento,0,0,0,0,0,0,0,0,0,0,0,0,0,0,0,0,0,0,0,0,0,0,0,0,0,0,0,0
2027-10-21,2027,10,21,quinta,42,0,0,0,Sem_Evento,0,0,0,0,0,0,0,0,0,0,0,0,0,0,0,0,0,0,0,0,0,0,0,0,0,0,0,0
2027-10-22,2027,10,22,sexta,42,0,0,0,Sem_Evento,0,0,0,0,0,0,0,0,0,0,0,0,0,0,0,0,0,0,0,0,0,0,0,0,0,0,0,0
2027-10-23,2027,10,23,sabado,42,0,0,0,Sem_Evento,0,0,0,0,0,0,0,0,0,0,0,0,0,0,0,0,0,0,0,0,0,0,0,0,0,0,0,0
2027-10-24,2027,10,24,domingo,42,0,0,0,Sem_Evento,0,0,0,0,0,0,0,0,0,0,0,0,0,0,0,0,0,0,0,0,0,0,0,0,0,0,0,0
2027-10-25,2027,10,25,segunda,43,0,0,0,Sem_Evento,0,0,0,0,0,0,0,0,0,0,0,0,0,0,0,0,0,0,0,0,0,0,0,0,0,0,0,0
2027-10-26,2027,10,26,terca,43,0,0,0,Sem_Evento,0,0,0,0,0,0,0,0,0,0,0,0,0,0,0,0,0,0,0,0,0,0,0,0,0,0,0,0
2027-10-27,2027,10,27,quarta,43,0,0,0,Sem_Evento,0,0,0,0,0,0,0,0,0,0,0,0,0,0,0,0,0,0,0,0,0,0,0,0,0,0,0,0
2027-10-28,2027,10,28,quinta,43,0,0,0,Sem_Evento,0,0,0,0,0,0,0,0,0,0,0,0,0,0,0,0,0,0,0,0,0,0,0,0,0,0,0,0
2027-10-29,2027,10,29,sexta,43,0,0,0,Sem_Evento,0,0,0,0,0,0,0,0,0,0,0,0,0,0,0,0,0,0,0,0,0,0,0,0,0,0,0,0
2027-10-30,2027,10,30,sabado,43,0,0,0,Sem_Evento,0,0,0,0,0,0,0,0,0,0,0,0,0,0,0,0,0,0,0,0,0,0,0,0,0,0,0,0
2027-10-31,2027,10,31,domingo,43,0,0,0,Sem_Evento,0,0,0,0,0,0,0,0,0,0,0,0,0,0,0,0,0,0,0,0,0,0,0,0,0,0,0,0
2027-11-01,2027,11,1,segunda,44,0,1,3,Black_November_Esquenta,0,1,0,0,0,0,0,0,0,0,0,0,0,0,0,0,0,0,0,0,0,0,0,0,0,0,0,0
2027-11-02,2027,11,2,terca,44,1,1,3,Black_November_Esquenta,0,1,0,0,0,0,0,0,0,0,0,0,0,0,0,1,0,0,0,0,0,0,0,0,0,0,0,0
2027-11-03,2027,11,3,quarta,44,0,1,3,Black_November_Esquenta,0,1,0,0,0,0,0,0,0,0,0,0,0,0,0,0,0,0,0,0,0,0,0,0,0,0,0,0
2027-11-04,2027,11,4,quinta,44,0,1,3,Black_November_Esquenta,0,1,0,0,0,0,0,0,0,0,0,0,0,0,0,0,0,0,0,0,0,0,0,0,0,0,0,0
2027-11-05,2027,11,5,sexta,44,0,1,3,Black_November_Esquenta,0,1,0,0,0,0,0,0,0,0,0,0,0,0,0,0,0,0,0,0,0,0,0,0,0,0,0,0
2027-11-06,2027,11,6,sabado,44,0,1,3,Black_November_Esquenta,0,1,0,0,0,0,0,0,0,0,0,0,0,0,0,0,0,0,0,0,0,0,0,0,0,0,0,0
2027-11-07,2027,11,7,domingo,44,0,1,3,Black_November_Esquenta,0,1,0,0,0,0,0,0,0,0,0,0,0,0,0,0,0,0,0,0,0,0,0,0,0,0,0,0
2027-11-08,2027,11,8,segunda,45,0,1,3,Black_November_Esquenta,0,1,0,0,0,0,0,0,0,0,0,0,0,0,0,0,0,0,0,0,0,0,0,0,0,0,0,0
2027-11-09,2027,11,9,terca,45,0,1,3,Black_November_Esquenta,0,1,0,0,0,0,0,0,0,0,0,0,0,0,0,0,0,0,0,0,0,0,0,0,0,0,0,0
2027-11-10,2027,11,10,quarta,45,0,1,3,Black_November_Esquenta,0,1,0,0,0,0,0,0,0,0,0,0,0,0,0,0,0,0,0,0,0,0,0,0,0,0,0,0
2027-11-11,2027,11,11,quinta,45,0,1,3,Black_November_Esquenta,0,1,0,0,0,0,0,0,0,0,0,0,0,0,0,0,0,0,0,0,0,0,0,0,0,0,0,0
2027-11-12,2027,11,12,sexta,45,0,1,3,Black_November_Esquenta,0,1,0,0,0,0,0,0,0,0,0,0,0,0,0,0,0,0,0,0,0,0,0,0,0,0,0,0
2027-11-13,2027,11,13,sabado,45,0,1,3,Black_November_Esquenta,0,1,0,0,0,0,0,0,0,0,0,0,0,0,0,0,0,0,0,0,0,0,0,0,0,0,0,0
2027-11-14,2027,11,14,domingo,45,0,1,3,Black_November_Esquenta,0,1,0,0,0,0,0,0,0,0,0,0,0,0,0,0,0,0,0,0,0,0,0,0,0,0,0,0
2027-11-15,2027,11,15,segunda,46,1,1,3,Black_November_Esquenta,0,1,0,0,0,0,0,0,0,0,0,0,0,0,0,0,0,0,0,0,0,0,0,1,0,0,0,0
2027-11-16,2027,11,16,terca,46,0,1,3,Black_November_Esquenta,0,1,0,0,0,0,0,0,0,0,0,0,0,0,0,0,0,0,0,0,0,0,0,0,0,0,0,0
2027-11-17,2027,11,17,quarta,46,0,1,3,Black_November_Esquenta,0,1,0,0,0,0,0,0,0,0,0,0,0,0,0,0,0,0,0,0,0,0,0,0,0,0,0,0
2027-11-18,2027,11,18,quinta,46,0,1,3,Black_November_Esquenta,0,1,0,0,0,0,0,0,0,0,0,0,0,0,0,0,0,0,0,0,0,0,0,0,0,0,0,0
2027-11-19,2027,11,19,sexta,46,0,1,3,Black_November_Esquenta,0,1,0,0,0,0,0,0,0,0,0,0,0,0,0,0,0,0,0,0,0,0,0,0,0,0,0,0
2027-11-20,2027,11,20,sabado,46,1,1,3,Black_November_Esquenta,0,1,0,0,1,0,0,0,0,0,0,0,0,0,0,0,0,0,0,0,0,0,0,0,0,0,0,0
2027-11-21,2027,11,21,domingo,46,0,1,3,Black_November_Esquenta,0,1,0,0,0,0,0,0,0,0,0,0,0,0,0,0,0,0,0,0,0,0,0,0,0,0,0,0
2027-11-22,2027,11,22,segunda,47,0,1,5,Black_Friday,1,0,0,0,0,0,0,0,0,0,0,0,0,0,0,0,0,0,0,0,0,0,0,0,0,0,0,0
2027-11-23,2027,11,23,terca,47,0,1,5,Black_Friday,1,0,0,0,0,0,0,0,0,0,0,0,0,0,0,0,0,0,0,0,0,0,0,0,0,0,0,0
2027-11-24,2027,11,24,quarta,47,0,1,5,Black_Friday,1,0,0,0,0,0,0,0,0,0,0,0,0,0,0,0,0,0,0,0,0,0,0,0,0,0,0,0
2027-11-25,2027,11,25,quinta,47,0,1,5,Black_Friday,1,0,0,0,0,0,0,0,0,0,0,0,0,0,0,0,0,0,0,0,0,0,0,0,0,0,0,0
2027-11-26,2027,11,26,sexta,47,0,1,5,Black_Friday,1,0,0,0,0,0,0,0,0,0,0,0,0,0,0,0,0,0,0,0,0,0,0,0,0,0,0,0
2027-11-27,2027,11,27,sabado,47,0,1,5,Black_Friday,1,0,0,0,0,0,0,0,0,0,0,0,0,0,0,0,0,0,0,0,0,0,0,0,0,0,0,0
2027-11-28,2027,11,28,domingo,47,0,1,5,Black_Friday,1,0,0,0,0,0,0,0,0,0,0,0,0,0,0,0,0,0,0,0,0,0,0,0,0,0,0,0
2027-11-29,2027,11,29,segunda,48,0,1,5,Black_Friday,1,0,0,0,0,0,0,1,0,0,0,0,0,0,0,0,0,0,0,0,0,0,0,0,0,0,0,0
2027-11-30,2027,11,30,terca,48,0,0,0,Sem_Evento,0,0,0,0,0,0,0,0,0,0,0,0,0,0,0,0,0,0,0,0,0,0,0,0,0,0,0,0
2027-12-01,2027,12,1,quarta,48,0,1,5,Natal,0,0,0,0,0,0,0,0,0,0,0,0,0,0,0,0,0,0,0,1,0,0,0,0,0,0,0,0
2027-12-02,2027,12,2,quinta,48,0,1,5,Natal,0,0,0,0,0,0,0,0,0,0,0,0,0,0,0,0,0,0,0,1,0,0,0,0,0,0,0,0
2027-12-03,2027,12,3,sexta,48,0,1,5,Natal,0,0,0,0,0,0,0,0,0,0,0,0,0,0,0,0,0,0,0,1,0,0,0,0,0,0,0,0
2027-12-04,2027,12,4,sabado,48,0,1,5,Natal,0,0,0,0,0,0,0,0,0,0,0,0,0,0,0,0,0,0,0,1,0,0,0,0,0,0,0,0
2027-12-05,2027,12,5,domingo,48,0,1,5,Natal,0,0,0,0,0,0,0,0,0,0,0,0,0,0,0,0,0,0,0,1,0,0,0,0,0,0,0,0
2027-12-06,2027,12,6,segunda,49,0,1,5,Natal,0,0,0,0,0,0,0,0,0,0,0,0,0,0,0,0,0,0,0,1,0,0,0,0,0,0,0,0
2027-12-07,2027,12,7,terca,49,0,1,5,Natal,0,0,0,0,0,0,0,0,0,0,0,0,0,0,0,0,0,0,0,1,0,0,0,0,0,0,0,0
2027-12-08,2027,12,8,quarta,49,0,1,5,Natal,0,0,0,0,0,0,0,0,0,0,0,0,0,0,0,0,0,0,0,1,0,0,0,0,0,0,0,0
2027-12-09,2027,12,9,quinta,49,0,1,5,Natal,0,0,0,0,0,0,0,0,0,0,0,0,0,0,0,0,0,0,0,1,0,0,0,0,0,0,0,0
2027-12-10,2027,12,10,sexta,49,0,1,5,Natal,0,0,0,0,0,0,0,0,0,0,0,0,0,0,0,0,0,0,0,1,0,0,0,0,0,0,0,0
2027-12-11,2027,12,11,sabado,49,0,1,5,Natal,0,0,0,0,0,0,0,0,0,0,0,0,0,0,0,0,0,0,0,1,0,0,0,0,0,0,0,0
2027-12-12,2027,12,12,domingo,49,0,1,5,Natal,0,0,0,0,0,0,0,0,0,0,0,0,0,0,0,0,0,0,0,1,0,0,0,0,0,0,0,0
2027-12-13,2027,12,13,segunda,50,0,1,5,Natal,0,0,0,0,0,0,0,0,0,0,0,0,0,0,0,0,0,0,0,1,0,0,0,0,0,0,0,0
2027-12-14,2027,12,14,terca,50,0,1,5,Natal,0,0,0,0,0,0,0,0,0,0,0,0,0,0,0,0,0,0,0,1,0,0,0,0,0,0,0,0
2027-12-15,2027,12,15,quarta,50,0,1,5,Natal,0,0,0,0,0,0,0,0,0,0,0,0,0,0,0,0,0,0,0,1,0,0,0,0,0,0,0,0
2027-12-16,2027,12,16,quinta,50,0,1,5,Natal,0,0,0,0,0,0,0,0,0,0,0,0,0,0,0,0,0,0,0,1,0,0,0,0,0,0,0,0
2027-12-17,2027,12,17,sexta,50,0,1,5,Natal,0,0,0,0,0,0,0,0,0,0,0,0,0,0,0,0,0,0,0,1,0,0,0,0,0,0,0,0
2027-12-18,2027,12,18,sabado,50,0,1,5,Natal,0,0,0,0,0,0,0,0,0,0,0,0,0,0,0,0,0,0,0,1,0,0,0,0,0,0,0,0
2027-12-19,2027,12,19,domingo,50,0,1,5,Natal,0,0,0,0,0,0,0,0,0,0,0,0,0,0,0,0,0,0,0,1,0,0,0,0,0,0,0,0
2027-12-20,2027,12,20,segunda,51,0,1,5,Natal,0,0,0,0,0,0,0,0,0,0,0,0,0,0,0,0,0,0,0,1,0,0,0,0,0,0,0,0
2027-12-21,2027,12,21,terca,51,0,1,5,Natal,0,0,0,0,0,0,0,0,0,0,0,0,0,0,0,0,0,0,0,1,0,0,0,0,0,0,0,0
2027-12-22,2027,12,22,quarta,51,0,1,5,Natal,0,0,0,0,0,0,0,0,0,0,0,0,0,0,0,0,0,0,0,1,0,0,0,0,0,0,0,0
2027-12-23,2027,12,23,quinta,51,0,1,5,Natal,0,0,0,0,0,0,0,0,0,0,0,0,0,0,0,0,0,0,0,1,0,0,0,0,0,0,0,0
2027-12-24,2027,12,24,sexta,51,0,1,5,Natal,0,0,0,0,0,0,0,0,0,0,0,0,0,0,0,0,0,0,0,1,0,0,0,0,0,0,0,0
2027-12-25,2027,12,25,sabado,51,1,0,1,Natal_Feriado,0,0,0,0,0,0,0,0,0,0,0,0,0,0,0,0,0,0,0,0,1,0,0,0,0,0,0,0
2027-12-26,2027,12,26,domingo,51,0,1,3,Pos_Natal_Saldao,0,0,0,0,0,0,0,0,0,0,0,0,0,0,0,0,0,0,0,0,0,0,1,0,0,0,0,0
2027-12-27,2027,12,27,segunda,52,0,1,3,Pos_Natal_Saldao,0,0,0,0,0,0,0,0,0,0,0,0,0,0,0,0,0,0,0,0,0,0,1,0,0,0,0,0
2027-12-28,2027,12,28,terca,52,0,1,3,Pos_Natal_Saldao,0,0,0,0,0,0,0,0,0,0,0,0,0,0,0,0,0,0,0,0,0,0,1,0,0,0,0,0
2027-12-29,2027,12,29,quarta,52,0,1,3,Pos_Natal_Saldao,0,0,0,0,0,0,0,0,0,0,0,0,0,0,0,0,0,0,0,0,0,0,1,0,0,0,0,0
2027-12-30,2027,12,30,quinta,52,0,1,3,Pos_Natal_Saldao,0,0,0,0,0,0,0,0,0,0,0,0,0,0,0,0,0,0,0,0,0,0,1,0,0,0,0,0
2027-12-31,2027,12,31,sexta,52,0,1,3,Pos_Natal_Saldao,0,0,0,0,0,0,0,0,0,0,0,0,0,0,0,0,0,0,0,0,0,0,1,0,0,0,0,0
